0,2.81968885554999,-0.418283567698003,1.1758207191874
1,2.76343852933991,-0.446299711464983,1.09218231574817
2,2.73036551367554,-0.250050314108756,1.24537735246689
3,2.7002027076146,-1.12057765781574,1.17608860831366
4,2.61052578403138,-0.806861807583065,1.28981923564384
5,2.59625136467829,0.10043184172468,1.57082771758907
6,2.71262432913075,-0.537604702546765,1.20247175232419
7,2.67558191665071,-0.412031029135453,1.39514320723709
8,2.64140907955142,-0.65722093532035,1.45812007249396
9,2.61021852523447,-0.839463355977423,1.44805284046506
10,2.58211832891714,-1.24793342432721,1.34254356032916
11,2.55721036887751,-1.69046366223521,1.37444045580953
12,2.53558872216525,-0.832404793070353,1.45751624084761
13,2.51733806954105,-0.597053882213025,1.6240375586148
14,2.50253216480066,-0.451355386648424,1.59984071716013
15,2.49123242722859,-0.386399462392187,1.61286348643528
16,2.48348671593,-0.575287139569149,1.64260503307145
17,2.71131759837835,-1.43503714943105,0.95946640148767
18,2.66755693074546,-1.0117440675034,1.17578450431415
19,2.62647526723025,-1.17756086235601,1.31828029334994
20,2.5882001798718,-0.808602929517945,1.48984019362925
21,2.55285790907305,-0.79908319799893,1.57590749064736
22,2.52057182557001,-0.911012381639931,1.57755835057085
23,2.49146074480615,-1.14093799058769,1.54746957100427
24,2.4656371284264,-0.854607011333994,1.53177112923837
25,2.44320521986012,-0.780949881848818,1.58293429318699
26,2.42425917235365,-0.572702652025962,1.56657374699803
27,2.40888123705633,-0.496656058892722,1.59438256885014
28,2.39714008452894,-0.460227370788925,1.61655897208928
29,2.38908933415662,-0.490772766388357,1.56869626957057
30,2.38476636159993,-0.625771106116355,1.57955178666677
31,2.94911585821441,-0.958338393794038,0.988499745377739
32,2.8904200833081,-0.878003153259291,1.06936944542087
33,2.83366682267377,-0.935243814374106,1.04807452686608
34,2.67627704477482,-0.937739090018316,1.06171031397115
35,2.6285319455484,-0.800820587881498,1.21533806396681
36,2.58336932091801,-1.19100275967159,1.2894589057214
37,2.54092687790587,-1.00355356912751,1.48945587226062
38,2.50134308733942,-0.913650183929381,1.64274839246697
39,2.46475568229573,-0.715836171321276,1.67243645635922
40,2.43129993981607,-0.804052728002997,1.70582476978727
41,2.40110676822216,-0.848013188884005,1.68017915744396
42,2.37430063778096,-0.879086294824541,1.6526291134884
43,2.35099740872763,-0.733770792210894,1.55322380890304
44,2.3313021263305,-0.608428512419438,1.57851743527818
45,2.31530686599732,-0.517119618106202,1.59827975378913
46,2.30308872046816,-0.51389638701821,1.55447476717095
47,2.29470802414451,-0.52671781039558,1.55295352631637
48,2.29020690526224,-0.700282001175697,1.59124449074017
49,2.2896082444079,-0.896727571866658,1.69635758377443
50,2.29291509828047,-0.987621363424968,1.68096035573976
51,2.87630264502471,-1.01243500041102,1.19454520414577
52,2.81608963255704,-1.10876389232821,1.22910613579808
53,2.75780714019789,-1.83735535231079,1.14488277955843
54,2.70158011496418,-1.81118664180027,1.15572062544816
55,2.5465688188959,-1.34199048259751,1.30027594886495
56,2.49992592067541,-1.15756898711384,1.44702483930522
57,2.45604192950139,-1.00833539971726,1.55188877163919
58,2.41506724568596,-1.02484394427329,1.72004234731091
59,2.37715231611555,-0.891703391331609,1.79581109288023
60,2.34244572145312,-0.833284021689602,1.81005867062992
61,2.31109200877133,-0.825647118298357,1.67119763041483
62,2.28322930937116,-0.813592030048148,1.61803442686661
63,2.25898680307089,-0.748760239207325,1.58243849394427
64,2.23848211179753,-0.62486400265949,1.58265841161109
65,2.22181872445498,-0.596339669162628,1.54085216801611
66,2.20908356902859,-0.558015262017343,1.53855447964566
67,2.20034485403484,-0.599561628824031,1.55383433180499
68,2.19565029763741,-0.719431473064388,1.58788735226024
69,2.19502584801752,-0.802387181220606,1.61808187105941
70,2.19847497336835,-0.830661074766324,1.62719772911875
71,2.20597856623791,-0.812186545338903,1.63021258745693
72,2.21749546831268,-0.927577993768045,1.5805023337131
73,2.86836129798631,-0.941471198167218,1.25928423920831
74,2.80478964585451,-0.887002558844144,1.33639885478406
75,2.74300726763744,-0.933433159262946,1.38853885221327
76,2.68313776654182,-1.58470871878818,1.30996483838767
77,2.62531201370169,-1.98824989403675,1.31754003498533
78,2.46551025166991,-1.89326788489378,1.36419938228353
79,2.41730379981114,-1.32846980314373,1.47381171895603
80,2.37189165249711,-1.43955607875286,1.63962221083492
81,2.3294372395284,-1.22161446699743,1.76427070409177
82,2.29010505997653,-1.00925376711803,1.83725933897965
83,2.25405856393986,-0.810362225537964,1.76279682399429
84,2.22145770266356,-0.838200194727473,1.72857698644334
85,2.1924561867659,-0.879621417055569,1.66263808521744
86,2.1671985207094,-0.800066419925667,1.55643539778532
87,2.14581691123779,-0.690695477232786,1.53205891656856
88,2.12842817498155,-0.656149069246056,1.52693191921838
89,2.11513079185867,-0.591867916225828,1.53195352991322
90,2.10600226220063,-0.62526140669184,1.54968438505806
91,2.1010969233312,-0.713999108259709,1.58366387581387
92,2.10044436374345,-0.7911679528607,1.61677767724992
93,2.10404854037248,-0.809643755275018,1.62698567240784
94,2.11188765951639,-0.760023228758271,1.63237051052764
95,2.12391482967275,-0.712035618739585,1.6230801224068
96,3.00473755262692,-0.425793190379131,1.03282566925888
97,2.93498035913989,-0.680176317641162,1.06878749536811
98,2.86664737071367,-1.22558516402336,1.20140051152707
99,2.79984286677207,-0.875707446042025,1.36462623875256
100,2.73467886603188,-0.98864750055113,1.45410880399357
101,2.67127542816919,-1.09464705643692,1.41680108063492
102,2.6097608735422,-1.83325212626338,1.42705701719392
103,2.55027188984138,-2.14101934294503,1.42340690168225
104,2.49295348899065,-1.42860303823506,1.30813909135863
105,2.43795877232129,-1.12171860268029,1.31687068180456
106,2.38544845761088,-1.36650738168638,1.38527619701674
107,2.33559011888004,-1.42730916064763,1.52622851046901
108,2.28855708996175,-1.3475085887008,1.64849629199167
109,2.24452698708,-1.04558162181373,1.65866035965424
110,2.20367981534496,-1.0920440833261,1.72273346471597
111,2.16619564040262,-0.926866553955401,1.74281749424937
112,2.13225183023769,-0.815919091152662,1.66999350518929
113,2.10201990326371,-0.841860447208639,1.61870859432869
114,2.07566205606638,-0.768087074990008,1.56079857067874
115,2.05332748468986,-0.676588906920541,1.52589934178108
116,2.03514865277306,-0.66365175784797,1.51789355538999
117,2.02123769247889,-0.648777196824716,1.5083626538578
118,2.01168314384321,-0.664382338705379,1.52077096792529
119,2.0065472394291,-0.722520015170185,1.55593323161625
120,2.00586392061135,-0.745282523542453,1.58309436672812
121,2.00963772931149,-0.740666996626744,1.60195585148983
122,2.01784365827641,-0.751777365173178,1.58510294329743
123,2.03042797127417,-0.818363710646387,1.40232069031287
124,2.04730993133206,-0.869965165892459,1.22278020014575
125,2.06838431014195,-0.960222620917469,1.11564964264312
126,2.09352450309616,-0.887608254678271,1.08820790586549
127,2.94244231788955,-0.310898629130807,0.957341313771946
128,2.73288110106446,-1.1573119327777,1.35910289515592
129,2.66608093167898,-1.26719952361553,1.45338964860515
130,2.60100585295023,-1.37427390138138,1.47141308601088
131,2.53778857492357,-1.85258429476266,1.45822810810806
132,2.47657136906167,-1.22755646384927,1.38170454048663
133,2.41750618038745,-1.2545219026898,1.36041263620176
134,2.36075454240359,-1.03052122619386,1.35131512405755
135,2.30648723774032,-0.94492171921081,1.39586935741365
136,2.25488364164339,-0.812610964781957,1.50099330084996
137,2.20613068242909,-1.04093182051071,1.50055658073264
138,2.16042135466007,-1.0801393259935,1.59146110420951
139,2.11795272905219,-0.939996850580522,1.59504155267734
140,2.07892342005187,-0.876351211705631,1.62278500104718
141,2.04353049928128,-0.798467652372621,1.61721600200998
142,2.01196588133537,-0.727433994578388,1.58787037698585
143,1.98441225679911,-0.688190959437119,1.43471814109797
144,1.96103870265827,-0.64372550480109,1.40600710959905
145,1.94199615674822,-0.676253053291132,1.37558617467734
146,1.92741299244304,-0.66175769172817,1.36132598488899
147,1.91739096304424,-0.659652606362582,1.36580090664866
148,1.91200179340956,-0.676721264045165,1.39378875760822
149,1.91128467318481,-0.729692045054404,1.42168547688948
150,1.91524485040767,-0.74249074126345,1.43880485482333
151,1.92385344119223,-0.76935685083403,1.4127417177431
152,1.93704847137943,-0.847946867404329,1.32683795779616
153,1.95473706387118,-0.833699020141474,1.24571014775449
154,1.97679859580642,-0.898420276512361,1.13470068647798
155,2.00308858491203,-0.951393059057357,1.12373018182462
156,2.03344303110258,-0.845713842190713,1.098732291321
157,2.95594567979553,-0.535751792505306,0.854324235285813
158,2.88190584842049,-0.960526367443329,1.06439402641496
159,2.66759322941266,-1.64589000229699,1.39488375668574
160,2.5991156302318,-1.51587130718325,1.4607213292696
161,2.53232027439942,-1.4325402569971,1.46887260070786
162,2.46734378959755,-1.46156501933178,1.45164727010643
163,2.40433364388326,-1.14526379203487,1.35748120984332
164,2.34344845415138,-1.08795465529581,1.39927056925762
165,2.28485809943028,-0.640343016393361,1.42563634124272
166,2.22874357047014,-0.558676819110083,1.47609873580854
167,2.17529647689779,-0.556163616398135,1.46789410995766
168,2.12471812554231,-0.616722802335392,1.54335774543431
169,2.0772180806849,-0.786054364620534,1.59006001443966
170,2.03301212184104,-0.800609286390645,1.59581561372576
171,1.99231953047024,-0.800295381034557,1.57484750711282
172,1.95535966679939,-0.701827342852333,1.47475650814352
173,1.92234784383852,-0.677342965495564,1.45798385471528
174,1.89349056770493,-0.7005915617501,1.41698305227342
175,1.86898028838632,-0.681576170779034,1.37282114652807
176,1.84898988582357,-0.655728711068246,1.35803724507999
177,1.83366719131123,-0.624396949406024,1.34454693407805
178,1.82312989943578,-0.606267633138901,1.3281494659628
179,1.81746124664444,-0.591260752095546,1.39244520657209
180,1.81670680821209,-0.660199976176703,1.40866282961152
181,1.82087269243791,-0.720146251502858,1.40350331021993
182,1.82992529580859,-0.822011132765313,1.35869042713159
183,1.84379264168354,-0.818191581342622,1.30398428451064
184,1.86236718021037,-0.819822448701721,1.20829327459151
185,1.88550980199924,-0.832332976553054,1.16697686361265
186,1.91305473106701,-0.76839118610595,1.18349266821273
187,1.94481492327487,-0.722835708124176,1.24448167005993
188,1.980587604384,-0.622066443110222,1.42128992336442
189,2.02015962799939,-0.514434665076213,1.54939379427366
190,3.05304412625933,-0.483442735386799,1.22000695554218
191,2.97540819248733,-0.605818705974337,0.985681306029833
192,2.89877989472588,-0.692142385156046,1.07418705449138
193,2.82324128181163,-1.009389841618,1.16018994273278
194,2.60410515413134,-1.61522178931591,1.3848916397806
195,2.33369455740765,-1.18772049090692,1.3837230113028
196,2.27091626297176,-0.777822015204613,1.43277185222396
197,2.21040416003438,-0.625446470486813,1.39260560447555
198,2.15234939521377,-0.554481631738398,1.52203820145942
199,2.09695607454449,-0.559184977113043,1.53334914023223
200,2.04444054185323,-0.648065613358831,1.63815896568299
201,1.99503006766549,-0.707010793798015,1.62990427312574
202,1.94896082662473,-0.723680206380706,1.59450272060189
203,1.90647505298608,-0.731636912240198,1.49265210288578
204,1.86781729371771,-0.674918294618148,1.45242776628081
205,1.8332297316146,-0.645894235719309,1.46248170660496
206,1.80294662875879,-0.650942588185148,1.45558015672515
207,1.77718804141311,-0.61925839869827,1.38551112038827
208,1.75615307249766,-0.666912598015217,1.40681058975962
209,1.74001304151904,-0.595771180434406,1.40901898028991
210,1.72890504261566,-0.543902101714968,1.40808511360963
211,1.72292640563069,-0.500864551352924,1.40984159832743
212,1.72213055346257,-0.539422701517218,1.47777252313934
213,1.72652465323586,-0.619638524692704,1.44716098985527
214,1.73606929712074,-0.708852783538525,1.3877028136537
215,1.75068024541648,-0.735655894161374,1.29390187296834
216,1.77023205543507,-0.680138254324073,1.25724352399504
217,1.7945632420175,-0.651539696291918,1.24319490231098
218,1.82348249792067,-0.657151815346317,1.1939781615733
219,1.85677545814182,-0.592657398172623,1.33525880182414
220,1.89421151796854,-0.568581899536505,1.46740184753952
221,1.93555029352475,-0.559008294763561,1.53622115604325
222,1.9805474227685,-0.605662081199605,1.53593644000654
223,2.02895952153272,-0.678476212754195,1.52659080493273
224,3.08061746412012,-0.735823923760458,1.36750433059962
225,3.00071390575041,-0.717138439141615,1.45096711286826
226,2.92168776894417,-0.784730345656049,1.16454656576559
227,2.84361220727163,-0.743692719432169,1.17181475973231
228,2.76656770070834,-1.11320096723893,1.2866896995146
229,2.69064282114389,-1.90686030581948,1.32110408353699
230,2.61593505853182,-1.4495365137612,1.31067346614421
231,2.54255170272911,-1.45802288432393,1.33337866600338
232,2.33158763496206,-1.16122943680521,1.33694803391011
233,2.26480369890005,-0.88832303168372,1.25408766373914
234,2.20006049478347,-0.691705000422752,1.37172756478739
235,2.13754346341181,-0.624311309156663,1.49798743333084
236,2.07745359186538,-0.583770161183613,1.5521791947448
237,2.0200074964827,-0.566624506538176,1.69695679412677
238,1.96543700902634,-0.629244907103424,1.72390362265464
239,1.91398810815706,-0.659445138314392,1.76528678917927
240,1.86591902584089,-0.626867776250342,1.65930678489904
241,1.82149736067213,-0.614728319551157,1.56770320075831
242,1.78099605557907,-0.553784483884391,1.49419597485981
243,1.74468815441414,-0.512876109368156,1.479357862195
244,1.71284034674278,-0.576911169514569,1.47678741300446
245,1.68570544337349,-0.626235146615617,1.48952313025793
246,1.66351408810393,-0.607295422518342,1.44804894167811
247,1.64646618305194,-0.57421184682159,1.43703317755113
248,1.6347226534367,-0.538713378910489,1.46713510539855
249,1.62839826409167,-0.555639258454814,1.474336357925
250,1.6275561896434,-0.595907143078483,1.49721995010514
251,1.63220491529357,-0.630039564327754,1.44266195088266
252,1.64229781455209,-0.719103583240964,1.45768156963616
253,1.65773545204558,-0.746782424015981,1.33488497109327
254,1.67837035167067,-0.773496863209965,1.28610811572443
255,1.70401371381736,-0.704493605024309,1.28348027755697
256,1.7344434056781,-0.682455269699497,1.31777753752551
257,1.76941250397838,-0.655973214405884,1.40087775788432
258,1.80865772938994,-0.571173455556406,1.48565822279075
259,1.85190724552852,-0.562873699358199,1.52355427066038
260,1.89888746404631,-0.571974273858061,1.53026380736418
261,1.9493286657964,-0.620103976954329,1.52616978821912
262,2.00296939182581,-0.749196478740626,1.52545533876677
263,3.03171650367103,-0.882677783955808,1.70000622342019
264,2.95048893279627,-0.861502116756899,1.49262276040866
265,2.87008021100237,-0.893555696225718,1.38627210994456
266,2.79056112345414,-0.787429632819661,1.30104505613009
267,2.71200992641842,-0.742847853779193,1.31692756687306
268,2.63451319779624,-1.06787326826201,1.31830360829301
269,2.55816677111663,-1.00235421274464,1.27704846282997
270,2.48307675262769,-0.912693352438468,1.28607702902553
271,2.40936061666722,-0.849428811680104,1.37444634693811
272,2.33714836798312,-0.901903520690034,1.41769496180312
273,2.26658375047061,-0.959146914689149,1.32414354789914
274,2.19782546917192,-0.862189036675263,1.32630253843655
275,2.13104837558801,-0.755367310493914,1.43017171564908
276,2.06644454471055,-0.630335345704391,1.5483734465198
277,2.00422414533499,-0.530054214823146,1.70756644455682
278,1.94461597345999,-0.570553127907092,1.80228246032855
279,1.88786748338961,-0.600796741969855,1.82768931772271
280,1.83424411585701,-0.602458554999084,1.80854985062443
281,1.78402769299819,-0.588697018910775,1.75162865580643
282,1.73751363543569,-0.506779468779789,1.61732099309753
283,1.69500676941941,-0.446733512087942,1.52414198402949
284,1.65681554632446,-0.462808247053048,1.4304008557226
285,1.62324460628069,-0.482167827077956,1.43571871443274
286,1.59458578954173,-0.570531169965479,1.45117920026052
287,1.57110792745427,-0.588535440807445,1.4907588171313
288,1.55304600393003,-0.613958713656195,1.46123493378311
289,1.54059052056299,-0.599670481708279,1.49888831165257
290,1.53387806063135,-0.586634663864271,1.51030381582172
291,1.53298406672606,-0.577200236118732,1.47492663267074
292,1.53791868572363,-0.604329099828024,1.42599491615587
293,1.54862620088644,-0.605290573581454,1.40628476894421
294,1.56498812371155,-0.579777618234958,1.28492673758791
295,1.58682955472746,-0.600878679851119,1.20199118608136
296,1.61392804525699,-0.613634333103648,1.20387790741658
297,1.64602397488301,-0.618004379915484,1.25251336988001
298,1.68283142578942,-0.627139238951944,1.44150569555889
299,1.72404865954281,-0.513357245484654,1.49272226672444
300,1.7693675266689,-0.539089517760477,1.51536607629305
301,1.81848139927293,-0.61039335687726,1.51168371751482
302,1.87109145839667,-0.620999121971465,1.49914518453362
303,1.92691135836096,-0.691923123542105,1.48193198261394
304,3.06824330119419,-0.885358713833282,1.77294656984694
305,2.98501280535492,-0.818908207983267,1.65817910715384
306,2.90247849812102,-0.920983174102024,1.66454887747838
307,2.8207014920209,-0.912801157628453,1.53197606973716
308,2.73974960046264,-0.833064992431926,1.42881022208683
309,2.65969816529876,-0.736153652296558,1.29814398730739
310,2.58063098463615,-0.757901631657208,1.24298024093757
311,2.50264134832517,-0.899393626714523,1.28155433709701
312,2.4258331865447,-0.79643868399225,1.35377065543886
313,2.35032233335102,-0.85894240133134,1.45492398948747
314,2.27623790133362,-0.805921444760309,1.4198248400264
315,2.20372375478392,-0.818409485770369,1.4700007506033
316,2.13294005598899,-0.883858830888491,1.35594807163983
317,2.06406484118059,-0.672310556892106,1.49262694335454
318,1.9972955579647,-0.552780280293684,1.66904475937491
319,1.93285046349823,-0.572697277739974,1.77475698649617
320,1.8709697415344,-0.582685137074548,1.83378132106492
321,1.81191614716062,-0.58814258664317,1.84935680086377
322,1.75597493320879,-0.600205991770729,1.87231855300035
323,1.7034527580435,-0.561943938231637,1.82676394183733
324,1.65467523182844,-0.495431366896543,1.73615879838713
325,1.6099827445905,-0.447909637803323,1.60242090013181
326,1.56972425732801,-0.485289741453913,1.39610661837468
327,1.53424885247502,-0.553452515328594,1.38274822720447
328,1.503895052758,-0.590783544510978,1.40491744613903
329,1.47897823148659,-0.652489178938034,1.45634060954986
330,1.45977682534851,-0.621712262193366,1.52184094480699
331,1.44651845530919,-0.603436424055596,1.57038922306438
332,1.43936735908097,-0.54705937202306,1.56926335498993
333,1.43841462671148,-0.55040505055552,1.51243933030364
334,1.44367252983475,-0.562138699334283,1.43814321786782
335,1.45507374368914,-0.561741294534314,1.33022398385921
336,1.47247557428289,-0.550765635750286,1.21938004875902
337,1.49566858804285,-0.618550323925871,1.15916669402332
338,1.52438847567429,-0.613231005742395,1.16155929371819
339,1.55832968764354,-0.602355929410477,1.20765403478435
340,1.59715938375793,-0.559098858138323,1.33958376155024
341,1.64053048431686,-0.563821669038904,1.37857177504135
342,1.68809298734755,-0.568326845304506,1.3921111299249
343,1.73950311554857,-0.595384374134066,1.38288160065132
344,1.79443019791424,-0.675853811613703,1.47594142124577
345,1.85256143554863,-0.662417339559846,1.35134255266416
346,1.9136048444989,-0.627774152949213,1.322479333544
347,3.02506345981976,-0.805148299620268,1.87781166743231
348,2.94061106383462,-0.830636934787397,1.73665077476824
349,2.85679425452176,-0.897188456989203,1.68071405032773
350,2.77367065234909,-0.94083249931826,1.60329652630914
351,2.69130448924846,-0.917519816818878,1.46635773555214
352,2.6097674821921,-0.853579943234585,1.33190372898391
353,2.52913982600366,-1.15002337750996,1.29302598142428
354,2.44951131839812,-0.915291696504832,1.34467908259267
355,2.37098262953471,-0.816512650015509,1.42540948542473
356,2.29366672628399,-0.881535360698289,1.43499208971854
357,2.21769045722828,-0.824670444209305,1.51893251681408
358,2.14319629712554,-0.822899074638831,1.4355124904095
359,2.07034423781554,-0.723573738726456,1.42624161321582
360,1.99931379458342,-0.66548129381034,1.52981169180866
361,1.93030607067357,-0.548102419008991,1.63950848178118
362,1.86354578555479,-0.571692067986972,1.77573895410544
363,1.79928312234373,-0.59223282196962,1.83859875258124
364,1.73779518498443,-0.608758190390915,1.90631253685363
365,1.67938677697287,-0.60037076108852,1.83217785500546
366,1.62439012540082,-0.565092198421498,1.78767047167589
367,1.57316308863392,-0.516154646802163,1.69321453572146
368,1.52608532477475,-0.465935766536476,1.55323548331376
369,1.48355189483134,-0.483670943682525,1.43018165236124
370,1.44596387297007,-0.529467037408761,1.39062920898372
371,1.41371578130956,-0.626216029340668,1.34271048291246
372,1.38718008557826,-0.713056271746888,1.36815662896634
373,1.36668956257018,-0.698580110077776,1.42930890181104
374,1.35251899142444,-0.620295287926742,1.50373817455759
375,1.34486816268415,-0.569260804544389,1.49899757455385
376,1.34384843600431,-0.497357111879968,1.43282703451344
377,1.3494748437867,-0.478127254335487,1.32664635958845
378,1.36166500292371,-0.48887512436551,1.20906414755604
379,1.38024501356586,-0.536984763747851,1.12937786339032
380,1.40496138945944,-0.60762575796756,1.08850911866829
381,1.43549719797089,-0.559853450912635,1.19086184042025
382,1.47149019568766,-0.528463143137896,1.23272435241616
383,1.51255085129053,-0.525281461619981,1.28009405808213
384,1.55827861776597,-0.499825459017389,1.29907102842811
385,1.60827544734902,-0.503134834324458,1.39602755562766
386,1.66215615079236,-0.571458439641899,1.37889457120677
387,1.7195556739461,-0.686504850739598,1.35261359591682
388,1.78013366158154,-0.65449328967651,1.34336630821339
389,1.84357681735895,-0.508438460249301,1.33959433659586
390,3.07042462958544,-0.810356444984751,1.73476133613765
391,2.98425810004138,-0.726667587457665,1.66066409430537
392,2.89861706689111,-0.784761106974964,1.72728517189964
393,2.81354951696151,-0.889228430967498,1.66425132193601
394,2.72910907796454,-1.01319685297845,1.57041212560565
395,2.6453558032096,-1.08011074842271,1.44182147259494
396,2.56235707559136,-1.41117372177921,1.34011154780885
397,2.48018864830957,-1.20533824304153,1.33089425294705
398,2.39893584130263,-1.0028629579949,1.36197291723775
399,2.31869491336855,-0.790105482619355,1.53289535453922
400,2.23957462992152,-0.677025586175572,1.49369387757573
401,2.16169804454906,-0.898107089982233,1.44761461433323
402,2.08520450789329,-0.839710868550349,1.46984122353223
403,2.01025190828957,-0.84264361397902,1.48863062746212
404,1.93701913282688,-0.700856274974499,1.46473868500497
405,1.86570871204619,-0.656858267916487,1.57649665569991
406,1.79654957253755,-0.605471125550482,1.69084522342837
407,1.72979976473487,-0.592858965566201,1.81023450092245
408,1.66574895367847,-0.611560974311857,1.77629543730761
409,1.60472035520123,-0.593761274451369,1.79259370025269
410,1.54707166971202,-0.560434298944531,1.7478446215167
411,1.49319441974782,-0.508583914350408,1.65355994217633
412,1.44351095950765,-0.46976979551894,1.52318972491774
413,1.39846833942835,-0.496582190669395,1.32361206091446
414,1.35852824544079,-0.574632596750502,1.26807787196514
415,1.32415247688834,-0.699685724535525,1.29176911823001
416,1.29578395635644,-0.746470910178769,1.3297440517868
417,1.27382409781104,-0.745340165729254,1.38660290617023
418,1.25860839576479,-0.668932764204157,1.42327288473555
419,1.25038307999079,-0.568512750320643,1.43726413106985
420,1.2492862324852,-0.495573629559381,1.32690382240424
421,1.25533653883689,-0.414608602569044,1.23148864484618
422,1.26843172930712,-0.43779381010354,1.13538128034021
423,1.28835700378399,-0.532165595955266,1.09643148494878
424,1.31480187769779,-0.60770124863436,1.097238336357
425,1.34738252812931,-0.622977478148705,1.11662204968792
426,1.38566621800878,-0.512323794798544,1.18572918024202
427,1.42919472062611,-0.456078949150233,1.32977907147834
428,1.47750455915116,-0.506593282588793,1.37939336737091
429,1.5301429300139,-0.542513211822708,1.38394983573564
430,1.58667909211117,-0.627565563914078,1.36187742087404
431,1.64671162852701,-0.650376464259472,1.40865760322559
432,1.709872312432,-0.644330520780814,1.33242407163248
433,1.77582739961663,-0.499814090369369,1.33810610418861
434,3.03318155882612,-0.695367250005374,1.68161735524857
435,2.94592589358601,-0.693456487467482,1.58433316021719
436,2.85913690880839,-0.753224142004665,1.63118843950429
437,2.77285842538568,-0.847005047762277,1.61479666168636
438,2.68713961718896,-0.953541881097221,1.52340057900817
439,2.60203579691224,-1.42008477953202,1.4093151000813
440,2.43393070855389,-1.20529763916587,1.35663771527306
441,2.35107978034016,-0.929522963594695,1.47984814760739
442,2.26914721076424,-0.725259634334331,1.41962445800156
443,2.18823615860494,-0.806312893204985,1.39261976742521
444,2.10846422749954,-0.872187663101491,1.46481511046318
445,2.02996571463078,-0.939345252188272,1.4328468313129
446,1.95289418495213,-0.942624291759209,1.4323324715484
447,1.8774253870062,-0.827520666859971,1.38622363164759
448,1.80376050545604,-0.713086270012525,1.44824761033046
449,1.73212970917967,-0.642058168202632,1.58952260920496
450,1.66279589514612,-0.627536752508434,1.60968147151963
451,1.59605843862902,-0.588484181994038,1.68469699883174
452,1.53225663034465,-0.560307836141541,1.68572715489782
453,1.4717723037425,-0.528632321445015,1.6286734847967
454,1.41503093181881,-0.478409232643686,1.53269423511447
455,1.36250022130519,-0.493221181138672,1.34528044662012
456,1.31468500380185,-0.559189500810877,1.22925849471945
457,1.27211711587354,-0.636680435233169,1.2193984299427
458,1.2353391214106,-0.704363555115853,1.23234085185068
459,1.20488133207745,-0.713779521578491,1.21038556305096
460,1.18123274379019,-0.658020873369225,1.21935262312897
461,1.16480816305845,-0.528058396786509,1.23898152106214
462,1.15591557198839,-0.445240975494799,1.22844476283143
463,1.15472899570204,-0.43395637118096,1.1954839170749
464,1.16127205622841,-0.446007591156295,1.09896233960721
465,1.1754156774312,-0.47379150527602,1.07938817435881
466,1.196890442788,-0.530396587290406,1.06519126132647
467,1.22531095662922,-0.565864730619631,1.08225681281249
468,1.26020737973799,-0.48002374363541,1.12627432549138
469,1.30105873448078,-0.4278776806817,1.18420396027761
470,1.34732346238886,-0.434700095540694,1.28630895253632
471,1.39846440253245,-0.440195663660624,1.46238813830816
472,1.45396710729971,-0.561638774068026,1.48625233444011
473,1.51335174502846,-0.64258471948015,1.48369285326983
474,1.57617960599801,-0.689031887197528,1.44110297019494
475,1.64205550687531,-0.816126138947018,1.44226829667841
476,3.08713059525628,-0.570784643470191,1.59086243806848
477,2.99846107574418,-0.619320077304941,1.62233922755169
478,2.91016456999439,-0.676990402865004,1.49217683868255
479,2.82227608806447,-0.732666271193947,1.51163555726408
480,2.73483496781478,-0.763001149733269,1.46125390172333
481,2.64788552928871,-0.988586094216473,1.36431302501535
482,2.5614778434261,-1.18650299838619,1.35008763858367
483,2.47566863687797,-1.29868286946152,1.32256331049897
484,2.39052235881444,-0.907922987315969,1.42607073116478
485,2.30611244033643,-0.782544985341247,1.45274185760842
486,2.22252278235101,-0.76241356897434,1.41459008453049
487,2.13984951334813,-0.805562043565723,1.48931690128998
488,2.05820306398454,-0.872986310717778,1.4708696404963
489,1.97771060990393,-0.891995706082408,1.42174430069424
490,1.89851893632114,-0.894159516797502,1.39871026675624
491,1.82079777507704,-0.773791299473609,1.30598974047116
492,1.74474365308866,-0.737449492219966,1.34197811870175
493,1.67058426407439,-0.628474048099599,1.46453468483663
494,1.59858332371663,-0.619784673353205,1.4862628712478
495,1.52904577873555,-0.589938484610545,1.54213713966535
496,1.46232309534701,-0.542478638241021,1.53425446802444
497,1.3988181325725,-0.472934167217684,1.40605759264427
498,1.33898879455884,-0.455498603148491,1.3186598392519
499,1.28334925371342,-0.504817654057351,1.20037478824951
500,1.23246708401141,-0.554781895864976,1.17754428981288
501,1.1869542579428,-0.629284662606432,1.16913616439916
502,1.14744986767946,-0.610370254361872,1.11332540774173
503,1.11459296531911,-0.56643418024208,1.12958411537244
504,1.08898542182722,-0.57849393399801,1.088221803382
505,1.07114728710748,-0.432623724459641,1.1613453242852
506,1.06147033096331,-0.290149336718905,1.08526454258393
507,1.06017805460458,-0.297668848842643,1.14172654166132
508,1.06730091470357,-0.384350486540249,1.00108187190517
509,1.08267283548686,-0.427295178039866,1.08211873679145
510,1.10594990211463,-0.556113808505335,1.00510302667967
511,1.13664655649226,-0.493951354167695,1.13561227677029
512,1.17418103114308,-0.424601784534164,1.20128967574784
513,1.21792129652078,-0.419794407146577,1.28398648671486
514,1.26722490752575,-0.425831318470618,1.44835644304182
515,1.32146931069191,-0.456635489596864,1.49798543024304
516,1.38007202821433,-0.507692107782182,1.50534365306949
517,1.44250197855352,-0.574642550497768,1.62667027935526
518,1.50828399325663,-0.585050635889558,1.61271707403821
519,1.57699864984395,-0.528055951534351,1.60841024676561
520,1.64827921482292,-0.68004246918342,1.7014246196584
521,3.05595308491961,-0.687846509358983,1.42208758905553
522,2.9663517606338,-0.638357496485739,1.56653619894541
523,2.87706999732591,-0.614884900293752,1.41431809339481
524,2.78813849410727,-0.569146918232376,1.64378223930623
525,2.6995918666059,-0.668229188665923,1.38194443618558
526,2.61146926485433,-0.779420126712242,1.34543809457917
527,2.52381510563375,-0.96994823846298,1.34150376875682
528,2.43667994301334,-0.939519678332903,1.39046477281455
529,2.35012150601922,-0.727883369625558,1.5591054912371
530,2.26420593863206,-0.681760819991383,1.61361019212276
531,2.17900928477405,-0.739705481580216,1.5838959257447
532,2.09461926966179,-0.759915895016999,1.61870416679409
533,2.01113743877876,-0.824454601515525,1.56506080086761
534,1.9286817263584,-0.809741912078446,1.47941547053192
535,1.84738953570497,-0.75703051576261,1.41937640858267
536,1.76742142195566,-0.659277073858414,1.29755789494326
537,1.68896547035616,-0.636517266416228,1.27435086776457
538,1.61224245336588,-0.665061767639924,1.25155659428513
539,1.53751181716668,-0.636423352855147,1.34068900284046
540,1.4650784752126,-0.610488963747326,1.40364992218935
541,1.39530024734733,-0.490166421262051,1.39301571306875
542,1.32859554156857,-0.457339326907262,1.27708746569722
543,1.26545048777753,-0.433668572345115,1.17619997504306
544,1.20642415926947,-0.460909581365919,1.16429144886619
545,1.15214975512468,-0.496077758106853,1.1724465151274
546,1.10332876129955,-0.48983017395118,1.08988799975505
547,1.06071444974596,-0.478644773837339,1.11276098079015
548,1.02508117893224,-0.394563715040119,1.12672527304138
549,0.997177614076083,-0.442287620347663,1.03118172489028
550,0.977665820073493,-0.339269699941538,1.08086588569557
551,0.967053880907172,-0.239263985397163,1.01573415064427
552,0.965635258535754,-0.0176464242627274,1.0825913403749
553,0.973450146432442,-0.188192997058731,1.02984108543945
554,0.99027996736449,-0.355816576563667,1.06297611219157
555,1.01567668627848,-0.327389958976508,1.06818355342276
556,1.0490182741249,-0.379457597145254,1.12550205955432
557,1.08957562333162,-0.382278808907328,1.23430980206907
558,1.13657653925335,-0.461535562781911,1.38876176033983
559,1.18925729399314,-0.467056568663564,1.54037039109918
560,1.24689818516301,-0.477920558036991,1.57595340397922
561,1.30884405034438,-0.471354899699933,1.62681356106476
562,1.37451296945248,-0.491331293799357,1.60335182416933
563,1.44339687867766,-0.433732153636697,1.57807966688189
564,1.51505732124956,-0.395704021773485,1.58043230232549
565,1.58911872277673,-0.329837632014511,1.5486587665417
566,3.02741121973941,-0.90357185151325,1.40130811264703
567,2.93693925779707,-0.752846457987448,1.27907289691803
568,2.8467351836248,-0.587246877668905,1.5802252578838
569,2.75682529343032,-0.598879598860631,1.57860609464046
570,2.66723933729598,-0.504059501954413,1.53417716849597
571,2.57801108559549,-0.60235529124981,1.49386033615454
572,2.4891790059374,-0.853507271905735,1.34194594159192
573,2.4007870752855,-0.696255562299491,1.49869257738381
574,2.31288575792849,-0.594862600683445,1.73385114165184
575,2.2255331875106,-0.664483533959062,1.64275644908853
576,2.13879660073274,-0.699609457347885,1.72334201119754
577,2.0527540819623,-0.750221346925124,1.6805125184143
578,1.96749669220357,-0.736152895688376,1.58925092006332
579,1.88313107291108,-0.732103242419064,1.52833149609108
580,1.79978263487751,-0.692865457358375,1.34391689103879
581,1.71759946406668,-0.606981207821995,1.2467012848391
582,1.63675709750403,-0.498014922974015,1.18665155816073
583,1.5574643381502,-0.559614755801078,1.14661018395257
584,1.47997027811425,-0.585136297515836,1.20130959809328
585,1.40457266622474,-0.540498987410543,1.251435105192
586,1.33162765682525,-0.47933973671611,1.20730465107117
587,1.26156075923845,-0.388383307195264,1.1643101533365
588,1.19487839263701,-0.355029095359528,1.18900615337775
589,1.13217873511361,-0.412215897584565,1.20453489925817
590,1.07415943621432,-0.311157340947194,1.14738555719211
591,1.02161822207966,-0.291684101642868,1.16547818303988
592,0.975440710691471,-0.347392080557742,1.08094392140032
593,0.936568662499182,-0.300162836419359,1.07755918480349
594,0.905942950846725,-0.298027190515572,1.02448498864593
595,0.884420653260866,-0.242656699273368,1.08103411974972
596,0.872675566721119,-0.21064298206908,1.02792621500253
597,0.871103259494427,-0.065380740288932,1.08885560531798
598,0.879758275757463,-0.118435596216846,1.05699694232744
599,0.898345061731747,-0.136500530407617,1.11940556350157
600,0.926265926839604,-0.283542105969019,1.11328619772751
601,0.962709081510289,-0.307876724598,1.19956076290346
602,1.00674945996155,-0.375842867364364,1.29523901366555
603,1.05743825623793,-0.429389849073091,1.46403202182446
604,1.11386819125527,-0.454944453212662,1.56889916188657
605,1.17521254262249,-0.469811011162122,1.60486232024168
606,1.24074259389137,-0.46875712161352,1.63247305289017
607,1.30983027120596,-0.465918154355705,1.59211841133934
608,1.38194210643964,-0.399952443002952,1.61656181740687
609,1.45662902718788,-0.344849898664116,1.59522720502884
610,1.53351483568107,-0.264992973354927,1.56716459877657
611,1.6122849843541,-0.201284321148499,1.67453892695081
612,3.09305441290922,-1.09251648931323,1.43947910901278
613,3.00158018728313,-1.79756661559487,1.74728443922402
614,2.91030533299793,-1.17216722751389,1.27896099884657
615,2.81924921441398,-0.755027290744013,1.54604309941686
616,2.72843373124283,-0.512095882651796,1.52046177160264
617,2.63788373695765,-0.48177224982444,1.47538180883872
618,2.54762754042654,-0.510373910774093,1.48189473886118
619,2.45769751004594,-0.632382899479175,1.39941218535047
620,2.3681308046948,-0.639710158079493,1.55765332462561
621,2.27897026231475,-0.522236838219939,1.69621593992993
622,2.19026548527745,-0.635767298191367,1.74870955966804
623,2.10207417247643,-0.651907422847774,1.82569128896407
624,2.01446376197226,-0.678394722908942,1.77562455613354
625,1.92751346587217,-0.671245709922014,1.66136857868595
626,1.84131680192459,-0.658980580580625,1.56503392606163
627,1.75598475508564,-0.650693936920574,1.3420833047004
628,1.67164973790824,-0.501315668692334,1.20790061055435
629,1.58847056111102,-0.49636459446202,1.05995602295611
630,1.50663867330431,-0.478010121900326,1.06324808196062
631,1.42638597559992,-0.494014394202648,1.09277452101228
632,1.34799454820567,-0.450857614919844,1.08135243398463
633,1.27180861127312,-0.371498699130619,1.11926779031303
634,1.19824892094123,-0.256094992090936,1.20466370722288
635,1.12782946427079,-0.128900200604718,1.18782244640097
636,1.06117558185722,-0.157018578848447,1.24836815103226
637,0.999041251247817,-0.284650334295117,1.18719233383393
638,0.942320921433746,-0.239640342284913,1.20987498289743
639,0.892047928847338,-0.276260912049064,1.14914985303827
640,0.849367874870512,-0.285034269156357,1.1332908256778
641,0.815473823905718,-0.328607019583645,1.02650221568803
642,0.791495305861583,-0.170267666486871,1.08994247000021
643,0.778349260961022,-0.0952177788902175,1.03277917883828
644,0.776586000381386,-0.0591175117677706,1.10947406694595
645,0.786282106530657,-0.0299606694426388,1.08366926859903
646,0.807024644744112,-0.113986420891907,1.15751586343744
647,0.837993731784775,-0.161522789149232,1.17935486538173
648,0.878108024623923,-0.316356229660438,1.23770478400207
649,0.926180005409004,-0.427111093256113,1.30336685873381
650,0.98104056646097,-0.434105941261612,1.44203796562834
651,1.04161762407173,-0.458041630001056,1.53510028732257
652,1.10697310158095,-0.45924372731729,1.60141442725882
653,1.1763108056899,-0.458616954624408,1.58120140387991
654,1.2489676803881,-0.421886042120879,1.60929289385881
655,1.32439756600402,-0.389634185803817,1.6296221723539
656,1.40215300525044,-0.305404477114915,1.60290733382754
657,1.48186796933481,-0.227386111277297,1.56450544397432
658,1.56324271885726,-0.180788374951889,1.67329018875034
659,3.07069145627103,-0.749896905017577,1.26288438699129
660,2.97853051672957,-1.01044982256849,1.55115216891151
661,2.88652690090961,-1.15197418802104,1.57097572141993
662,2.79469614651979,-0.879338904693095,1.56061773158095
663,2.70305587145038,-0.665596029839553,1.53597350596952
664,2.61162612716758,-0.764409631401582,1.43384929371603
665,2.52042982507716,-0.558549413027869,1.46325095300651
666,2.42949325359934,-0.581589985605862,1.41843547357095
667,2.33884670864576,-0.545119741356656,1.57872784954673
668,2.2485252666834,-0.508338958868634,1.73475656663065
669,2.15856973813596,-0.535663149607171,1.8032183655314
670,2.06902785022125,-0.603446509598777,1.80007918054394
671,1.97995572341861,-0.626499102535121,1.76437009693958
672,1.89141972589831,-0.633820605556108,1.70894322517819
673,1.8034988171464,-0.643064789351921,1.58649330230189
674,1.71628752791945,-0.548022063036351,1.32558679516719
675,1.62989977135018,-0.446941749357448,1.17182902167775
676,1.54447374270819,-0.432807448755498,1.02805230200896
677,1.46017824606959,-0.415603215854236,1.02857224916857
678,1.37722088634569,-0.424033435308793,1.0732249669632
679,1.2958586807175,-0.327110659560003,1.09315311229181
680,1.21641175681064,-0.262539339756825,1.16970513017495
681,1.13928086744907,-0.159516475513795,1.21299192606339
682,1.06496935114398,-0.191717992018431,1.2755230461615
683,0.99410966896449,-0.222040609225421,1.35714248101259
684,0.927493309999316,-0.22639375474301,1.29385102203765
685,0.866099958070908,-0.27069677658111,1.29533871242605
686,0.811116468677286,-0.232654799983888,1.18349784058391
687,0.76392814142479,-0.23982706045359,1.16325429665353
688,0.726056455018547,-0.30886622246781,1.06331778114811
689,0.699017337123769,-0.231780813978359,1.09425231639305
690,0.684096477433741,-0.101638828132282,1.01830534066215
691,0.682089608766357,-0.0444390486820735,1.10438533612199
692,0.693108916007414,-0.02571589287084,1.08080798765202
693,0.716553693468287,0.00500423623268612,1.17739560625766
694,0.751261547604599,-0.112457249075322,1.19794264953804
695,0.79576009029582,-0.187190289797778,1.24902570880353
696,0.848510353984032,-0.330254505318913,1.27003423624701
697,0.90807544369438,-0.400820271400141,1.36912578382145
698,0.973204856736506,-0.471319568963195,1.44318915527836
699,1.04285658938439,-0.465638015169453,1.56148509202131
700,1.11618436200365,-0.46108799321175,1.5598223466248
701,1.19251024526111,-0.409376578074832,1.53307172070015
702,1.27129435271146,-0.387180054405906,1.57573494366958
703,1.35210704773385,-0.294216113982462,1.59996541174493
704,1.43460555447801,-0.26982368389098,1.67199614842214
705,3.05109847909351,-0.615291836811092,1.26606913595806
706,2.95832722135333,-1.04911177702162,1.53207439521662
707,2.86567504424101,-1.08306858817865,1.57518306669605
708,2.773153883376,-1.0608261329003,1.57453192680848
709,2.68077730400964,-0.815087253465235,1.51302054135089
710,2.58856078499524,-1.05197742397283,1.42535960959072
711,2.49652206332115,-0.5150795489746,1.21534994716242
712,2.40468155455053,-0.605689408611047,1.37282845752297
713,2.31306286902322,-0.522596597311225,1.51133620622531
714,2.22169344969653,-0.493237148838891,1.71939410310081
715,2.13060536559616,-0.590024122494369,1.75667286845501
716,2.03983630581034,-0.611136890594916,1.78648001166984
717,1.94943083391254,-0.618188532382277,1.73998440910392
718,1.85944198323799,-0.624213445003453,1.6695387509261
719,1.76993330183917,-0.61662971977915,1.52570120980549
720,1.68098149543732,-0.480050476742831,1.26183843539491
721,1.59267987183809,-0.416706324339613,1.13825405074926
722,1.50514286744677,-0.445925517758471,1.07287580148829
723,1.41851204429349,-0.448584335527495,1.01209055458766
724,1.332964095277,-0.300908869594732,1.02236229602061
725,1.24872159823626,-0.283929258743777,1.12961906125495
726,1.16606752446759,-0.185130778860776,1.15829270343942
727,1.08536482550631,-0.206056024466907,1.30183560892268
728,1.00708273164962,-0.240919444784503,1.3067596604002
729,0.931831499488783,-0.266002326748691,1.38690838271819
730,0.86040673498312,-0.258566311731997,1.31883472963095
731,0.79384195333911,-0.293885083169985,1.32584781760223
732,0.733461543143426,-0.255961127274978,1.20026796048552
733,0.680912707159706,-0.196829859263397,1.19022835889945
734,0.63813312512745,-0.172127885766473,1.0584532015328
735,0.607191194855814,-0.212189691942056,1.09830061820924
736,0.589952455667471,-0.105938339292387,1.01061121097513
737,0.587624151901424,-0.118657440697604,1.08687620027415
738,0.600379778939796,0.0115681959732072,1.07087184186817
739,0.627299852649329,-0.0735497620740023,1.14988261102156
740,0.666670700136194,-0.0934161734077834,1.16429936034617
741,0.71644262213972,-0.175524620243859,1.17414517946643
742,0.774613277919333,-0.248058936603665,1.23020742197297
743,0.839438455725952,-0.322997320762513,1.3106772502114
744,0.90949634561462,-0.425458481437455,1.36422348921451
745,0.983669545901097,-0.450284920690811,1.3979229077178
746,1.06109539603767,-0.432445980653049,1.45738958204459
747,1.14111199913222,-0.412498702893609,1.43171572083751
748,1.22321103688075,-0.43014021007894,1.448374543734
749,1.30700014462217,-0.372507596416198,1.43232037238888
750,1.39217420118676,-0.412451968960947,1.38992885530996
751,3.03432913998295,-0.71023965846133,1.44879686236808
752,2.941028960963,-0.915889342365897,1.41183447646516
753,2.84781404937342,-0.881850388538429,1.46095965278228
754,2.75469306121505,-1.0320456684759,1.46967039243586
755,2.66167585447894,-0.524965347659664,1.63021792546021
756,2.56877370319733,-0.725644089765688,1.45816412210661
757,2.4759995584152,-0.56604382133753,1.27053163398507
758,2.38336836838507,-0.610568562849795,1.37764959145764
759,2.29089747406489,-0.567374448615366,1.45529155563622
760,2.19860710110912,-0.636313666959211,1.64223543383424
761,2.10652097652269,-0.6562043638715,1.67834079453461
762,2.01466710776866,-0.729311128213059,1.69193076166994
763,1.92307877551387,-0.668885582819935,1.70136777331425
764,1.83179581003206,-0.607103586205216,1.54618382539642
765,1.740866248045,-0.552140732067849,1.41774711787947
766,1.65034850520296,-0.496616101982499,1.20653484643837
767,1.56031425513618,-0.534312207110248,1.09902898329351
768,1.47085228763763,-0.479650855542386,1.05365731222269
769,1.38207373914298,-0.388731354138548,0.99995622858907
770,1.29411926804318,-0.373204154820477,1.06552407325348
771,1.20716901489588,-0.344953760294267,1.19526545069951
772,1.12145658508965,-0.37369731677624,1.19281605891132
773,1.03728887252747,-0.333331416175937,1.33180094420113
774,0.955074357843316,-0.320811393522985,1.30852792626665
775,0.875363549653788,-0.300424096046179,1.35677433316603
776,0.798906221171972,-0.336557179305574,1.32162546291027
777,0.726729968767094,-0.328439188724485,1.33401878849233
778,0.660240286481599,-0.267616712826656,1.21290423816197
779,0.601326463241497,-0.163130383069178,1.15874949257812
780,0.552417673511531,-0.0688625834210727,1.01112051748083
781,0.51636474292248,-0.0812503456315082,1.06936346298964
782,0.495979133201233,-0.0676359710764694,0.971195778632507
783,0.493207405176398,-0.117233814556379,1.05098154011644
784,0.508337761318954,-0.122158482565961,1.03507060696943
785,0.539867118610531,-0.0639598497297225,1.10785800629876
786,0.58515059860095,-0.0600055510551169,1.11563071717372
787,0.641281086140395,-0.123980603490544,1.17128420250239
788,0.705674947091011,-0.228224672201211,1.14581535300759
789,0.7762785077371,-0.257822026751893,1.20422472113479
790,0.85154859127904,-0.327559986043838,1.21227029103322
791,0.930353253423793,-0.362367822341514,1.28970674789416
792,1.01186700712855,-0.382725786596914,1.35625579171305
793,1.09548527839789,-0.378279210480136,1.33184557893737
794,1.18076104329786,-0.421197869232326,1.28931637190938
795,1.2673597668639,-0.510991326047106,1.25142029042638
796,1.35502782520248,-0.631445535145786,1.17466807771605
797,3.02043046956635,-0.934819804160371,1.30767601833356
798,2.92668724686431,-0.697463059339828,1.26097133296106
799,2.83300048562364,-0.721504734087584,1.33240833990802
800,2.73937597880274,-0.841069858184929,1.42763753630656
801,2.64582033517986,-0.550519172350028,1.44102413690726
802,2.55234112727379,-0.441357565215958,1.51200319528122
803,2.45894707242904,-0.498406054462083,1.45619659901201
804,2.36564825600799,-0.97428851543336,1.35763199370076
805,2.27245640847344,-0.730397743899484,1.56432412387348
806,2.17938525203383,-0.761925770198783,1.53849231632472
807,2.08645093790035,-0.784193248417558,1.54099333996676
808,1.99367260272595,-0.781325014455397,1.52904745927724
809,1.90107308343657,-0.793889868145042,1.53053325129174
810,1.80867984491068,-0.706200801589165,1.40594751975974
811,1.71652619709615,-0.590720414376878,1.30802381557105
812,1.62465291073532,-0.637438562435004,1.20868642395093
813,1.53311038954026,-0.547360212395606,1.04360780150869
814,1.35128631761139,-0.409907163849621,1.03701979427039
815,1.26118657289701,-0.417759120176178,1.11257760265808
816,1.1717951707785,-0.409286547276592,1.15258779719857
817,1.08328747983905,-0.426294559227194,1.19717983837579
818,0.995899139875326,-0.390221942835523,1.32157724786059
819,0.909952702476855,-0.326808939006362,1.2934522061972
820,0.825898441575954,-0.309093324996632,1.3774839934304
821,0.744377620541073,-0.33657334619867,1.27981674817974
822,0.666320748018047,-0.268004652082756,1.28035590745408
823,0.593097064255432,-0.216220204936236,1.12600790963309
824,0.526726121556199,0.0183175316981755,1.0880009834779
825,0.470119322877715,-0.0212087872431563,1.02161984894271
826,0.427176122306137,0.0108183195286056,1.02330252703598
827,0.402296150001656,0.0188354053062827,0.98793472424575
828,0.398873960363351,-0.0384412984291805,1.00042793072189
829,0.417437625661457,-0.162430687871234,0.971432213628811
830,0.455305828528415,-0.20441561996111,1.04810977345123
831,0.508181183022511,-0.201894489357426,1.04327248808816
832,0.571916360298002,-0.216384870245989,1.06862819350242
833,0.643291553408724,-0.240522938605578,1.0367040634726
834,0.720038341555258,-0.287872404946947,1.07870701678616
835,0.800613449202813,-0.299811788511758,1.16252643483132
836,0.883970626147354,-0.298813247648334,1.20420595631245
837,0.969392455020363,-0.363769674732864,1.26712029741186
838,1.05637819313048,-0.389367479983319,1.24803342673088
839,1.14457133159317,-0.422282337943886,1.20803046084149
840,1.2337129611058,-0.515067880625952,1.21222132948292
841,1.32361146066664,-0.578447591331502,1.17431475371039
842,3.00944224140156,-1.08278431810957,1.18177112413635
843,2.91534571257089,-0.846487185509569,1.2167611570446
844,2.82128235637467,-0.806192597128804,1.27857164594066
845,2.72725560519888,-0.623390266529567,1.39968583183084
846,2.63326938023791,-0.81675671287959,1.81943747865685
847,2.53932818139375,-0.843497113485124,1.82142374023648
848,2.44543719769178,-0.927525169917949,1.31087196715353
849,2.35160244386692,-1.03832749197676,1.36890975888513
850,2.25783093061887,-0.875911284379654,1.39637833471493
851,2.16413087858147,-0.848817251718213,1.42804407643152
852,2.07051198960849,-0.838470948433293,1.43102217700392
853,1.97698579400746,-0.83612897650189,1.37399748289471
854,1.88356609956069,-0.788510743647841,1.36392625310732
855,1.79026957864825,-0.647741370048304,1.26075264796135
856,1.69711654525098,-0.617129714433616,1.21129737098864
857,1.60413199681572,-0.624321550108724,1.13983812088044
858,1.51134703141387,-0.589896391966781,0.995249327509966
859,1.32654328802758,-0.383020978188681,1.09576881828984
860,1.23463920013215,-0.452707048000408,1.17314514567956
861,1.14317378604788,-0.447257590303117,1.19207901503852
862,1.05226144413985,-0.377477632378134,1.20538696173249
863,0.962058979299951,-0.32666740404643,1.30310180206049
864,0.872786516619145,-0.295756456982928,1.27136548802246
865,0.784761504308691,-0.284814948601729,1.3209922799526
866,0.698455742914065,-0.260745276148901,1.21871198640571
867,0.614593948950508,-0.241476831898112,1.18934424938227
868,0.534328092538341,-0.181983749590093,1.04417778770167
869,0.459546287088565,0.00231505143750801,1.03391208482156
870,0.393388561844712,0.0547993742305101,0.951828862172918
871,0.340913218159339,0.0798999313572338,0.97003343103456
872,0.309167551909001,-0.0887129711630313,0.914907033717002
873,0.304701196425603,-0.166465891206431,0.92388004324277
874,0.328628291790473,-0.159288682049521,0.920000059663232
875,0.37556062139047,-0.161401503500438,0.967079259150964
876,0.438167202818067,-0.229797292733219,0.942829039567656
877,0.510715876024785,-0.271938181112042,0.967819637008206
878,0.589547627876035,-0.261848589248531,1.00059706621375
879,0.672456389780703,-0.266738506640789,1.0474585813538
880,0.758105716830889,-0.269971251728784,1.11255688039881
881,0.845663319967583,-0.301592655607824,1.10561462547799
882,0.934593020890728,-0.318030447768576,1.21046783543913
883,1.02453758826549,-0.382797279908869,1.19194507912034
884,1.11525150345212,-0.406507678987812,1.16784992372072
885,1.2065612513452,-0.564358636920269,1.18702241576509
886,1.2983411268443,-0.558936313930801,1.17343794389866
887,1.39049804069444,-0.596901942950965,1.13830552985345
888,3.09576774806027,-1.77753422658467,1.51983444067989
889,2.90703947303177,-0.913615401385405,1.26259009590353
890,2.81269835004581,-0.605804401270629,1.27872231481081
891,2.7183747000824,-0.643648846513602,1.40142576284788
892,2.62407040737438,-0.71688060170839,1.52591282406638
893,2.52978763669599,-0.664920977042607,1.49833353242429
894,2.43552888749323,-1.07039172917385,1.37058851982873
895,2.34129706102414,-0.986020608950401,1.48488176655707
896,2.24709554430128,-0.828220642903243,1.41194144568279
897,2.15292831594301,-0.870392226388864,1.41434286420425
898,2.05880008088981,-0.814808804546586,1.36753756230331
899,1.96471644357823,-0.877818956716105,1.30935649153839
900,1.87068413297747,-0.821308685973498,1.28527322484709
901,1.77671129849302,-0.760244063870479,1.1594043597394
902,1.68280790410671,-0.736665367117772,1.10773469600911
903,1.58898626084916,-0.815947693893091,1.06440435155501
904,1.49526175746019,-0.724490384822732,1.00733313729991
905,1.40165388045358,-0.598984532004211,1.09599540912279
906,1.30818766580732,-0.49815482379889,1.08112080251109
907,1.21489580971471,-0.412656614427247,1.20510780920346
908,1.12182181252927,-0.428659865981535,1.22534571889107
909,1.02902479114095,-0.315032556805677,1.21001106376561
910,0.936587077431167,-0.26688095051327,1.25679303522227
911,0.844626649799527,-0.242447312431286,1.23649381820057
912,0.753318320900422,-0.203878860720841,1.25246432543801
913,0.66293159433612,-0.242633135592531,1.15028836070732
914,0.573902078795652,-0.119720313182861,1.11331643508186
915,0.48697472669026,-0.0829635967036802,0.972280265905155
916,0.403510426056474,-0.119777615207512,1.00424993833757
917,0.326178531711764,-0.121373122205168,0.920160452134969
918,0.260498937186217,-0.0917719338691308,0.94601233006692
919,0.217307268890841,-0.0428527070498822,0.88249207077836
920,0.21090446430217,-0.0862318402744698,0.888705535159978
921,0.244201613681228,-0.118543440615642,0.868828818179261
922,0.304439902605732,-0.13845935894211,0.893674300262622
923,0.378983339455445,-0.224762395573625,0.841510300036715
924,0.460943141811607,-0.28668166414694,0.932208557482095
925,0.546995685077726,-0.325164731206938,0.920972771018798
926,0.635480503332941,-0.251708709020634,1.00074851550847
927,0.725508202469873,-0.2678530157075,1.06385918215046
928,0.816568628284229,-0.298779924188499,1.04926614341051
929,0.908351247402153,-0.393134150489974,1.09555362212272
930,1.0006573558058,-0.356038181743193,1.15632400044026
931,1.09335437526522,-0.385849951632408,1.14221497567697
932,1.18635067632091,-0.430847421257777,1.15126246926427
933,1.27958100783604,-0.494806114481817,1.13138262666334
934,2.99631671279305,-1.47137796943667,1.14249279120032
935,2.90179459349493,-0.721860334034125,1.28217748165336
936,2.80727721705961,-0.40105421892877,1.6335649615365
937,2.71276507923551,-0.693459876959034,1.43283167406604
938,2.61825874732225,-0.738914691693318,1.49913824769159
939,2.52375887355576,-0.69714714321449,1.50986814466075
940,2.4292662116132,-1.43803185476717,1.46483302154659
941,2.3347816371198,-0.955882891728677,1.52143759677662
942,2.24030617333663,-0.846828722327142,1.41473647083832
943,2.14584102362238,-0.77369299906175,1.39097300581867
944,2.05138761284732,-0.744711122958723,1.31966551281388
945,1.95694764077587,-0.850614865363492,1.22805747770777
946,1.86252315165348,-0.925355500247864,1.1745961440998
947,1.76811662603582,-0.849492270725841,1.11133970651564
948,1.67373110361119,-0.837609990359867,0.993843163452818
949,1.57937034993029,-0.929147041709703,1.01364370850817
950,1.48503908648711,-0.865555090331246,1.01394995278243
951,1.3907433140814,-0.577761111115771,1.05986659553334
952,1.29649077668988,-0.484490937301521,1.15762167622853
953,1.20229164246196,-0.421808911752602,1.17715013411787
954,1.10815953009392,-0.360609364939107,1.28270020514893
955,1.01411310308772,-0.293015103013131,1.26012346691843
956,0.920178634115457,-0.195016432997138,1.29721895419231
957,0.826394302148257,-0.231440080616674,1.20987457947498
958,0.73281775202008,-0.240999188819292,1.19536331111694
959,0.63954019720465,-0.234897707204529,1.08279462873997
960,0.546714698099021,-0.207328317342069,1.05510099632664
961,0.454618245901533,-0.210987063465248,0.924557029531972
962,0.363804932632599,-0.215004691577785,0.977519566211844
963,0.275546365646827,-0.186677266530189,0.936969313928701
964,0.193372855764922,-0.099627626903585,0.883133151425879
965,0.129444251260259,-0.110329675319131,0.806239774930678
966,0.118380987215507,-0.148995751952276,0.820508224108242
967,0.170785810874465,-0.179959406347648,0.788380262199117
968,0.249433396661554,-0.0990721357638931,0.826487623839428
969,0.426616859787196,-0.207431760570483,0.872861283258667
970,0.518399117056717,-0.333836800939994,0.870706004823462
971,0.611039143744344,-0.273331395000539,0.989832274796378
972,0.704198492559164,-0.283467772893251,0.982943248577186
973,0.797695236145684,-0.265751581484671,1.06132741267019
974,0.891423218078024,-0.368283640409142,1.1102721115264
975,0.985316451095679,-0.36534655943637,1.18297339279238
976,1.07933180949286,-0.356967948524218,1.18253694625636
977,1.17343993978329,-0.334456735065479,1.16845357197308
978,1.26762017997752,-0.438289069858846,1.23365036162107
979,2.9942182117452,-0.893942540629648,1.4169164159633
980,2.8996276862763,-0.60995856429374,1.57408540080818
981,2.80503729558193,-0.352267846631671,1.65904810793247
982,2.71044705377237,-0.480484376489854,1.4619884331088
983,2.52126708383604,-0.837871171382086,1.3193235152629
984,2.4266773957552,-1.44961186226404,1.48559642117663
985,2.33208793771064,-0.900594780452478,1.53686552857761
986,2.23749873887649,-0.794331015741971,1.43257904702101
987,2.14290983357779,-0.707353085823048,1.35654486014831
988,2.04832126247986,-0.67486665606222,1.25498002343038
989,1.95373307412295,-0.663439617334872,1.23224027229751
990,1.85914532692548,-0.689079517221063,1.1349643275068
991,1.76455809183148,-0.68186454523521,1.07661925433672
992,1.66997145585762,-0.830478812731927,0.971309630997226
993,1.57538552691797,-0.972190998153631,1.02709649690084
994,1.48080044049768,-0.79476538349735,1.05504751901771
995,1.38621636905852,-0.547352297336591,1.12921520923899
996,1.29163353557641,-0.457638365704477,1.22349184981867
997,1.19705223349592,-0.437917585577806,1.26363378606811
998,1.10247285695461,-0.364242759962034,1.35039769009494
999,1.00789594802137,-0.313169540068897,1.29966107693991
1000,0.913322273278311,-0.226367891504783,1.31663211999295
1001,0.818752953464462,-0.277482758851014,1.20263016451562
1002,0.724189694665312,-0.342440124138732,1.12395831995349
1003,0.629635227750352,-0.290537693378068,1.04100554514973
1004,0.535094213481307,-0.255062974178434,0.948407618612712
1005,0.440575312166104,-0.260063816135463,0.897134556075035
1006,0.346096641404513,-0.187566353243293,0.896905323901022
1007,0.251703507732509,-0.100013339374208,0.836043811877183
1008,0.157549730340472,-0.0990795672094229,0.877753233791459
1009,0.0646890281887362,-0.127703515651778,0.818942209550454
1010,0.0379857120216557,-0.105499236522166,0.816538504987162
1011,0.128827983682593,-0.0845296021232222,0.79115849095595
1012,0.222813544367918,-0.0832862702481325,0.794152695755606
1013,0.411619728922657,-0.199173475721977,0.796711580123817
1014,0.50612893688156,-0.323598877896532,0.846760060028186
1015,0.600664374981149,-0.381146214714772,0.976288493596451
1016,0.695215342973868,-0.356146367381953,0.979105658512734
1017,0.789776263224715,-0.281407208868923,1.11097044085068
1018,0.884343943221332,-0.3155606235475,1.11918497541411
1019,0.978916423901171,-0.337146410889323,1.18307100122707
1020,1.07349243647396,-0.318172644635712,1.18710498587465
1021,1.16807112303245,-0.213638968518926,1.2091509647832
1022,1.26265188269369,-0.265123189135451,1.27332410010287
1023,2.99510718453321,-1.19924228968221,1.170717492531
1024,2.90054564975555,-0.570716154585416,1.52122004204035
1025,2.8059862039756,-0.555140637441126,1.65440810526283
1026,2.71142906575096,-0.730123187992741,1.47020217820059
1027,2.61687448522258,-0.44563540414544,1.63973304872872
1028,2.42777419262275,-1.48263385223934,1.48362465176799
1029,2.33322919930968,-0.894704783842853,1.55046651312169
1030,2.2386882216534,-0.748144196343125,1.33987982653248
1031,2.14415179083483,-0.674722586394583,1.34356474564195
1032,2.04962053600731,-0.655869060493874,1.22284992052287
1033,1.95509520796756,-0.678627305717008,1.16892754832316
1034,1.860576710035,-0.729627576591569,1.07323905334337
1035,1.76606613883619,-1.10934981901185,1.05150697607483
1036,1.67156483890845,-0.999772218737819,0.962514775605156
1037,1.5770744769092,-0.862256692502726,0.989444227968733
1038,1.48259714416086,-0.620442479630291,1.08007764248852
1039,1.38813550100183,-0.470326171868462,1.19093326672547
1040,1.29369298425918,-0.376297834447564,1.26666861021223
1041,1.19927411254199,-0.471957486844611,1.32631325666271
1042,1.10488494768345,-0.459174320038938,1.34923346886958
1043,1.01053381404766,-0.40458824499527,1.32150162121719
1044,0.916232460766414,-0.312404769335521,1.28274142999952
1045,0.821998020741288,-0.250004688707418,1.19160141900897
1046,0.727856483899988,-0.376610787372866,1.11191539669421
1047,0.633849246524797,-0.380294731192848,1.06472906848683
1048,0.540046446703423,-0.353888807436014,0.934330223787972
1049,0.446576928407722,-0.244489433060208,0.952458301062549
1050,0.353705007721547,-0.177893530689178,0.857674226301909
1051,0.262066791296922,-0.0480920772874371,0.789129321778507
1052,0.173626797546262,-0.0209519417142534,0.812034245619047
1053,0.0975141921148839,-0.00686841198863852,0.80560444774276
1054,0.511361758488717,-0.450733282540647,0.899836747933083
1055,0.605080191931045,-0.434508186688494,0.900004830441478
1056,0.69903413393202,-0.390165425159135,0.982423480153441
1057,0.793139895131375,-0.240602101291734,1.11817745618234
1058,0.887349174343488,-0.297018988401277,1.15065802277921
1059,0.981632167504342,-0.291136964407088,1.22019141975247
1060,1.07596949699451,-0.287271368760187,1.19600230884514
1061,1.17034802334951,-0.232127698511684,1.21720407183939
1062,1.2647585240534,-0.264761752083278,1.28798598314984
1063,1.35919433624684,-0.297377374918111,1.26236514617016
1064,3.09342599020716,-1.31510565521141,1.06726060866926
1065,2.9989809744729,-0.855693493089288,1.01594948344593
1066,2.90454555907182,-0.472152317832391,1.41130220834666
1067,2.81012071187509,-0.600301275203164,1.58562271603201
1068,2.71570753524879,-1.1601179827295,1.87938769220141
1069,2.526921426111,-0.988416968912242,1.48243612901147
1070,2.43255161687743,-0.954225746715794,1.36949205451777
1071,2.33819980645779,-0.782548114623078,1.54411369859568
1072,2.24386826533503,-0.683785501405061,1.41961841271896
1073,2.14955966201178,-0.624311407782777,1.32197091218016
1074,2.05527715406727,-0.674064290379472,1.1882847191511
1075,1.96102450536083,-0.725952229043324,1.11547317388427
1076,1.86680623856163,-0.849505399758405,1.01490544645243
1077,1.77262783605351,-1.01948054545783,1.00720393134559
1078,1.67849600806287,-0.883079303117727,0.933526456316787
1079,1.58441905571928,-0.647795787555054,0.997960568100712
1080,1.49040737058091,-0.504725244997525,1.10685854102839
1081,1.39647413422146,-0.43833761750953,1.22012950729561
1082,1.30263631759957,-0.419180431631503,1.29498434068774
1083,1.20891614077294,-0.528527479945648,1.33104613898465
1084,1.11534325928183,-0.509652711511296,1.33966473736731
1085,1.02195813404545,-0.449036133116569,1.36264515907757
1086,0.928817398938044,-0.397043485823645,1.26605977880255
1087,0.836002741927651,-0.318610546582443,1.24541023615763
1088,0.743636268321556,-0.447173404077427,1.10007475173246
1089,0.651908510243584,-0.446710243617692,1.05651990859466
1090,0.56113278553739,-0.349674986230657,0.927158470069412
1091,0.471858868088788,-0.244264617680524,0.863812642906651
1092,0.38513253679124,-0.119056978231969,0.820139029551403
1093,0.30314821706324,0.0434889966762576,0.818180107298406
1094,0.444943802004404,-0.270595805482348,0.802962299880217
1095,0.533582876836045,-0.293281526944672,0.881638401629836
1096,0.623972657313818,-0.31551814601829,0.893313734703939
1097,0.715449899580708,-0.328102757124128,1.08482462112442
1098,0.807645176830126,-0.328480980331661,1.13552682800714
1099,0.900337934120309,-0.299320766181193,1.19746100237661
1100,0.993388922168568,-0.343340709851889,1.26896159074654
1101,1.08670612258815,-0.288544507619415,1.24953801095026
1102,1.18022639106489,-0.330126883602231,1.29934587540627
1103,1.27390500531778,-0.289786532727977,1.28579477846243
1104,1.36770942897,-0.265942762027875,1.26446155932596
1105,2.81742679493709,-0.556205465698498,1.4505951113876
1106,2.53504383063863,-1.74501790954012,1.82754347016342
1107,2.44098805779403,-1.0491788111773,1.35316844952094
1108,2.34697542902335,-0.635948214142701,1.40059936458173
1109,2.25301134522171,-0.677390059790183,1.4106287608661
1110,2.15910214442677,-0.59492564115314,1.31345475618856
1111,2.06525531340582,-0.75514522103729,1.16677026671884
1112,1.97147975899977,-0.957593962560054,1.08600381855162
1113,1.87778615977772,-1.01584930658195,0.978056508808189
1114,1.78418742700195,-1.00764404542156,0.973849787730775
1115,1.5973412514696,-0.584936466893513,0.973830556990534
1116,1.50413744711113,-0.525075045674192,1.09224641746629
1117,1.41111847024609,-0.514659281828265,1.19264337770194
1118,1.318323444929,-0.487818871503162,1.25871448959338
1119,1.22580323255465,-0.575437550218947,1.2853965631204
1120,1.13362512125725,-0.538529075129163,1.28962569213847
1121,1.04187991499105,-0.473232855354319,1.30153512751926
1122,0.950692952582553,-0.405111427819749,1.22955640191485
1123,0.860241776496962,-0.33616707427783,1.220340519709
1124,0.770785462423434,-0.300133946175232,1.12343909964549
1125,0.682715193362582,-0.234539877022035,1.08842545765612
1126,0.59664506410851,-0.279056159858587,0.948044803958769
1127,0.51358165944096,-0.172572627717672,0.857155924665422
1128,0.435249813802779,-0.121129356415122,0.870749239783462
1129,0.364711078840113,-0.0634418974249681,0.778925732056596
1130,0.307378321867736,-0.0244580775413564,0.778969514548244
1131,0.271742866680753,-0.0298323333448205,0.803031270702762
1132,0.488968625232982,-0.230807886443365,0.846083264469645
1133,0.570811716744434,-0.322324943857229,0.848530486068406
1134,0.656092376571596,-0.310155385778565,1.03056061839402
1135,0.743628864642937,-0.325459844415447,1.09546939013596
1136,0.832710070298819,-0.318932246654706,1.21115843348627
1137,0.922888793482793,-0.328472925692608,1.33125022766521
1138,1.01387222084804,-0.364519963136372,1.32466295283449
1139,1.10546168020003,-0.389657621585806,1.3172617672833
1140,1.19751812666287,-0.332064755102828,1.29646305203286
1141,1.28994158476025,-0.244424587129128,1.2147569679923
1142,2.82787987111577,-0.215061425480154,1.33391980492179
1143,2.54665624768857,-1.20441732130748,1.46737669240283
1144,2.45304576372422,-1.04444519527822,1.50662529944706
1145,2.35951361196997,-0.786345638846355,1.37148461300856
1146,2.26606949194635,-0.617794746403625,1.32134304177733
1147,2.1727247618372,-0.590001357870909,1.24343772499951
1148,2.07949280599458,-0.814700926295034,1.2143608493817
1149,1.98638950379275,-1.05004700386411,1.06560062983094
1150,1.89343383366966,-1.18845781306581,0.942115820969076
1151,1.80064865959578,-0.890336290922784,0.980314485485513
1152,1.70806176680919,-0.695963159388949,1.01592355846738
1153,1.52362734303183,-0.541981486429017,1.06146076280195
1154,1.43187504961219,-0.573930790883515,1.16079923803732
1155,1.34051763363326,-0.553576213632187,1.28656325280298
1156,1.24964170287874,-0.534809646423205,1.31405591630093
1157,1.15936048586182,-0.589037108148622,1.29079099483432
1158,1.06982455472568,-0.493950181257011,1.24688514709417
1159,0.981237948064776,-0.400389751599719,1.25990868269422
1160,0.893882953558736,-0.329951312376675,1.19102987566828
1161,0.808159049764059,-0.291434382087856,1.1010743899036
1162,0.72464533109677,-0.217736714095122,1.05141474259276
1163,0.644201950600344,-0.198640159779714,0.941175514847272
1164,0.568134615691009,-0.174952322158105,0.942582270972265
1165,0.498450821092306,-0.138685916310769,0.860914188100256
1166,0.438206562777144,-0.0856321596755229,0.828367589739325
1167,0.391780874196872,0.00607512194512641,0.819789570535634
1168,0.38113906285742,-0.0131677382571387,0.783603705356454
1169,0.478811997234945,-0.186121721232646,0.866196081710348
1170,0.545986389111003,-0.279694373740486,0.863818130103192
1171,0.620352187555559,-0.203270265018211,0.941739759616406
1172,0.699619916259968,-0.271361223126746,0.99456256982659
1173,0.782300906916503,-0.254575421661662,1.21585435087337
1174,0.867419668793199,-0.322042184169524,1.28187864817904
1175,0.954324130350042,-0.348708042272524,1.38004869790385
1176,1.04256783992197,-0.455644015670641,1.36552716961928
1177,1.13183759745951,-0.496999683269049,1.4460744520446
1178,1.22190854171595,-0.527639971965138,1.37777219367814
1179,1.31261575212475,-0.53530277002649,1.27984066046173
1180,2.84144520925639,-0.309268959465916,1.15693798007397
1181,2.6548605183161,-1.15682753039832,1.65510361586962
1182,2.56171121628407,-0.971872931700208,1.37333887031404
1183,2.46867167332347,-1.00542358218133,1.40556789210321
1184,2.37575478465602,-0.833106810322597,1.2292904357477
1185,2.28297552638533,-0.58114454783613,1.25937032851201
1186,2.19035138789302,-0.527343920005695,1.26127542424427
1187,2.09790291527696,-0.698312050224499,1.15280547185649
1188,2.00565440007056,-0.913272126651807,1.05039113919319
1189,1.91363475988219,-0.995052295111352,1.03662335708951
1190,1.82187867517254,-0.774340669048603,1.02744700379197
1191,1.73042807159954,-0.673713598503452,1.07743062883709
1192,1.63933407395292,-0.72569453521384,1.01958823568473
1193,1.54865961146361,-0.746737175936254,1.11838433353959
1194,1.4584829342321,-0.661809960384071,1.2040547465509
1195,1.36890242085625,-0.656451691292577,1.25509339417961
1196,1.2800432404095,-0.546824369592137,1.25763159823127
1197,1.19206671286558,-0.466929986683698,1.30824848776782
1198,1.10518364520942,-0.449783625973368,1.19250155119113
1199,1.01967358623569,-0.349208350066775,1.20125069368696
1200,0.93591294809254,-0.300825668220494,1.15486508590278
1201,0.854416386465011,-0.20847607316644,1.15776594597807
1202,0.775897652802692,-0.217859726767527,1.04319320141003
1203,0.701357587042208,-0.093026663412201,1.03075827100333
1204,0.6322050721805,-0.169237039024581,0.939099118100866
1205,0.570402956507042,-0.168820101339125,0.912155030573259
1206,0.518585868883196,-0.172409861312004,0.89118622052207
1207,0.479998505342304,-0.188824105520767,0.848748864903476
1208,0.457997072008647,-0.0320741430374871,0.820822913400063
1209,0.454994024046781,0.0171742670606543,0.863330097360376
1210,0.471352624878883,-0.0927867129236589,0.864142177376091
1211,0.505195529626188,-0.185106928780134,0.890913561944298
1212,0.553323811561095,-0.274589261313305,0.895821785046529
1213,0.612378517617047,-0.286733308336938,0.965530728669828
1214,0.679516849201952,-0.310331630137384,0.985361862117689
1215,0.75257846034283,-0.261759721102221,1.15024847935003
1216,0.830000614883365,-0.321463774894411,1.20402820666204
1217,0.9106718363679,-0.335879302003706,1.35414912603716
1218,0.993801216296672,-0.415825861929569,1.37454310236708
1219,1.07882065821152,-0.449039992498003,1.34955376338898
1220,1.16531654873999,-0.546625525178027,1.41895171603257
1221,1.25298315873071,-0.595541528443409,1.36228072294767
1222,1.34159100491558,-0.601539307763018,1.3358533786957
1223,2.67265526669081,-0.867519485523463,1.55494128721669
1224,2.48779855163681,-1.20518309246129,1.3065229527344
1225,2.39562363481255,-0.741276929581779,1.09919082927709
1226,2.30364473322839,-0.251083589939989,1.16053531952757
1227,2.21188630026532,-0.850112816040917,1.15124522527809
1228,2.12037695818081,-0.723223557826291,1.08183025535695
1229,2.02915040728353,-0.878864049909339,1.11437140822298
1230,1.93824657798895,-0.862292794068445,1.05485070984389
1231,1.84771310270425,-0.609118268962614,1.10549935303605
1232,1.75760721261499,-0.502809186391115,1.12769208688201
1233,1.66799820409964,-0.606691865329073,1.08827151756217
1234,1.57897067579963,-0.816389241401827,1.15154319223488
1235,1.49062881774867,-0.703657218441307,1.18298257734439
1236,1.40310214905495,-0.644035016870001,1.21623736884561
1237,1.31655326522499,-0.533527868772162,1.28252151774514
1238,1.2311883896377,-0.442177878241933,1.25502429160364
1239,1.14727184768689,-0.403493270324905,1.21586572912959
1240,1.06514601126948,-0.340805413587685,1.17222791968928
1241,0.98525877274135,-0.270364567235912,1.13746073473485
1242,0.908201059411654,-0.21856709561373,1.15017766976762
1243,0.834756833144389,-0.241492217592723,1.04136311451663
1244,0.76596623147381,-0.168413301145421,1.04366123801076
1245,0.70319631408823,-0.227021201787723,1.01169559078612
1246,0.648198531044692,-0.243338518887492,0.981320646995135
1247,0.603102898568612,-0.338433251018537,0.952546332241848
1248,0.57026341982225,-0.229053079868134,0.919081572705756
1249,0.551872377298426,-0.0161462733697639,0.933357565858805
1250,0.54938271248266,0.00627086370275948,0.930958669181249
1251,0.563005417235692,-0.165287906681219,0.882529525186819
1252,0.591628537184277,-0.321842161874347,0.982327910399145
1253,0.633221164599716,-0.415106361856351,0.998266450286366
1254,0.685426328422956,-0.398792910172293,1.10130131899754
1255,0.746019404041122,-0.395934597694082,1.11543485434477
1256,0.813127383519032,-0.370585565241008,1.24180807818091
1257,0.885269915654704,-0.358284592377137,1.25051122126424
1258,0.961314202750696,-0.340727463599802,1.33676464098805
1259,1.04040504630133,-0.410643419401478,1.32324165373635
1260,1.12189830886782,-0.503858943084225,1.39926422223182
1261,1.20530679149493,-0.560069307588942,1.37054548118906
1262,1.29025912084329,-0.486551167928435,1.37971874813115
1263,1.37646947925732,-0.499917029291339,1.3334409717442
1264,1.46371559629823,-0.580036241963573,1.28299529295633
1265,2.51034637599971,-1.29169994756631,1.2550843467968
1266,2.41903077567053,-0.904153531878988,1.02877450162846
1267,2.32797687937392,-0.36759657801836,1.0668015695641
1268,2.23721664111236,-0.815795382984672,1.10021781730712
1269,2.14678730636101,-1.0980040255359,1.17445367178845
1270,2.05673252255795,-0.932083583290097,1.09365543582702
1271,1.96710373164573,-0.850886325484509,1.05853794669435
1272,1.87796192822795,-0.544554465991116,1.10194192356577
1273,1.78937989476938,-0.534143881472095,1.10823462575628
1274,1.70144506312966,-0.656548004317483,1.08309739734007
1275,1.61426320313752,-0.758731814794702,1.11817518924632
1276,1.52796320841553,-0.79538423660502,1.21250056374474
1277,1.44270334256606,-0.568851463986665,1.21287857225862
1278,1.35867943023483,-0.542005973421218,1.21685061621139
1279,1.27613562944827,-0.472560807373959,1.18782685391272
1280,1.19537859545148,-0.320960900779353,1.18001475881178
1281,1.11679600612285,-0.282038950800584,1.24535929134396
1282,1.04088046539094,-0.214942087988102,1.20959217194044
1283,0.968259499455137,-0.195976417826128,1.23270623832104
1284,0.899731217892273,-0.179202330277351,1.11462204450086
1285,0.836302314792237,-0.233485109747772,1.12230762129944
1286,0.779219064266228,-0.256786725305972,1.12935117630945
1287,0.729971663571375,-0.419939255822637,1.06794782012324
1288,0.690239378933515,-0.346658145792764,1.03019948614965
1289,0.661738363672556,-0.217889961257973,1.03919456710676
1290,0.645956975961773,-0.133405587413495,1.01692277633075
1291,0.643831234675259,-0.0940106263265964,0.941709117217729
1292,0.655494007451936,-0.231155652145548,0.960013690922259
1293,0.680236444171782,-0.288823210488048,1.09875022489654
1294,0.716705195506272,-0.367745068235632,1.13912617200572
1295,0.76322116431873,-0.386876759994278,1.2347456016637
1296,0.818072273808698,-0.372087217002792,1.25155226002169
1297,0.879700764917918,-0.368901848835718,1.3114405841123
1298,0.946784092352607,-0.371732913914822,1.25899678367842
1299,1.01824471045956,-0.402666763370568,1.360716018138
1300,1.0932245672038,-0.417200415603399,1.27705287747477
1301,1.17104786811177,-0.518521542965359,1.3334669466597
1302,1.25118414136069,-0.51132553592078,1.3177252298214
1303,1.33321637136961,-0.371644989979051,1.33715218263525
1304,1.41681527423147,-0.539020611527376,1.33643841550975
1305,1.50171922835641,-0.558338649614978,1.27829435414415
1306,2.44587462448956,-0.497260241245842,1.35323468598518
1307,2.35585847112689,-0.597901790940603,1.05354867347163
1308,2.26621514520376,-0.865186590394966,1.10885768445712
1309,2.17699070366264,-1.33697776574721,1.15844089295104
1310,2.08823884036965,-0.96237800971683,1.0594005347204
1311,2.00002246890762,-0.815692050498326,1.11506333823196
1312,1.91241569460054,-0.587828160103913,1.04980147318863
1313,1.82550628398965,-0.466107499428807,1.06036263333369
1314,1.73939877196952,-0.441712673547328,1.11605473977201
1315,1.65421838766368,-0.772897828632646,1.09586368992991
1316,1.57011603117486,-0.7427200967886,1.13449689349016
1317,1.48727459459647,-0.657268080168711,1.21119722992571
1318,1.40591698873868,-0.480733932537708,1.20218873603448
1319,1.32631630082275,-0.385409877319867,1.22109308231899
1320,1.24880854078773,-0.315178925291837,1.22573816308243
1321,1.17380837634289,-0.250872028609474,1.25756768799018
1322,1.10182799397785,-0.244007199140922,1.24399520253581
1323,1.03349854541064,-0.243878840268086,1.27550390485399
1324,0.969592207853754,-0.282641370611954,1.25188724468341
1325,0.911040255316777,-0.316808535705797,1.16750556441719
1326,0.858938376833135,-0.335720974322473,1.17354150175233
1327,0.814525269526959,-0.414499187023581,1.15921465476072
1328,0.779116926597882,-0.397510070013331,1.12755930070526
1329,0.753983054873806,-0.317625790780094,1.10810431252811
1330,0.74017106122469,-0.187147101632321,1.03993789801988
1331,0.738316628435438,-0.193886829406375,1.01641471809639
1332,0.748508636480705,-0.185684377087794,1.10696655499824
1333,0.770269047190834,-0.236816329206351,1.15877889187097
1334,0.802657537400907,-0.344819310073164,1.1850696490987
1335,0.844452089076013,-0.402291117193612,1.32118091900664
1336,0.894334965354335,-0.399697074915719,1.31318333381546
1337,0.951034290064231,-0.372238423832475,1.35865051588683
1338,1.01340658307155,-0.412056018406216,1.28950318639763
1339,1.08046984014348,-0.409859392333595,1.32981572295018
1340,1.15140468099567,-0.492279178360757,1.26350727251324
1341,1.22553902201845,-0.450471887763869,1.27504703829484
1342,1.30232658756292,-0.448855472848658,1.28361324467359
1343,1.38132497189067,-0.448458478608463,1.34926558276632
1344,1.46217588079423,-0.446464450589171,1.2620185164552
1345,2.21083169871126,-1.34421666518594,1.11761642646094
1346,2.12349469757316,-1.14618860262151,1.13297217868673
1347,2.03680587006428,-0.555753661712312,1.02887201325006
1348,1.95085162561057,-0.503051190140964,0.975100915750516
1349,1.86573349358333,-0.536110472571044,0.995681335596741
1350,1.78157131884245,-0.469449709612002,1.00499788588142
1351,1.69850721231249,-0.430069181641425,1.07789162990463
1352,1.61671043404353,-0.560817600428474,1.15346340358955
1353,1.53638341436148,-0.631745904089106,1.09651563137913
1354,1.45776913652916,-0.470883368035591,1.10790404542086
1355,1.38116009427621,-0.46878522299271,1.17082264647589
1356,1.30690896688993,-0.321886713448508,1.24332511754727
1357,1.23544096603832,-0.249461279520741,1.29262650369855
1358,1.16726740916818,-0.292338137557226,1.30761200153154
1359,1.10299932890227,-0.278018339899912,1.27645286364817
1360,1.04335867549164,-0.313536795935397,1.26937649103063
1361,0.989182805653538,-0.328515482520851,1.2898137634089
1362,0.941415642205762,-0.37443668550597,1.21632613843111
1363,0.901076961691348,-0.435606519720903,1.22913171888516
1364,0.869201623045123,-0.447075858600748,1.19562291390502
1365,0.846745961448758,-0.380692783854519,1.14829902056249
1366,0.834470776041576,-0.289077777864174,1.10893792213688
1367,0.832826344454364,-0.278899570146912,1.13138730577629
1368,0.841874964041068,-0.255660166378681,1.16398394066726
1369,0.861279676558794,-0.301121660122919,1.15350310985823
1370,0.890363632758793,-0.333705450131933,1.30668057653042
1371,0.928217435161497,-0.382809312941808,1.35901766484118
1372,0.97381892898438,-0.403180861057828,1.36431084974719
1373,1.02613571084478,-0.426899856934775,1.43024905881195
1374,1.08419609794801,-0.383127647398301,1.33420702214687
1375,1.14712830653446,-0.39734769362575,1.28113040401854
1376,1.21417503499771,-0.398468098007639,1.241268885087
1377,1.28469224745963,-0.472038027427498,1.18151897854273
1378,1.35813946885665,-0.423218814934473,1.12062786966516
1379,2.16231669695408,-0.774196556156032,1.03717498333369
1380,2.07724864174547,-0.592619184384346,0.933175484422797
1381,1.99303934543513,-0.57367555035666,0.944642212433418
1382,1.90980240768089,-0.598329441242717,0.835130854857151
1383,1.66737410164915,-0.414475416566347,1.00943122721362
1384,1.58960931150711,-0.420982349059852,1.10759338445048
1385,1.51376174569252,-0.573737789120221,1.0241316041333
1386,1.44013435947003,-0.435037851650711,1.12235203863664
1387,1.36908539362686,-0.351835638758414,1.19426977089324
1388,1.30103733531009,-0.299978053080458,1.21259843510939
1389,1.23648573457654,-0.279864636602064,1.25203568889865
1390,1.17600649949903,-0.302270459101184,1.32034330092183
1391,1.12025938649437,-0.290267742304647,1.26164680394793
1392,1.06998429442011,-0.343812081812735,1.30623406883588
1393,1.02598595443348,-0.407816985791056,1.33175435864564
1394,0.989102349707046,-0.45891908646764,1.31295903251788
1395,0.960153752692434,-0.436569037967496,1.29756813216003
1396,0.93987365668736,-0.399236955542179,1.26705360265436
1397,0.928830040089422,-0.371912336482005,1.21214401034695
1398,0.92735294646769,-0.34170637934194,1.18024173199587
1399,0.935487692267641,-0.422846035262132,1.13996252653598
1400,0.952988168110344,-0.329234867159208,1.18959719036787
1401,0.979352421676958,-0.330755312439291,1.31422360316226
1402,1.01388923174224,-0.366348393196453,1.32300915767225
1403,1.05579689038819,-0.389109898712106,1.41997504597703
1404,1.10423650744576,-0.401346200325682,1.39224314262537
1405,1.15838894422849,-0.349508343704188,1.39505489185573
1406,1.21749214328377,-0.356233706278916,1.26757033985206
1407,1.28086095377944,-0.3483277000037,1.17808707615336
1408,1.34789388973612,-0.375310897815321,1.07337091254339
1409,2.20451644501547,-0.730161777117409,0.937331302959355
1410,2.1211414799703,-0.468623533087756,0.985448232728473
1411,2.03874596035644,-0.611922440808256,0.828156839596243
1412,1.57345285316698,-0.51258642012508,1.01708584259534
1413,1.50275288445685,-0.609291908105743,0.958459357403923
1414,1.43480802669194,-0.448341001765798,1.10367266965275
1415,1.37002825017881,-0.325123229149481,1.2119035072232
1416,1.30888358161776,-0.253935275507941,1.23365658629798
1417,1.25190676381318,-0.3019903199422,1.25314459660655
1418,1.19969177351767,-0.218182700020025,1.32766522634237
1419,1.15288579170832,-0.32062265267905,1.36624515162826
1420,1.11217194583931,-0.413616444194441,1.36975007707073
1421,1.07824056527902,-0.498451640938787,1.3662237687008
1422,1.05174830032028,-0.488685535668518,1.32430435059081
1423,1.03326751083739,-0.446841988296517,1.28884471262566
1424,1.02323237917383,-0.414802554916716,1.24596250187234
1425,1.02189174854264,-0.422764094537293,1.19316122123585
1426,1.02927959311426,-0.411408264999797,1.17034082920274
1427,1.04521084331131,-0.467048291438394,1.23972755233995
1428,1.06930371001963,-0.400502194065653,1.28086178420288
1429,1.1010225395786,-0.391245984632068,1.29311243927159
1430,1.13973081566245,-0.327413242333922,1.39257580054971
1431,1.18474365277609,-0.322715484259237,1.37142259548156
1432,1.23537209152871,-0.289451624036585,1.37291234938681
1433,1.29095560627581,-0.349231197935332,1.21372900074006
1434,1.35088268970107,-0.318797452881508,1.14184216934232
1435,1.41460142669418,-0.332150552717426,1.05970951284592
1436,2.41600023505701,-0.132341372842153,1.20917543984578
1437,2.24990388814123,-0.668554880677739,0.846799589730566
1438,2.16827487362188,-0.869355647131723,0.909644850798348
1439,2.08774036709527,-0.736146867558307,0.906081535254662
1440,1.63643778698387,-0.31756892495329,0.818259088928558
1441,1.56857928753148,-0.375589346167229,0.940893330914902
1442,1.44192654314198,-0.382077439425447,1.04206506267034
1443,1.33020498225294,-0.38610138941613,1.22584610932727
1444,1.28118503775815,-0.332604958802342,1.32317262173389
1445,1.237465311939,-0.297423382725625,1.33549646663096
1446,1.19962543597632,-0.422634243576289,1.37504971649085
1447,1.16823690497373,-0.507066324483079,1.38119377079745
1448,1.14383094762992,-0.492858861980285,1.40829396318498
1449,1.12686134838385,-0.44314706949444,1.3772939036899
1450,1.11766687851037,-0.427995336163258,1.33684844774883
1451,1.11643965142273,-0.388533570959902,1.30827731824706
1452,1.12320578271786,-0.403753045349961,1.27558822453072
1453,1.13782268236527,-0.542438595471333,1.28121829442506
1454,1.15999360937512,-0.528081431846674,1.23553637662583
1455,1.1892961709303,-0.465371885544907,1.32993105931813
1456,1.22521878931886,-0.415498561216143,1.32521526263039
1457,1.26719859229823,-0.395027480748206,1.27514710831918
1458,1.31465545070082,-0.352072912943617,1.28677729109933
1459,1.3670190660354,-0.382084963010401,1.20403272443527
1460,1.42374814867777,-0.375397074967677,1.22793890488987
1461,2.62748910003602,-0.938350855344282,1.35406044765348
1462,2.29829017891878,-0.463899363338336,0.782135784532794
1463,2.21844228417633,-1.25902293398931,0.83620951684483
1464,1.63722668617216,-0.22136554316158,0.803646267694341
1465,1.46130805116492,-0.552069929306853,1.06837941499245
1466,1.41050187360814,-0.52106698792469,1.15836279595804
1467,1.36436994309346,-0.427113303879964,1.22199135306589
1468,1.32340116325089,-0.373932936211512,1.31335997746748
1469,1.28808828396305,-0.420787975050909,1.36090890213001
1470,1.25890734638579,-0.504216106914028,1.41325854763349
1471,1.23629263420821,-0.465265129890851,1.43229599079143
1472,1.2206091672288,-0.470419938731738,1.39532461079766
1473,1.21212602148482,-0.452699995434492,1.37951513833025
1474,1.2109945234849,-0.472806604036489,1.35299547926498
1475,1.21723517488296,-0.495459587285972,1.31699818754794
1476,1.23073583564728,-0.58239333778431,1.33494483863499
1477,1.25126152919069,-0.694181904683259,1.26566585125562
1478,1.27847394296129,-0.618270390755902,1.31443143065899
1479,1.31195705811642,-0.635383025761019,1.27559258618865
1480,1.35124480127182,-0.590001380470844,1.288796636909
1481,1.39584712440113,-0.468114465916382,1.21750856495636
1482,1.44527207388291,-0.417269051642214,1.25211503236199
1483,1.49904270503041,-0.447647730732215,1.17909003214329
1484,1.55670876742443,-0.483361839971732,1.10510893838009
1485,2.75532098609499,-0.993847334319602,1.3651136076537
1486,2.67238932466094,-1.04396593657567,1.22166625476944
1487,2.59025696791267,-0.590554006934301,1.14532615488538
1488,2.50900241295035,-0.195741129151691,1.04988703646864
1489,1.54058007002332,-0.936457968738551,1.05586005912818
1490,1.49247487992452,-0.746514111872038,1.1098443707507
1491,1.44895516610091,-0.475258335730824,1.16339817643113
1492,1.41044545114211,-0.362583018808002,1.24334271382005
1493,1.37736602217295,-0.456463749408149,1.30484016190843
1494,1.35011608335645,-0.46592351004375,1.35316841061377
1495,1.32905425365225,-0.509528728830159,1.39418039036984
1496,1.31447802221134,-0.483654042041021,1.4171409615379
1497,1.30660446337608,-0.48547231523408,1.48382999653411
1498,1.3055548505,-0.480031709470052,1.45402461789463
1499,1.31134556953002,-0.498611387051435,1.42441297918294
1500,1.32388686408623,-0.624429062498452,1.38052087732445
1501,1.3429896299623,-0.735481545507068,1.30219271569322
1502,1.36837909754009,-0.830246121646653,1.33339364318268
1503,1.39971320422976,-0.582977997198141,1.26302008855538
1504,1.43660302266067,-0.590916680835238,1.23110749014307
1505,1.47863278959062,-0.533147776192781,1.27272623146359
1506,1.52537769070466,-0.449606885543623,1.18321274478862
1507,1.57641833383735,-0.464259427918978,1.04820089529321
1508,1.63135156184366,-0.497783442518407,1.13431286251871
1509,1.68979778805426,-0.534191233094165,1.11098115054502
1510,1.75140535051386,-0.617461986865207,1.07555892386253
1511,2.80136662350384,-0.980450305428223,1.42889390416271
1512,2.63918403728992,-0.520878661422109,1.07570232224474
1513,2.55948321562312,-0.187089494523854,1.0313936669809
1514,2.25223378796697,-0.48060181817847,0.803393580991729
1515,1.67124185894153,-0.389769103886212,0.856225631958968
1516,1.62149565988283,-0.609798570719158,0.976758036380322
1517,1.57586245912247,-0.851332240915657,1.06041921073433
1518,1.5347091894676,-0.636783989379155,1.09609335461754
1519,1.49840501651364,-0.513317514127203,1.22561094681224
1520,1.4673099133797,-0.409553554857539,1.2420675098982
1521,1.44176095848222,-0.410214307684386,1.35528392981338
1522,1.42205711278307,-0.495628577279919,1.37576750383944
1523,1.40844371337389,-0.485584628540308,1.43872223355597
1524,1.40109830011319,-0.484676519997867,1.42719185782208
1525,1.40011952722968,-0.468559625616391,1.44232587431167
1526,1.4055206955402,-0.485601699961685,1.39691378221967
1527,1.41722886358057,-0.547425515094597,1.37203139106878
1528,1.43508967282609,-0.700579659072729,1.37505912805943
1529,1.45887716324934,-0.789326991288934,1.34203280617918
1530,1.48830718501287,-0.735968980944499,1.4230176273458
1531,1.52305268050175,-0.633445251676906,1.34799347010638
1532,1.56275914629169,-0.509326860019272,1.24380620825621
1533,1.60705890438567,-0.420023916676963,1.17323928781753
1534,1.65558327671076,-0.544530592629003,1.15822933699591
1535,1.7079722308034,-0.583399714374584,1.07134474997083
1536,1.76388145502437,-0.60653087331138,1.02696686696423
1537,1.8229870884552,-0.790962546029268,0.95241363698638
1538,1.88498847558334,-0.654345244484722,0.83720977692398
1539,2.84980905908786,-1.16734346582073,1.35878440188103
1540,2.69054810339155,-1.02952281762003,1.40309675219775
1541,2.61241479191847,-0.605677284542264,1.00806074315133
1542,2.24085991386548,-0.375028234838083,0.788297001094079
1543,2.10366785276767,-0.555711579102128,0.780870351083276
1544,1.75122987213452,-0.597077139440783,0.779962383105075
1545,1.70382067395509,-0.821900791916752,0.986519291432249
1546,1.66045150608184,-0.826228668523596,1.00906062605383
1547,1.62144657951295,-0.700031874450398,1.08731807382707
1548,1.58712769098494,-0.579498205840569,1.15516055438263
1549,1.55780457563851,-0.563011993399998,1.1822321069323
1550,1.53376379386837,-0.441669190179773,1.29704203064663
1551,1.51525679209659,-0.423062327512853,1.34178457232118
1552,1.50248807240536,-0.473190650784136,1.40290176498052
1553,1.49560461371247,-0.472746066021384,1.46864027962458
1554,1.49468772809166,-0.429513922980973,1.43257741031417
1555,1.4997483587488,-0.435017414521294,1.43990261011001
1556,1.51072643643507,-0.537524998920552,1.43698208742941
1557,1.52749438068689,-0.585618421850875,1.43191052506227
1558,1.54986428161577,-0.697617584659161,1.46226743519814
1559,1.5775978546318,-0.68243581876561,1.42773404891859
1560,1.61041801454203,-0.496030937611819,1.37660303427178
1561,1.64802089285794,-0.46760403068411,1.27624136974888
1562,1.69008728654564,-0.460076198262962,1.17062596881033
1563,1.7362928036775,-0.549783866622112,1.14235063715588
1564,1.78631628083424,-0.570023508731759,1.05591410896572
1565,1.83984632547308,-0.812417307436433,0.958558883674479
1566,1.89658604831215,-0.884668939487498,0.900464724329075
1567,1.95625618645921,-0.860488233993297,0.870866873578244
1568,2.90052820678395,-1.84602769297457,1.32073867492976
1569,2.30501743131355,-0.481753178437693,0.824104650887762
1570,2.23744055869708,-0.530289152569207,0.806960372455391
1571,2.17188181995665,-0.567140311232208,0.788884557472038
1572,2.10852946792922,-0.540805637238467,0.805718440139426
1573,1.78736037051482,-0.614429092736014,0.841412986106877
1574,1.74606741254154,-1.12877394508482,0.996429711236368
1575,1.70901761702574,-1.13148929784574,1.04455832432648
1576,1.67649232404484,-0.932198891099227,1.1151278114984
1577,1.64875932172356,-0.557487818990006,1.13966215695886
1578,1.62606383038046,-0.488714874316919,1.18670544965887
1579,1.60861908203432,-0.481320516632331,1.31836287630392
1580,1.59659719804666,-0.533064947888517,1.32594022929082
1581,1.5901211795483,-0.551654281123227,1.40082857714789
1582,1.58925882397987,-0.470862716283261,1.37331055709702
1583,1.59401924224892,-0.460382738078263,1.38930753456487
1584,1.60435238362209,-0.478308279104042,1.40150443198408
1585,1.6201516250401,-0.521996601548035,1.4211646486473
1586,1.64125911924914,-0.558758276355654,1.42714546314867
1587,1.66747329694629,-0.586017240068756,1.39626239364632
1588,1.6985577372146,-0.533243880759347,1.33384210666896
1589,1.73425057831513,-0.482677704782016,1.34118561784925
1590,1.77427372218417,-0.50785053159541,1.25205380545691
1591,1.81834125102862,-0.547603544201807,1.14314869143572
1592,1.86616667537054,-0.650821697595068,1.02914419474653
1593,1.91746882802482,-0.807607334432429,0.930454149261343
1594,1.97197638011777,-1.13295925879839,0.890652480913983
1595,2.02943107105169,-1.28484223933806,0.860570509506659
1596,2.57893802104746,-1.20500873165314,0.975613986000246
1597,2.30557757403756,-0.69116564528283,0.832262342151243
1598,2.24201211773274,-0.597564847842832,0.860658716662193
1599,2.18069810228929,-0.535077326203747,0.813372867132831
1600,2.12183071466786,-0.642316280396802,0.828930821782922
1601,2.06561914233962,-0.683237577420929,0.785748781113596
1602,2.01228596173704,-0.548274649061315,0.801482181383142
1603,1.96206590957597,-0.588606592068947,0.794303909345211
1604,1.79730045109507,-0.91654789279886,0.934644849691062
1605,1.7664014857284,-0.916529908073399,0.999280284364973
1606,1.74010200769167,-0.835917272681516,1.07685491590139
1607,1.71861318413242,-0.668635606457782,1.17532607600082
1608,1.70211722489585,-0.589757963828231,1.28197661737003
1609,1.69076027544199,-0.768865531800957,1.24883496361523
1610,1.68464627202576,-0.773692449618568,1.32075566499465
1611,1.68383232710389,-0.795522561140774,1.36548000842938
1612,1.68832610619573,-0.678038237027132,1.29261743803375
1613,1.69808547106325,-0.623089796963525,1.33121208096762
1614,1.71302042729277,-0.609685002615233,1.37647414924085
1615,1.73299717043066,-0.577805517579182,1.39294431204377
1616,1.75784381906675,-0.60460075178855,1.38130587591931
1617,1.78735729020635,-0.68141536958544,1.34013344527193
1618,1.82131072708327,-0.582232939805916,1.27054250682709
1619,1.85946092656864,-0.485245182394746,1.20762940981595
1620,1.90155531115836,-0.557482105388271,1.13021454534736
1621,1.9473381207345,-0.771069146721876,1.00053454951467
1622,1.99655563474928,-0.913675886595939,0.933717566719009
1623,2.04896035587431,-1.25131064996586,0.881696011781769
1624,2.10431418004827,-1.09650280151594,0.836682361786462
1625,2.25452598136337,-0.72955352030859,0.906043274531275
1626,2.19763708765171,-0.603413561861291,0.837654464539033
1627,2.14341447893641,-0.560354729140326,0.885555274055569
1628,2.09206548155604,-0.582240898142488,0.932526800128896
1629,2.04380669850026,-0.620403156399277,0.986194370170982
1630,1.99886196463461,-0.795232584754392,1.00555031495787
1631,1.85677607591703,-1.05863223425718,0.897008070809742
1632,1.83177459980395,-0.995776980081425,0.930924464712925
1633,1.81137364008317,-0.844458308763599,0.998801025950462
1634,1.79573000047377,-0.701454774972148,1.06299662484577
1635,1.78496876620489,-0.954716999793978,1.15787433758343
1636,1.77917853212225,-1.16638923726385,1.16362433015244
1637,1.7784078534224,-1.260781535918,1.1804521280502
1638,1.78266324026059,-1.09560283621031,1.23901333300981
1639,1.79190888561625,-0.74142701660478,1.19223246809358
1640,1.80606815254482,-0.63074682339542,1.27917287986443
1641,1.82502667926664,-0.509547095916957,1.34779175419489
1642,1.8486368165612,-0.637509041371464,1.36036888473877
1643,1.87672301370452,-0.716874847482092,1.33503572373378
1644,1.90908772766024,-0.512354899117506,1.29584244841005
1645,1.94551744395928,-0.33853961247214,1.25440712858576
1646,1.98578845517566,-0.500890537381379,1.05471738746101
1647,2.02967212716244,-1.19239879253071,0.933987475031871
1648,2.07693947672133,-1.09469356094166,0.919892843765782
1649,2.8458202353746,-0.539458462179406,1.03378270136431
1650,2.27485108247744,-0.373678532397914,0.925298751198399
1651,2.17303397523942,-0.551369875688225,1.03704203024802
1652,2.12661338735113,-0.561157542664093,1.1086644841425
1653,2.08345574277195,-1.38329325390409,1.14442770703414
1654,2.04376775980784,-1.4059596432654,1.09862746090541
1655,1.97561908708319,-0.93714365769015,0.974247160067426
1656,1.94755130215467,-0.927872718495469,0.969844748841795
1657,1.92372993502555,-1.26195060475273,0.891773917567203
1658,1.90431434968459,-1.12051196290264,0.926641743512201
1659,1.88944037032874,-0.910673643494975,0.963280624104485
1660,1.8792158403849,-1.02467684829984,0.991548863580172
1661,1.87371687498169,-1.58906742653479,0.971225614840552
1662,1.87298509645458,-1.71088362400559,0.967223969382662
1663,1.87702608042693,-1.22285134447603,1.0008915370121
1664,1.8858091453742,-0.747339488799618,1.07194914416946
1665,1.89926850394123,-0.470905971842314,1.1851131990021
1666,1.91730567684486,-0.339468825367289,1.30136544340102
1667,1.93979296781178,-0.447810001278127,1.26071403674023
1668,1.96657772503267,-0.615988434835014,1.24798788841196
1669,2.30278059668727,-0.547473272813605,0.992971268251246
1670,2.25506337540289,-0.683501816411347,1.05708932837903
1671,2.21036618432324,-1.02966043592694,1.15738013148862
1672,2.16887574600945,-1.30653333935229,1.19226904525477
1673,2.1307793939234,-1.48577153639799,1.15308461775603
1674,2.09626218317777,-1.10908385416817,1.06970111349334
1675,2.06550355767935,-0.671524983845399,1.00385925715788
1676,2.03867364824853,-0.615325659077544,0.982678522739818
1677,2.0159293222859,-0.998976972460728,0.977859895393519
1678,1.99741015115907,-1.07064058001608,1.01282551737387
1679,1.98323450014532,-0.955467128285161,1.03580614786531
1680,1.97349597017378,-0.945667775563835,1.04672892752706
1681,1.96826042411308,-1.44335506583224,0.899726165945619
1682,1.96756380864245,-1.06248581980506,0.847463833670522
1683,1.97141093538144,-1.01089832872513,0.813062926062776
1684,1.97977531611938,-0.774643700436393,0.898100726412157
1685,1.99260006514148,-0.603733033801249,1.0150029746794
1686,2.00979979798988,-0.326271435451107,1.20047956710804
1687,2.03126338211239,-0.180383862102342,1.32635306031015
1688,2.0568573402483,-0.380330958475606,1.23767185964724
1689,2.3840990199927,-1.37709855214035,0.888180997122314
1690,2.33804202009593,-1.80967263750188,1.02742731126266
1691,2.29496150936143,-1.56345377249851,1.13723828955254
1692,2.25502808458761,-1.28362668452364,1.165507841023
1693,2.21841170349856,-0.991645309425709,1.13898183245696
1694,2.18527911289886,-0.812320376008888,1.06825411997186
1695,2.15579094706255,-0.45982113851824,0.980923314817121
1696,2.13009856690102,-0.476941703686733,0.975453270171281
1697,2.10834074406934,-0.623908967493704,0.971558679509971
1698,2.09064032597768,-0.651730640844646,0.981761618844869
1699,2.07710104309286,-0.698716964583252,0.938132747916944
1700,2.06780463413325,-0.784772752013038,0.938044226502819
1701,2.06280846366806,-0.993647801757859,0.912502353931575
1702,2.0621437878408,-0.679417758889755,0.909735540186847
1703,2.06581478763037,-0.716139858332633,0.810269279705785
1704,2.42187234170118,-2.79454700412255,0.940121409579792
1705,2.38030953474824,-2.1149718640869,1.025452485044
1706,2.34183193548166,-1.26898629081062,1.05171307311049
1707,2.30659394735664,-0.495892785840117,1.04598966026726
1708,2.27474612935926,-0.434001254736084,1.0031051170067
1709,2.24643267408568,-0.434044206788081,0.96608894397425
1710,2.2217887065328,-0.41952911554965,0.943871438906919
1711,2.15736040325754,-0.630243107239801,0.890957897111187
1712,2.156724867361,-0.674212934583114,0.853673458555859
1713,2.16023514658827,-0.70885151678671,0.811318388253516
1714,2.46633211958334,-1.44449985310926,0.879886315944812
1715,2.42921745772519,-1.1591688011442,0.879987730624578
1716,2.39526538839799,-0.974032949108936,0.875261226183586
1717,2.36461214492145,-0.745803371591839,0.900040709078796
1718,2.33738751645396,-0.395909250134178,0.909357035303874
1719,2.25649325272223,-0.511117588161144,0.811325121809546
1720,2.2519157516254,-0.587563711745007,0.822730994245857
1721,2.25130690852411,-0.744148435457108,0.840129909063207
1722,2.59175662753266,-0.968870302731512,0.844380700388188
1723,2.55296107649053,-0.701081417466718,0.890799926253812
1724,2.51712407141644,-0.603690847156914,0.978690420986074
1725,2.48437364638344,-0.573399849150941,0.828276487398523
1726,2.45483334055435,-0.617752388627738,0.898954707481832
1727,2.42862029474803,-0.700300039508886,0.926814895701839
1728,2.64013671675825,-0.627961282814462,0.785388822840297
1729,2.60549903396708,-0.544147638179657,0.90397948775766
1730,2.57387335351682,-0.366470994698012,1.01536848273382
1731,2.54537194826151,-0.433259762110188,1.09156282538318
1732,2.98444539500578,-1.22547373816699,1.34327845814215
1733,2.69429625917695,-0.689083337387293,0.793479940479554
1734,2.66372505265754,-0.714998562378932,1.01832271060326
1735,2.63619526424126,-0.562690425245545,1.1139723120444
1736,2.5472395672872,-0.628861197841425,0.805454583351345
1737,2.75389429054186,-0.552638716472434,0.928281831859667
1738,2.72727484469969,-0.673920738977565,1.10300595655834
