0,2.81968885554999,-0.779588734086057,1.1758207191874
1,2.76343852933991,-0.851806023331044,1.09218231574817
2,2.73036551367554,0.0395275149380779,1.24537735246689
3,2.7002027076146,-1.31368929498971,1.17608860831366
4,2.61052578403138,-1.02079726134797,1.28981923564384
5,2.59625136467829,-0.606057559657367,1.57082771758907
6,2.71262432913075,-0.838960245642136,1.20247175232419
7,2.67558191665071,-0.701136877918086,1.39514320723709
8,2.64140907955142,-0.917687746020944,1.45812007249396
9,2.61021852523447,-1.08439462564622,1.44805284046506
10,2.58211832891714,-1.41006724833011,1.34254356032916
11,2.55721036887751,-1.94990605897325,1.37444045580953
12,2.53558872216525,-1.20492768209236,1.45751624084761
13,2.51733806954105,-1.02449613943321,1.6240375586148
14,2.50253216480066,-0.741910349213456,1.59984071716013
15,2.49123242722859,-0.731448907903189,1.61286348643528
16,2.48348671593,-0.945527420608183,1.64260503307145
17,2.71131759837835,-1.98285845028559,0.95946640148767
18,2.66755693074546,-1.31249583075917,1.17578450431415
19,2.62647526723025,-0.716460360365138,1.31828029334994
20,2.5882001798718,-0.867448409508454,1.48984019362925
21,2.55285790907305,-1.09076960175291,1.57590749064736
22,2.52057182557001,-1.14384260619711,1.57755835057085
23,2.49146074480615,-1.40753425849679,1.54746957100427
24,2.4656371284264,-1.19801595806036,1.53177112923837
25,2.44320521986012,-1.1997180005917,1.58293429318699
26,2.42425917235365,-0.867615245774789,1.56657374699803
27,2.40888123705633,-0.766477631190874,1.59438256885014
28,2.39714008452894,-0.741771020089963,1.61655897208928
29,2.38908933415662,-0.834489926038157,1.56869626957057
30,2.38476636159993,-1.06569967435596,1.57955178666677
31,2.94911585821441,-1.07097364613346,0.988499745377739
32,2.8904200833081,-1.04005598765924,1.06936944542087
33,2.83366682267377,-1.21789160859043,1.04807452686608
34,2.67627704477482,-1.37343910692339,1.06171031397115
35,2.6285319455484,-1.16558203042907,1.21533806396681
36,2.58336932091801,-0.807375318608659,1.2894589057214
37,2.54092687790587,-0.856922941808169,1.48945587226062
38,2.50134308733942,-0.968972954528661,1.64274839246697
39,2.46475568229573,-1.11853845210426,1.67243645635922
40,2.43129993981607,-1.04038279332939,1.70582476978727
41,2.40110676822216,-1.09208027721457,1.68017915744396
42,2.37430063778096,-0.990214700131371,1.6526291134884
43,2.35099740872763,-0.995253520394242,1.55322380890304
44,2.3313021263305,-0.89262061162392,1.57851743527818
45,2.31530686599732,-0.766230798434437,1.59827975378913
46,2.30308872046816,-0.815403439052504,1.55447476717095
47,2.29470802414451,-0.89390043625173,1.55295352631637
48,2.29020690526224,-1.15784929979532,1.59124449074017
49,2.2896082444079,-1.2563838456193,1.69635758377443
50,2.29291509828047,-1.27308115587291,1.68096035573976
51,2.87630264502471,-1.39469167423552,1.19454520414577
52,2.81608963255704,-1.38455899871637,1.22910613579808
53,2.75780714019789,-1.85931058573771,1.14488277955843
54,2.70158011496418,-1.54769264478696,1.15572062544816
55,2.5465688188959,-0.696511051659809,1.30027594886495
56,2.49992592067541,-0.555911538888095,1.44702483930522
57,2.45604192950139,-0.893357879719005,1.55188877163919
58,2.41506724568596,-0.864033587391965,1.72004234731091
59,2.37715231611555,-0.976703464818259,1.79581109288023
60,2.34244572145312,-1.06202954833305,1.81005867062992
61,2.31109200877133,-1.13236569872915,1.67119763041483
62,2.28322930937116,-1.01870000749727,1.61803442686661
63,2.25898680307089,-0.966802833845775,1.58243849394427
64,2.23848211179753,-0.863072912951728,1.58265841161109
65,2.22181872445498,-0.876772293973135,1.54085216801611
66,2.20908356902859,-0.893720147780241,1.53855447964566
67,2.20034485403484,-1.02108925559641,1.55383433180499
68,2.19565029763741,-1.15272547372818,1.58788735226024
69,2.19502584801752,-1.21921925771254,1.61808187105941
70,2.19847497336835,-1.14228101992645,1.62719772911875
71,2.20597856623791,-1.11395008707851,1.63021258745693
72,2.21749546831268,-1.23880550002266,1.5805023337131
73,2.86836129798631,-1.37141531024037,1.25928423920831
74,2.80478964585451,-1.32058517953342,1.33639885478406
75,2.74300726763744,-1.27481476733235,1.38853885221327
76,2.68313776654182,-1.36894965988342,1.30996483838767
77,2.62531201370169,-1.34462399932517,1.31754003498533
78,2.46551025166991,-0.480330157300356,1.36419938228353
79,2.41730379981114,-0.692164928220317,1.47381171895603
80,2.37189165249711,-0.650719293064996,1.63962221083492
81,2.3294372395284,-0.835105861283624,1.76427070409177
82,2.29010505997653,-0.97576348253815,1.83725933897965
83,2.25405856393986,-1.04867698513294,1.76279682399429
84,2.22145770266356,-1.0676660238476,1.72857698644334
85,2.1924561867659,-1.04592079875057,1.66263808521744
86,2.1671985207094,-1.12836910758433,1.55643539778532
87,2.14581691123779,-1.00775808694696,1.53205891656856
88,2.12842817498155,-0.982359560248845,1.52693191921838
89,2.11513079185867,-1.01464153446364,1.53195352991322
90,2.10600226220063,-1.0627536451709,1.54968438505806
91,2.1010969233312,-1.14579098883921,1.58366387581387
92,2.10044436374345,-1.17037145369125,1.61677767724992
93,2.10404854037248,-1.15514266942654,1.62698567240784
94,2.11188765951639,-1.08399825676879,1.63237051052764
95,2.12391482967275,-0.953788290922417,1.6230801224068
96,3.00473755262692,-1.87864540925121,1.03282566925888
97,2.93498035913989,-1.03264303005609,1.06878749536811
98,2.86664737071367,-1.1849233602753,1.20140051152707
99,2.79984286677207,-1.19597789615088,1.36462623875256
100,2.73467886603188,-1.245469327088,1.45410880399357
101,2.67127542816919,-1.25381670458202,1.41680108063492
102,2.6097608735422,-1.18167859534735,1.42705701719392
103,2.55027188984138,-0.965936071731127,1.42340690168225
104,2.49295348899065,-1.13386564562859,1.30813909135863
105,2.43795877232129,-0.968424100850793,1.31687068180456
106,2.38544845761088,-0.50341899137399,1.38527619701674
107,2.33559011888004,-0.446891092923685,1.52622851046901
108,2.28855708996175,-0.700944462317477,1.64849629199167
109,2.24452698708,-0.831495529819342,1.65866035965424
110,2.20367981534496,-0.95082610623007,1.72273346471597
111,2.16619564040262,-1.0087234178965,1.74281749424937
112,2.13225183023769,-1.17001642590845,1.66999350518929
113,2.10201990326371,-1.20749394667147,1.61870859432869
114,2.07566205606638,-1.12012826176802,1.56079857067874
115,2.05332748468986,-1.03952423045024,1.52589934178108
116,2.03514865277306,-1.07895070754647,1.51789355538999
117,2.02123769247889,-1.06550074629051,1.5083626538578
118,2.01168314384321,-1.03755105013009,1.52077096792529
119,2.0065472394291,-1.12251253922699,1.55593323161625
120,2.00586392061135,-1.14349501900999,1.58309436672812
121,2.00963772931149,-1.09687892599689,1.60195585148983
122,2.01784365827641,-1.06537726118791,1.58510294329743
123,2.03042797127417,-1.00711869400867,1.40232069031287
124,2.04730993133206,-0.97127344129736,1.22278020014575
125,2.06838431014195,-0.914299842810222,1.11564964264312
126,2.09352450309616,-0.996579866265006,1.08820790586549
127,2.94244231788955,-1.27870962038888,0.957341313771946
128,2.73288110106446,-1.06306979183562,1.35910289515592
129,2.66608093167898,-1.10807634796744,1.45338964860515
130,2.60100585295023,-1.28077127549292,1.47141308601088
131,2.53778857492357,-1.25609728246104,1.45822810810806
132,2.47657136906167,-1.28049064231567,1.38170454048663
133,2.41750618038745,-1.00094001697353,1.36041263620176
134,2.36075454240359,-0.735464909997736,1.35131512405755
135,2.30648723774032,-0.690800544654435,1.39586935741365
136,2.25488364164339,-0.564969724821081,1.50099330084996
137,2.20613068242909,-0.607903915328396,1.50055658073264
138,2.16042135466007,-0.754283736975952,1.59146110420951
139,2.11795272905219,-1.04863277568187,1.59504155267734
140,2.07892342005187,-1.06016905130134,1.62278500104718
141,2.04353049928128,-1.10701863403384,1.61721600200998
142,2.01196588133537,-1.09021394988572,1.58787037698585
143,1.98441225679911,-1.0026928566723,1.43471814109797
144,1.96103870265827,-1.05134856968491,1.40600710959905
145,1.94199615674822,-1.14928932453622,1.37558617467734
146,1.92741299244304,-1.09580469668821,1.36132598488899
147,1.91739096304424,-0.982301242694668,1.36580090664866
148,1.91200179340956,-1.02979872805025,1.39378875760822
149,1.91128467318481,-1.08263945167289,1.42168547688948
150,1.91524485040767,-1.08409664408116,1.43880485482333
151,1.92385344119223,-1.09011311015919,1.4127417177431
152,1.93704847137943,-1.13109807487126,1.32683795779616
153,1.95473706387118,-1.16168715051673,1.24571014775449
154,1.97679859580642,-0.931550322767347,1.13470068647798
155,2.00308858491203,-0.996294306489788,1.12373018182462
156,2.03344303110258,-1.0826818293348,1.098732291321
157,2.95594567979553,-1.56179426540911,0.854324235285813
158,2.88190584842049,-1.26762100337504,1.06439402641496
159,2.66759322941266,-0.993808635620523,1.39488375668574
160,2.5991156302318,-1.08699473581236,1.4607213292696
161,2.53232027439942,-1.17671660034381,1.46887260070786
162,2.46734378959755,-1.23133789854208,1.45164727010643
163,2.40433364388326,-1.37539940734803,1.35748120984332
164,2.34344845415138,-1.10605940725174,1.39927056925762
165,2.28485809943028,-0.789211666633959,1.42563634124272
166,2.22874357047014,-0.670385707600345,1.47609873580854
167,2.17529647689779,-0.604169106789491,1.46789410995766
168,2.12471812554231,-0.871489751587877,1.54335774543431
169,2.0772180806849,-0.811770725207069,1.59006001443966
170,2.03301212184104,-0.951219588946267,1.59581561372576
171,1.99231953047024,-1.0171084359301,1.57484750711282
172,1.95535966679939,-0.967276990255751,1.47475650814352
173,1.92234784383852,-0.969204076062159,1.45798385471528
174,1.89349056770493,-0.885085359974623,1.41698305227342
175,1.86898028838632,-0.90437416378623,1.37282114652807
176,1.84898988582357,-0.919435243207244,1.35803724507999
177,1.83366719131123,-0.885434201189979,1.34454693407805
178,1.82312989943578,-0.805437003479171,1.3281494659628
179,1.81746124664444,-0.939574506788809,1.39244520657209
180,1.81670680821209,-1.04066014360562,1.40866282961152
181,1.82087269243791,-1.10359280382298,1.40350331021993
182,1.82992529580859,-1.14971590639549,1.35869042713159
183,1.84379264168354,-1.19466159729207,1.30398428451064
184,1.86236718021037,-0.708635583587638,1.20829327459151
185,1.88550980199924,-0.937527293445378,1.16697686361265
186,1.91305473106701,-0.819741960638492,1.18349266821273
187,1.94481492327487,-0.859399873258192,1.24448167005993
188,1.980587604384,-0.786932776566968,1.42128992336442
189,2.02015962799939,-0.764179432241205,1.54939379427366
190,3.05304412625933,-1.0133853219695,1.22000695554218
191,2.97540819248733,-1.12344694020787,0.985681306029833
192,2.89877989472588,-1.31876279718036,1.07418705449138
193,2.82324128181163,-1.14146225630251,1.16018994273278
194,2.60410515413134,-0.996130804995269,1.3848916397806
195,2.33369455740765,-1.20232930699607,1.3837230113028
196,2.27091626297176,-1.01154985660848,1.43277185222396
197,2.21040416003438,-0.849045123203583,1.39260560447555
198,2.15234939521377,-0.612838287696037,1.52203820145942
199,2.09695607454449,-0.764220187880019,1.53334914023223
200,2.04444054185323,-0.754441928679162,1.63815896568299
201,1.99503006766549,-0.68770456873464,1.62990427312574
202,1.94896082662473,-0.731766920040477,1.59450272060189
203,1.90647505298608,-0.681162589463035,1.49265210288578
204,1.86781729371771,-0.710054516675812,1.45242776628081
205,1.8332297316146,-0.693513809594029,1.46248170660496
206,1.80294662875879,-0.72473335929164,1.45558015672515
207,1.77718804141311,-1.00307691842051,1.38551112038827
208,1.75615307249766,-1.02510267470024,1.40681058975962
209,1.74001304151904,-0.962779072721363,1.40901898028991
210,1.72890504261566,-0.878728089629564,1.40808511360963
211,1.72292640563069,-0.80331706889589,1.40984159832743
212,1.72213055346257,-0.621346678370871,1.47777252313934
213,1.72652465323586,-0.672364970527234,1.44716098985527
214,1.73606929712074,-0.676800538550641,1.3877028136537
215,1.75068024541648,-0.728762722322146,1.29390187296834
216,1.77023205543507,-0.731588741202771,1.25724352399504
217,1.7945632420175,-0.739201697394068,1.24319490231098
218,1.82348249792067,-0.943496082066989,1.1939781615733
219,1.85677545814182,-0.955849299293921,1.33525880182414
220,1.89421151796854,-0.935628452983799,1.46740184753952
221,1.93555029352475,-0.888502882295619,1.53622115604325
222,1.9805474227685,-0.918451666414192,1.53593644000654
223,2.02895952153272,-1.04549470132573,1.52659080493273
224,3.08061746412012,-0.572345318874365,1.36750433059962
225,3.00071390575041,-0.765931233991271,1.45096711286826
226,2.92168776894417,-0.786642208769209,1.16454656576559
227,2.84361220727163,-1.10249849463475,1.17181475973231
228,2.76656770070834,-1.00334649576271,1.2866896995146
229,2.69064282114389,-1.0283684940295,1.32110408353699
230,2.61593505853182,-0.965091204056916,1.31067346614421
231,2.54255170272911,-1.08097881243365,1.33337866600338
232,2.33158763496206,-1.43707719672299,1.33694803391011
233,2.26480369890005,-1.12230553975587,1.25408766373914
234,2.20006049478347,-0.900096416678772,1.37172756478739
235,2.13754346341181,-0.810217051859597,1.49798743333084
236,2.07745359186538,-0.74599876563212,1.5521791947448
237,2.0200074964827,-0.732734005058094,1.69695679412677
238,1.96543700902634,-0.590205387761696,1.72390362265464
239,1.91398810815706,-0.594571075558779,1.76528678917927
240,1.86591902584089,-0.710386222744147,1.65930678489904
241,1.82149736067213,-0.762620570732622,1.56770320075831
242,1.78099605557907,-0.835787281778339,1.49419597485981
243,1.74468815441414,-0.867664313520604,1.479357862195
244,1.71284034674278,-0.895163994002741,1.47678741300446
245,1.68570544337349,-0.970495627489042,1.48952313025793
246,1.66351408810393,-0.980494907484773,1.44804894167811
247,1.64646618305194,-0.936885145861964,1.43703317755113
248,1.6347226534367,-0.896833622555245,1.46713510539855
249,1.62839826409167,-0.854541882690781,1.474336357925
250,1.6275561896434,-0.810615241550927,1.49721995010514
251,1.63220491529357,-0.789661977052026,1.44266195088266
252,1.64229781455209,-0.873492419615948,1.45768156963616
253,1.65773545204558,-0.949983290253487,1.33488497109327
254,1.67837035167067,-0.966777202221269,1.28610811572443
255,1.70401371381736,-0.957750879614763,1.28348027755697
256,1.7344434056781,-0.942337150468392,1.31777753752551
257,1.76941250397838,-0.911869768333471,1.40087775788432
258,1.80865772938994,-0.894514275520938,1.48565822279075
259,1.85190724552852,-0.902299778388939,1.52355427066038
260,1.89888746404631,-0.942932909734363,1.53026380736418
261,1.9493286657964,-1.02561956591524,1.52616978821912
262,2.00296939182581,-1.18801138207933,1.52545533876677
263,3.03171650367103,-1.0248470857616,1.70000622342019
264,2.95048893279627,-0.766240490370142,1.49262276040866
265,2.87008021100237,-0.796302391882551,1.38627210994456
266,2.79056112345414,-0.903950677676741,1.30104505613009
267,2.71200992641842,-1.11998975223397,1.31692756687306
268,2.63451319779624,-1.27303601772919,1.31830360829301
269,2.55816677111663,-1.09759192575269,1.27704846282997
270,2.48307675262769,-1.06256118430387,1.28607702902553
271,2.40936061666722,-1.22833419039558,1.37444634693811
272,2.33714836798312,-1.25146681363287,1.41769496180312
273,2.26658375047061,-1.13840269461614,1.32414354789914
274,2.19782546917192,-1.25123993996698,1.32630253843655
275,2.13104837558801,-1.12417152854365,1.43017171564908
276,2.06644454471055,-0.810193079122298,1.5483734465198
277,2.00422414533499,-0.754475351786836,1.70756644455682
278,1.94461597345999,-0.616636588294002,1.80228246032855
279,1.88786748338961,-0.708801749263543,1.82768931772271
280,1.83424411585701,-0.675353113666946,1.80854985062443
281,1.78402769299819,-0.734946524867917,1.75162865580643
282,1.73751363543569,-0.804436562200578,1.61732099309753
283,1.69500676941941,-0.864182396027457,1.52414198402949
284,1.65681554632446,-0.944400104745137,1.4304008557226
285,1.62324460628069,-0.974557166111242,1.43571871443274
286,1.59458578954173,-0.95353544363093,1.45117920026052
287,1.57110792745427,-0.923872173856201,1.4907588171313
288,1.55304600393003,-0.82402421250685,1.46123493378311
289,1.54059052056299,-0.786456552181781,1.49888831165257
290,1.53387806063135,-0.767704818748789,1.51030381582172
291,1.53298406672606,-0.726806664539074,1.47492663267074
292,1.53791868572363,-0.786741095841157,1.42599491615587
293,1.54862620088644,-0.793316113069461,1.40628476894421
294,1.56498812371155,-0.85795438289751,1.28492673758791
295,1.58682955472746,-0.979595855973457,1.20199118608136
296,1.61392804525699,-0.98129141640425,1.20387790741658
297,1.64602397488301,-0.911844295019594,1.25251336988001
298,1.68283142578942,-0.916331966085221,1.44150569555889
299,1.72404865954281,-0.914305291132269,1.49272226672444
300,1.7693675266689,-0.922824779212372,1.51536607629305
301,1.81848139927293,-0.939680472542341,1.51168371751482
302,1.87109145839667,-0.977445010831738,1.49914518453362
303,1.92691135836096,-1.01857918246043,1.48193198261394
304,3.06824330119419,-1.14342906498446,1.77294656984694
305,2.98501280535492,-0.938829443339017,1.65817910715384
306,2.90247849812102,-0.922216713225514,1.66454887747838
307,2.8207014920209,-0.939660078174047,1.53197606973716
308,2.73974960046264,-0.817389668140202,1.42881022208683
309,2.65969816529876,-0.958560856920974,1.29814398730739
310,2.58063098463615,-1.12382627161206,1.24298024093757
311,2.50264134832517,-1.28994866521767,1.28155433709701
312,2.4258331865447,-1.16114101054841,1.35377065543886
313,2.35032233335102,-1.22018491656042,1.45492398948747
314,2.27623790133362,-1.03387631985272,1.4198248400264
315,2.20372375478392,-0.995430001964469,1.4700007506033
316,2.13294005598899,-0.997301573768475,1.35594807163983
317,2.06406484118059,-0.889915681861608,1.49262694335454
318,1.9972955579647,-0.766813419124933,1.66904475937491
319,1.93285046349823,-0.763810152893883,1.77475698649617
320,1.8709697415344,-0.694636116874876,1.83378132106492
321,1.81191614716062,-0.763898109764767,1.84935680086377
322,1.75597493320879,-0.741449670874261,1.87231855300035
323,1.7034527580435,-0.773091757424771,1.82676394183733
324,1.65467523182844,-0.813766682226262,1.73615879838713
325,1.6099827445905,-0.86883673200596,1.60242090013181
326,1.56972425732801,-0.906447602463621,1.39610661837468
327,1.53424885247502,-0.916526652262897,1.38274822720447
328,1.503895052758,-0.849711005323609,1.40491744613903
329,1.47897823148659,-0.804211405873176,1.45634060954986
330,1.45977682534851,-0.731415467653042,1.52184094480699
331,1.44651845530919,-0.701791356649913,1.57038922306438
332,1.43936735908097,-0.717105428357501,1.56926335498993
333,1.43841462671148,-0.702406695404333,1.51243933030364
334,1.44367252983475,-0.67142256290649,1.43814321786782
335,1.45507374368914,-0.858489364944662,1.33022398385921
336,1.47247557428289,-0.972968094499842,1.21938004875902
337,1.49566858804285,-1.04969777415064,1.15916669402332
338,1.52438847567429,-0.997760643848544,1.16155929371819
339,1.55832968764354,-0.957939622806654,1.20765403478435
340,1.59715938375793,-0.916063550314301,1.33958376155024
341,1.64053048431686,-0.913827453929831,1.37857177504135
342,1.68809298734755,-0.914467057717078,1.3921111299249
343,1.73950311554857,-0.935997290439051,1.38288160065132
344,1.79443019791424,-0.952823187833452,1.47594142124577
345,1.85256143554863,-0.873331352850038,1.35134255266416
346,1.9136048444989,-0.737975264444904,1.322479333544
347,3.02506345981976,-1.03760649209914,1.87781166743231
348,2.94061106383462,-0.977689147450036,1.73665077476824
349,2.85679425452176,-0.846044661714757,1.68071405032773
350,2.77367065234909,-0.81005408337366,1.60329652630914
351,2.69130448924846,-0.920083979714918,1.46635773555214
352,2.6097674821921,-1.00685439124787,1.33190372898391
353,2.52913982600366,-1.6284909378766,1.29302598142428
354,2.44951131839812,-1.27497647424139,1.34467908259267
355,2.37098262953471,-1.16301146247236,1.42540948542473
356,2.29366672628399,-1.04182516070545,1.43499208971854
357,2.21769045722828,-0.943837280506801,1.51893251681408
358,2.14319629712554,-0.962445491936618,1.4355124904095
359,2.07034423781554,-0.799474721405901,1.42624161321582
360,1.99931379458342,-0.783619515288618,1.52981169180866
361,1.93030607067357,-0.737999441409609,1.63950848178118
362,1.86354578555479,-0.712201112995102,1.77573895410544
363,1.79928312234373,-0.753822032198505,1.83859875258124
364,1.73779518498443,-0.748088397388923,1.90631253685363
365,1.67938677697287,-0.716261391009679,1.83217785500546
366,1.62439012540082,-0.754159272919038,1.78767047167589
367,1.57316308863392,-0.768538957990744,1.69321453572146
368,1.52608532477475,-0.82065813650571,1.55323548331376
369,1.48355189483134,-0.872378684879567,1.43018165236124
370,1.44596387297007,-0.835733978085832,1.39062920898372
371,1.41371578130956,-0.802262211160482,1.34271048291246
372,1.38718008557826,-0.793387223525465,1.36815662896634
373,1.36668956257018,-0.745395302367316,1.42930890181104
374,1.35251899142444,-0.702512186417828,1.50373817455759
375,1.34486816268415,-0.70189613994119,1.49899757455385
376,1.34384843600431,-0.701524825261883,1.43282703451344
377,1.3494748437867,-0.720025281848568,1.32664635958845
378,1.36166500292371,-0.795729896415672,1.20906414755604
379,1.38024501356586,-0.88297277904978,1.12937786339032
380,1.40496138945944,-0.949217264541191,1.08850911866829
381,1.43549719797089,-0.892825639887783,1.19086184042025
382,1.47149019568766,-0.890643413554807,1.23272435241616
383,1.51255085129053,-0.948700316847816,1.28009405808213
384,1.55827861776597,-0.920900300913004,1.29907102842811
385,1.60827544734902,-0.888726312200837,1.39602755562766
386,1.66215615079236,-0.865038301443762,1.37889457120677
387,1.7195556739461,-0.889826383159545,1.35261359591682
388,1.78013366158154,-0.762083406417218,1.34336630821339
389,1.84357681735895,-0.672463371537352,1.33959433659586
390,3.07042462958544,-1.17369518263746,1.73476133613765
391,2.98425810004138,-0.833521725795628,1.66066409430537
392,2.89861706689111,-0.927353055373978,1.72728517189964
393,2.81354951696151,-0.818614996841577,1.66425132193601
394,2.72910907796454,-0.951488353684252,1.57041212560565
395,2.6453558032096,-1.19419681133694,1.44182147259494
396,2.56235707559136,-1.59320541560605,1.34011154780885
397,2.48018864830957,-1.45019932977077,1.33089425294705
398,2.39893584130263,-1.16836008517658,1.36197291723775
399,2.31869491336855,-1.1191344880639,1.53289535453922
400,2.23957462992152,-0.869869707671359,1.49369387757573
401,2.16169804454906,-0.973226700739235,1.44761461433323
402,2.08520450789329,-0.872672214312443,1.46984122353223
403,2.01025190828957,-0.812970342055359,1.48863062746212
404,1.93701913282688,-0.72044743153658,1.46473868500497
405,1.86570871204619,-0.74078098143582,1.57649665569991
406,1.79654957253755,-0.759566412059364,1.69084522342837
407,1.72979976473487,-0.743714350774544,1.81023450092245
408,1.66574895367847,-0.707071898784931,1.77629543730761
409,1.60472035520123,-0.73296821322788,1.79259370025269
410,1.54707166971202,-0.763244885539872,1.7478446215167
411,1.49319441974782,-0.794875219481575,1.65355994217633
412,1.44351095950765,-0.82144589451275,1.52318972491774
413,1.39846833942835,-0.867989251359523,1.32361206091446
414,1.35852824544079,-0.85833637914108,1.26807787196514
415,1.32415247688834,-0.80771850727275,1.29176911823001
416,1.29578395635644,-0.756195033247066,1.3297440517868
417,1.27382409781104,-0.723394028364602,1.38660290617023
418,1.25860839576479,-0.727796527821878,1.42327288473555
419,1.25038307999079,-0.700061939994313,1.43726413106985
420,1.2492862324852,-0.639136663714367,1.32690382240424
421,1.25533653883689,-0.706418707855057,1.23148864484618
422,1.26843172930712,-0.72160608708977,1.13538128034021
423,1.28835700378399,-0.78687371795778,1.09643148494878
424,1.31480187769779,-0.843348960476416,1.097238336357
425,1.34738252812931,-0.840075735370269,1.11662204968792
426,1.38566621800878,-0.895714426703722,1.18572918024202
427,1.42919472062611,-0.814051629787413,1.32977907147834
428,1.47750455915116,-0.916799687411045,1.37939336737091
429,1.5301429300139,-0.901400228463964,1.38394983573564
430,1.58667909211117,-0.898133818539552,1.36187742087404
431,1.64671162852701,-0.836787861938431,1.40865760322559
432,1.709872312432,-0.700498855625237,1.33242407163248
433,1.77582739961663,-0.710681963232377,1.33810610418861
434,3.03318155882612,-0.980651164647177,1.68161735524857
435,2.94592589358601,-0.808039042236121,1.58433316021719
436,2.85913690880839,-0.838696565210005,1.63118843950429
437,2.77285842538568,-0.789426180897207,1.61479666168636
438,2.68713961718896,-0.992426703816498,1.52340057900817
439,2.60203579691224,-1.52887947234468,1.4093151000813
440,2.43393070855389,-1.24031848293079,1.35663771527306
441,2.35107978034016,-1.05389632455683,1.47984814760739
442,2.26914721076424,-0.810958631064707,1.41962445800156
443,2.18823615860494,-0.921362097825893,1.39261976742521
444,2.10846422749954,-0.974761685650937,1.46481511046318
445,2.02996571463078,-0.99033517312015,1.4328468313129
446,1.95289418495213,-0.964499249887847,1.4323324715484
447,1.8774253870062,-0.843225660511752,1.38622363164759
448,1.80376050545604,-0.844935117043792,1.44824761033046
449,1.73212970917967,-0.796364348249027,1.58952260920496
450,1.66279589514612,-0.718990474164371,1.60968147151963
451,1.59605843862902,-0.721592409719164,1.68469699883174
452,1.53225663034465,-0.741670528567778,1.68572715489782
453,1.4717723037425,-0.768263577520233,1.6286734847967
454,1.41503093181881,-0.802052350697212,1.53269423511447
455,1.36250022130519,-0.831325870636277,1.34528044662012
456,1.31468500380185,-0.867441472239334,1.22925849471945
457,1.27211711587354,-0.860444521095206,1.2193984299427
458,1.2353391214106,-0.817233381689017,1.23234085185068
459,1.20488133207745,-0.716223142613342,1.21038556305096
460,1.18123274379019,-0.76389408067141,1.21935262312897
461,1.16480816305845,-0.761835589460121,1.23898152106214
462,1.15591557198839,-0.741515424398261,1.22844476283143
463,1.15472899570204,-0.745170190048466,1.1954839170749
464,1.16127205622841,-0.884642577881188,1.09896233960721
465,1.1754156774312,-0.852810933742556,1.07938817435881
466,1.196890442788,-0.886284974321873,1.06519126132647
467,1.22531095662922,-0.894286870377615,1.08225681281249
468,1.26020737973799,-0.840258889508085,1.12627432549138
469,1.30105873448078,-0.837381332837818,1.18420396027761
470,1.34732346238886,-0.786133488677204,1.28630895253632
471,1.39846440253245,-0.816276659308786,1.46238813830816
472,1.45396710729971,-0.80871597341934,1.48625233444011
473,1.51335174502846,-0.886483376409558,1.48369285326983
474,1.57617960599801,-0.898069656623291,1.44110297019494
475,1.64205550687531,-0.947705644207456,1.44226829667841
476,3.08713059525628,-1.2906098508387,1.59086243806848
477,2.99846107574418,-1.06459862594453,1.62233922755169
478,2.91016456999439,-0.934447307153639,1.49217683868255
479,2.82227608806447,-0.945181264248846,1.51163555726408
480,2.73483496781478,-0.988979142738679,1.46125390172333
481,2.64788552928871,-1.2369855080973,1.36431302501535
482,2.5614778434261,-1.40315060310234,1.35008763858367
483,2.47566863687797,-1.44264785211203,1.32256331049897
484,2.39052235881444,-0.776393479957829,1.42607073116478
485,2.30611244033643,-0.680578125326096,1.45274185760842
486,2.22252278235101,-0.786929120088345,1.41459008453049
487,2.13984951334813,-0.81976163689316,1.48931690128998
488,2.05820306398454,-0.966736281597053,1.4708696404963
489,1.97771060990393,-0.924994171232925,1.42174430069424
490,1.89851893632114,-0.937547063391862,1.39871026675624
491,1.82079777507704,-0.974566283370706,1.30598974047116
492,1.74474365308866,-0.892050771856,1.34197811870175
493,1.67058426407439,-0.826234550997663,1.46453468483663
494,1.59858332371663,-0.732179066354972,1.4862628712478
495,1.52904577873555,-0.745876318959381,1.54213713966535
496,1.46232309534701,-0.779307513162455,1.53425446802444
497,1.3988181325725,-0.825020073760208,1.40605759264427
498,1.33898879455884,-0.849094261114012,1.3186598392519
499,1.28334925371342,-0.873212837070412,1.20037478824951
500,1.23246708401141,-0.855583524098115,1.17754428981288
501,1.1869542579428,-0.810593125476043,1.16913616439916
502,1.14744986767946,-0.799661866783305,1.11332540774173
503,1.11459296531911,-0.776377124528979,1.12958411537244
504,1.08898542182722,-0.79924261390003,1.088221803382
505,1.07114728710748,-0.807162704865453,1.1613453242852
506,1.06147033096331,-0.848170307808733,1.08526454258393
507,1.06017805460458,-0.746678797158025,1.14172654166132
508,1.06730091470357,-0.813818545024771,1.00108187190517
509,1.08267283548686,-0.876111372624206,1.08211873679145
510,1.10594990211463,-0.824542030949217,1.00510302667967
511,1.13664655649226,-0.791302606809686,1.13561227677029
512,1.17418103114308,-0.796410145682814,1.20128967574784
513,1.21792129652078,-0.812739977198678,1.28398648671486
514,1.26722490752575,-0.768388923360463,1.44835644304182
515,1.32146931069191,-0.759643366114503,1.49798543024304
516,1.38007202821433,-0.760021172655329,1.50534365306949
517,1.44250197855352,-0.77447739996711,1.62667027935526
518,1.50828399325663,-0.764642953723612,1.61271707403821
519,1.57699864984395,-0.748916576614961,1.60841024676561
520,1.64827921482292,-0.936704434308424,1.7014246196584
521,3.05595308491961,-1.28333504151463,1.42208758905553
522,2.9663517606338,-1.14171504865039,1.56653619894541
523,2.87706999732591,-1.0683974351258,1.41431809339481
524,2.78813849410727,-1.15237761032243,1.64378223930623
525,2.6995918666059,-1.13996038160808,1.38194443618558
526,2.61146926485433,-1.26349278221545,1.34543809457917
527,2.52381510563375,-1.3842655474518,1.34150376875682
528,2.43667994301334,-1.17949809017063,1.39046477281455
529,2.35012150601922,-0.592149919772858,1.5591054912371
530,2.26420593863206,-0.547301546582867,1.61361019212276
531,2.17900928477405,-0.680596203800925,1.5838959257447
532,2.09461926966179,-0.79247581790013,1.61870416679409
533,2.01113743877876,-0.920151916086559,1.56506080086761
534,1.9286817263584,-0.899682806125947,1.47941547053192
535,1.84738953570497,-0.920077406827859,1.41937640858267
536,1.76742142195566,-0.922282871350847,1.29755789494326
537,1.68896547035616,-0.890715078098864,1.27435086776457
538,1.61224245336588,-0.782063582901965,1.25155659428513
539,1.53751181716668,-0.748467893069741,1.34068900284046
540,1.4650784752126,-0.763804784571177,1.40364992218935
541,1.39530024734733,-0.805003838602735,1.39301571306875
542,1.32859554156857,-0.893517229774944,1.27708746569722
543,1.26545048777753,-0.912625841366614,1.17619997504306
544,1.20642415926947,-0.872672397644766,1.16429144886619
545,1.15214975512468,-0.852949394210376,1.1724465151274
546,1.10332876129955,-0.801485775281145,1.08988799975505
547,1.06071444974596,-0.743099026897636,1.11276098079015
548,1.02508117893224,-0.786377790540601,1.12672527304138
549,0.997177614076083,-0.774264695628563,1.03118172489028
550,0.977665820073493,-0.795879912512679,1.08086588569557
551,0.967053880907172,-0.774253985860359,1.01573415064427
552,0.965635258535754,-0.855774988988243,1.0825913403749
553,0.973450146432442,-0.76388025408702,1.02984108543945
554,0.99027996736449,-0.771523639075886,1.06297611219157
555,1.01567668627848,-0.710143829142398,1.06818355342276
556,1.0490182741249,-0.686563379598314,1.12550205955432
557,1.08957562333162,-0.716283654578649,1.23430980206907
558,1.13657653925335,-0.694510700684391,1.38876176033983
559,1.18925729399314,-0.753830902805928,1.54037039109918
560,1.24689818516301,-0.753230642123131,1.57595340397922
561,1.30884405034438,-0.71891304709605,1.62681356106476
562,1.37451296945248,-0.718058087516824,1.60335182416933
563,1.44339687867766,-0.721291991814048,1.57807966688189
564,1.51505732124956,-0.705521708632701,1.58043230232549
565,1.58911872277673,-0.688902511564411,1.5486587665417
566,3.02741121973941,-1.34719471926595,1.40130811264703
567,2.93693925779707,-1.25906542131947,1.27907289691803
568,2.8467351836248,-1.24561740624025,1.5802252578838
569,2.75682529343032,-1.2873638735129,1.57860609464046
570,2.66723933729598,-1.36319113096268,1.53417716849597
571,2.57801108559549,-1.38185512962981,1.49386033615454
572,2.4891790059374,-1.39149972101711,1.34194594159192
573,2.4007870752855,-0.925106061271818,1.49869257738381
574,2.31288575792849,-0.724020851064181,1.73385114165184
575,2.2255331875106,-0.603917756844547,1.64275644908853
576,2.13879660073274,-0.688998169304142,1.72334201119754
577,2.0527540819623,-0.773366162622198,1.6805125184143
578,1.96749669220357,-0.81108638221625,1.58925092006332
579,1.88313107291108,-0.840131953442503,1.52833149609108
580,1.79978263487751,-0.933084681995979,1.34391689103879
581,1.71759946406668,-0.89326949088292,1.2467012848391
582,1.63675709750403,-0.864287638910737,1.18665155816073
583,1.5574643381502,-0.760846903820643,1.14661018395257
584,1.47997027811425,-0.782822879850643,1.20130959809328
585,1.40457266622474,-0.823634024130715,1.251435105192
586,1.33162765682525,-0.916699456311759,1.20730465107117
587,1.26156075923845,-0.910699408644766,1.1643101533365
588,1.19487839263701,-0.88703627282784,1.18900615337775
589,1.13217873511361,-0.844007978332673,1.20453489925817
590,1.07415943621432,-0.79765305329604,1.14738555719211
591,1.02161822207966,-0.779090339111782,1.16547818303988
592,0.975440710691471,-0.734822466997757,1.08094392140032
593,0.936568662499182,-0.727297880826158,1.07755918480349
594,0.905942950846725,-0.679919177106042,1.02448498864593
595,0.884420653260866,-0.741838899202085,1.08103411974972
596,0.872675566721119,-0.744807723789174,1.02792621500253
597,0.871103259494427,-0.669657845231313,1.08885560531798
598,0.879758275757463,-0.661435438693202,1.05699694232744
599,0.898345061731747,-0.671227915929302,1.11940556350157
600,0.926265926839604,-0.74099570221931,1.11328619772751
601,0.962709081510289,-0.612603192662779,1.19956076290346
602,1.00674945996155,-0.63511379593197,1.29523901366555
603,1.05743825623793,-0.70068649858899,1.46403202182446
604,1.11386819125527,-0.697670498835449,1.56889916188657
605,1.17521254262249,-0.703704099622293,1.60486232024168
606,1.24074259389137,-0.721263362476555,1.63247305289017
607,1.30983027120596,-0.720638825626281,1.59211841133934
608,1.38194210643964,-0.686276167417109,1.61656181740687
609,1.45662902718788,-0.682343542168936,1.59522720502884
610,1.53351483568107,-0.674211280388475,1.56716459877657
611,1.6122849843541,-0.748642992217463,1.67453892695081
612,3.09305441290922,-1.43365683617319,1.43947910901278
613,3.00158018728313,-1.32878376981754,1.74728443922402
614,2.91030533299793,-1.29540325816813,1.27896099884657
615,2.81924921441398,-1.28950310871563,1.54604309941686
616,2.72843373124283,-1.34212700731201,1.52046177160264
617,2.63788373695765,-1.4395054419424,1.47538180883872
618,2.54762754042654,-1.39164069175561,1.48189473886118
619,2.45769751004594,-1.12239781487401,1.39941218535047
620,2.3681308046948,-0.885786592623411,1.55765332462561
621,2.27897026231475,-0.676298519936288,1.69621593992993
622,2.19026548527745,-0.73543753368128,1.74870955966804
623,2.10207417247643,-0.748571370511869,1.82569128896407
624,2.01446376197226,-0.796307695878962,1.77562455613354
625,1.92751346587217,-0.799278391056395,1.66136857868595
626,1.84131680192459,-0.781635894020776,1.56503392606163
627,1.75598475508564,-0.86422921728956,1.3420833047004
628,1.67164973790824,-0.887900881841789,1.20790061055435
629,1.58847056111102,-0.80336099367381,1.05995602295611
630,1.50663867330431,-0.766210691769377,1.06324808196062
631,1.42638597559992,-0.792193846018873,1.09277452101228
632,1.34799454820567,-0.893299221551323,1.08135243398463
633,1.27180861127312,-0.885163445647535,1.11926779031303
634,1.19824892094123,-0.875266343239015,1.20466370722288
635,1.12782946427079,-0.820218046487355,1.18782244640097
636,1.06117558185722,-0.777837206791708,1.24836815103226
637,0.999041251247817,-0.718681189492515,1.18719233383393
638,0.942320921433746,-0.685490693603837,1.20987498289743
639,0.892047928847338,-0.575785814383759,1.14914985303827
640,0.849367874870512,-0.515249517430072,1.1332908256778
641,0.815473823905718,-0.656261227716754,1.02650221568803
642,0.791495305861583,-0.584836555324767,1.08994247000021
643,0.778349260961022,-0.580603157448395,1.03277917883828
644,0.776586000381386,-0.609406414863269,1.10947406694595
645,0.786282106530657,-0.62126270224365,1.08366926859903
646,0.807024644744112,-0.611297716486051,1.15751586343744
647,0.837993731784775,-0.63445541175383,1.17935486538173
648,0.878108024623923,-0.654127746112175,1.23770478400207
649,0.926180005409004,-0.718370237211688,1.30336685873381
650,0.98104056646097,-0.691182141185479,1.44203796562834
651,1.04161762407173,-0.722530457949335,1.53510028732257
652,1.10697310158095,-0.721875246106966,1.60141442725882
653,1.1763108056899,-0.725461873593523,1.58120140387991
654,1.2489676803881,-0.716213740989204,1.60929289385881
655,1.32439756600402,-0.690216244053751,1.6296221723539
656,1.40215300525044,-0.673834299291182,1.60290733382754
657,1.48186796933481,-0.676599578703235,1.56450544397432
658,1.56324271885726,-0.730211408869527,1.67329018875034
659,3.07069145627103,-1.1817070609091,1.26288438699129
660,2.97853051672957,-1.20429916174978,1.55115216891151
661,2.88652690090961,-1.27278873148014,1.57097572141993
662,2.79469614651979,-1.36610662538951,1.56061773158095
663,2.70305587145038,-1.38911225195865,1.53597350596952
664,2.61162612716758,-1.71941397750007,1.43384929371603
665,2.52042982507716,-1.4032156497943,1.46325095300651
666,2.42949325359934,-1.04638762326942,1.41843547357095
667,2.33884670864576,-0.8031978633731,1.57872784954673
668,2.2485252666834,-0.725045915397377,1.73475656663065
669,2.15856973813596,-0.786746887888981,1.8032183655314
670,2.06902785022125,-0.798905839100413,1.80007918054394
671,1.97995572341861,-0.776612356539583,1.76437009693958
672,1.89141972589831,-0.780945055441735,1.70894322517819
673,1.8034988171464,-0.770762623251635,1.58649330230189
674,1.71628752791945,-0.798964898907577,1.32558679516719
675,1.62989977135018,-0.817253517208455,1.17182902167775
676,1.54447374270819,-0.809613251911298,1.02805230200896
677,1.46017824606959,-0.834499299409512,1.02857224916857
678,1.37722088634569,-0.820214770617273,1.0732249669632
679,1.2958586807175,-0.846638353507023,1.09315311229181
680,1.21641175681064,-0.856071301133782,1.16970513017495
681,1.13928086744907,-0.796223188644966,1.21299192606339
682,1.06496935114398,-0.662477296283189,1.2755230461615
683,0.99410966896449,-0.64601919188391,1.35714248101259
684,0.927493309999316,-0.666509536367197,1.29385102203765
685,0.866099958070908,-0.650729145396591,1.29533871242605
686,0.811116468677286,-0.603471650487553,1.18349784058391
687,0.76392814142479,-0.578488418300111,1.16325429665353
688,0.726056455018547,-0.608597011509309,1.06331778114811
689,0.699017337123769,-0.591779503410129,1.09425231639305
690,0.684096477433741,-0.54267598197773,1.01830534066215
691,0.682089608766357,-0.554676379092958,1.10438533612199
692,0.693108916007414,-0.545767145764595,1.08080798765202
693,0.716553693468287,-0.636762148056472,1.17739560625766
694,0.751261547604599,-0.619434950208146,1.19794264953804
695,0.79576009029582,-0.623443191297902,1.24902570880353
696,0.848510353984032,-0.674022770773081,1.27003423624701
697,0.90807544369438,-0.656880253064237,1.36912578382145
698,0.973204856736506,-0.685785684608725,1.44318915527836
699,1.04285658938439,-0.723740867718232,1.56148509202131
700,1.11618436200365,-0.723386473970111,1.5598223466248
701,1.19251024526111,-0.70651210122892,1.53307172070015
702,1.27129435271146,-0.70620318022932,1.57573494366958
703,1.35210704773385,-0.672551688771784,1.59996541174493
704,1.43460555447801,-0.732044957250624,1.67199614842214
705,3.05109847909351,-1.11067215353351,1.26606913595806
706,2.95832722135333,-1.36055300332409,1.53207439521662
707,2.86567504424101,-1.43870650971035,1.57518306669605
708,2.773153883376,-1.57527024523444,1.57453192680848
709,2.68077730400964,-1.69027539953205,1.51302054135089
710,2.58856078499524,-2.03390580764587,1.42535960959072
711,2.49652206332115,-1.38864841281873,1.21534994716242
712,2.40468155455053,-1.03750924861863,1.37282845752297
713,2.31306286902322,-0.819629943854171,1.51133620622531
714,2.22169344969653,-0.781431383213019,1.71939410310081
715,2.13060536559616,-0.818618301428885,1.75667286845501
716,2.03983630581034,-0.837087769135239,1.78648001166984
717,1.94943083391254,-0.811968814915953,1.73998440910392
718,1.85944198323799,-0.795246866449721,1.6695387509261
719,1.76993330183917,-0.747917319170863,1.52570120980549
720,1.68098149543732,-0.750470715706074,1.26183843539491
721,1.59267987183809,-0.73166489067808,1.13825405074926
722,1.50514286744677,-0.778104694794304,1.07287580148829
723,1.41851204429349,-0.763843291497462,1.01209055458766
724,1.332964095277,-0.809108094569506,1.02236229602061
725,1.24872159823626,-0.795843941204382,1.12961906125495
726,1.16606752446759,-0.777578232235263,1.15829270343942
727,1.08536482550631,-0.737114805814417,1.30183560892268
728,1.00708273164962,-0.677331277270615,1.3067596604002
729,0.931831499488783,-0.65271420043382,1.38690838271819
730,0.86040673498312,-0.631569484878361,1.31883472963095
731,0.79384195333911,-0.599916133992419,1.32584781760223
732,0.733461543143426,-0.600650324815715,1.20026796048552
733,0.680912707159706,-0.57292809791586,1.19022835889945
734,0.63813312512745,-0.579282433615118,1.0584532015328
735,0.607191194855814,-0.612476160168284,1.09830061820924
736,0.589952455667471,-0.570783860853357,1.01061121097513
737,0.587624151901424,-0.63704921231616,1.08687620027415
738,0.600379778939796,-0.700584232103298,1.07087184186817
739,0.627299852649329,-0.592779138127142,1.14988261102156
740,0.666670700136194,-0.590484097394415,1.16429936034617
741,0.71644262213972,-0.608264922022032,1.17414517946643
742,0.774613277919333,-0.620233426752365,1.23020742197297
743,0.839438455725952,-0.623224902868034,1.3106772502114
744,0.90949634561462,-0.680670633010008,1.36422348921451
745,0.983669545901097,-0.684033030219613,1.3979229077178
746,1.06109539603767,-0.753310987454859,1.45738958204459
747,1.14111199913222,-0.730533895670258,1.43171572083751
748,1.22321103688075,-0.678245651683159,1.448374543734
749,1.30700014462217,-0.693022008108988,1.43232037238888
750,1.39217420118676,-0.688542019382467,1.38992885530996
751,3.03432913998295,-1.36639687689548,1.44879686236808
752,2.941028960963,-1.49499184029987,1.41183447646516
753,2.84781404937342,-1.56780584625938,1.46095965278228
754,2.75469306121505,-2.03542243880585,1.46967039243586
755,2.66167585447894,-1.68055584002846,1.63021792546021
756,2.56877370319733,-1.8007650880577,1.45816412210661
757,2.4759995584152,-1.45779764253258,1.27053163398507
758,2.38336836838507,-1.12391833675851,1.37764959145764
759,2.29089747406489,-0.864527537537041,1.45529155563622
760,2.19860710110912,-0.803847009349917,1.64223543383424
761,2.10652097652269,-0.846554619485118,1.67834079453461
762,2.01466710776866,-0.875534264826458,1.69193076166994
763,1.92307877551387,-0.867869623572703,1.70136777331425
764,1.83179581003206,-0.821208510066159,1.54618382539642
765,1.740866248045,-0.689247914747271,1.41774711787947
766,1.65034850520296,-0.669666255463481,1.20653484643837
767,1.56031425513618,-0.579479135043912,1.09902898329351
768,1.47085228763763,-0.609808379948809,1.05365731222269
769,1.38207373914298,-0.551881372502313,0.99995622858907
770,1.29411926804318,-0.722034525287608,1.06552407325348
771,1.20716901489588,-0.754003321375588,1.19526545069951
772,1.12145658508965,-0.745831523468796,1.19281605891132
773,1.03728887252747,-0.706960860996241,1.33180094420113
774,0.955074357843316,-0.674999209474599,1.30852792626665
775,0.875363549653788,-0.651014153820984,1.35677433316603
776,0.798906221171972,-0.612419552317801,1.32162546291027
777,0.726729968767094,-0.603060368845088,1.33401878849233
778,0.660240286481599,-0.590414956090057,1.21290423816197
779,0.601326463241497,-0.551916864741351,1.15874949257812
780,0.552417673511531,-0.581641391403767,1.01112051748083
781,0.51636474292248,-0.591317432844254,1.06936346298964
782,0.495979133201233,-0.702009708672899,0.971195778632507
783,0.493207405176398,-0.614422101820965,1.05098154011644
784,0.508337761318954,-0.634801592771012,1.03507060696943
785,0.539867118610531,-0.68720416036837,1.10785800629876
786,0.58515059860095,-0.668579060084121,1.11563071717372
787,0.641281086140395,-0.608925692623696,1.17128420250239
788,0.705674947091011,-0.632784696349275,1.14581535300759
789,0.7762785077371,-0.651700454238752,1.20422472113479
790,0.85154859127904,-0.699026821299234,1.21227029103322
791,0.930353253423793,-0.668135799524192,1.28970674789416
792,1.01186700712855,-0.749281491238875,1.35625579171305
793,1.09548527839789,-0.752705340364634,1.33184557893737
794,1.18076104329786,-0.749214313508877,1.28931637190938
795,1.2673597668639,-0.686756472663902,1.25142029042638
796,1.35502782520248,-0.750624579665099,1.17466807771605
797,3.02043046956635,-1.82927402658593,1.30767601833356
798,2.92668724686431,-1.27848709100362,1.26097133296106
799,2.83300048562364,-1.4169728160966,1.33240833990802
800,2.73937597880274,-1.84043208135377,1.42763753630656
801,2.64582033517986,-1.70290768973038,1.44102413690726
802,2.55234112727379,-1.64131385653161,1.51200319528122
803,2.45894707242904,-1.68602295237983,1.45619659901201
804,2.36564825600799,-1.16670535158432,1.35763199370076
805,2.27245640847344,-0.999748637939625,1.56432412387348
806,2.17938525203383,-0.814698539758973,1.53849231632472
807,2.08645093790035,-0.856233241269605,1.54099333996676
808,1.99367260272595,-0.910151793080281,1.52904745927724
809,1.90107308343657,-0.905030099717086,1.53053325129174
810,1.80867984491068,-0.826556629696033,1.40594751975974
811,1.71652619709615,-0.701036905707176,1.30802381557105
812,1.62465291073532,-0.419065678939923,1.20868642395093
813,1.53311038954026,-0.438926697618358,1.04360780150869
814,1.35128631761139,-0.33561428540679,1.03701979427039
815,1.26118657289701,-0.637494422657025,1.11257760265808
816,1.1717951707785,-0.681115902364533,1.15258779719857
817,1.08328747983905,-0.737074960318676,1.19717983837579
818,0.995899139875326,-0.719812831014442,1.32157724786059
819,0.909952702476855,-0.684251262949052,1.2934522061972
820,0.825898441575954,-0.648186245151892,1.3774839934304
821,0.744377620541073,-0.670329600131984,1.27981674817974
822,0.666320748018047,-0.592074610332324,1.28035590745408
823,0.593097064255432,-0.635398355029561,1.12600790963309
824,0.526726121556199,-0.607667811347695,1.0880009834779
825,0.470119322877715,-0.554284509550982,1.02161984894271
826,0.427176122306137,-0.598081031425297,1.02330252703598
827,0.402296150001656,-0.729184367850707,0.98793472424575
828,0.398873960363351,-0.703026929042329,1.00042793072189
829,0.417437625661457,-0.606381321403623,0.971432213628811
830,0.455305828528415,-0.644413888305222,1.04810977345123
831,0.508181183022511,-0.592210449251719,1.04327248808816
832,0.571916360298002,-0.655279794116707,1.06862819350242
833,0.643291553408724,-0.646258329677166,1.0367040634726
834,0.720038341555258,-0.645540543078267,1.07870701678616
835,0.800613449202813,-0.623509682008094,1.16252643483132
836,0.883970626147354,-0.622406246235953,1.20420595631245
837,0.969392455020363,-0.755690238643391,1.26712029741186
838,1.05637819313048,-0.754104808690643,1.24803342673088
839,1.14457133159317,-0.731535476999604,1.20803046084149
840,1.2337129611058,-0.671555503528378,1.21222132948292
841,1.32361146066664,-0.711157762048458,1.17431475371039
842,3.00944224140156,-1.37869914616779,1.18177112413635
843,2.91534571257089,-1.33307756392644,1.2167611570446
844,2.82128235637467,-1.41091585162073,1.27857164594066
845,2.72725560519888,-1.56457138676889,1.39968583183084
846,2.63326938023791,-1.80394203079896,1.81943747865685
847,2.53932818139375,-1.53965998334644,1.82142374023648
848,2.44543719769178,-1.41063869858945,1.31087196715353
849,2.35160244386692,-1.19139547232336,1.36890975888513
850,2.25783093061887,-0.85814896999782,1.39637833471493
851,2.16413087858147,-1.05054431387908,1.42804407643152
852,2.07051198960849,-0.916370886490102,1.43102217700392
853,1.97698579400746,-0.964577667058916,1.37399748289471
854,1.88356609956069,-0.948270913772173,1.36392625310732
855,1.79026957864825,-0.851206235070763,1.26075264796135
856,1.69711654525098,-0.681317942758437,1.21129737098864
857,1.60413199681572,-0.450773620131565,1.13983812088044
858,1.51134703141387,-0.524360369515819,0.995249327509966
859,1.32654328802758,-0.543579163954448,1.09576881828984
860,1.23463920013215,-0.643920886075446,1.17314514567956
861,1.14317378604788,-0.698596527782725,1.19207901503852
862,1.05226144413985,-0.722780362978096,1.20538696173249
863,0.962058979299951,-0.707683469235818,1.30310180206049
864,0.872786516619145,-0.678917722148627,1.27136548802246
865,0.784761504308691,-0.652666552093256,1.3209922799526
866,0.698455742914065,-0.598284177448151,1.21871198640571
867,0.614593948950508,-0.68109273055786,1.18934424938227
868,0.534328092538341,-0.610700327691608,1.04417778770167
869,0.459546287088565,-0.618934621194976,1.03391208482156
870,0.393388561844712,-0.579507518352742,0.951828862172918
871,0.340913218159339,-0.560601979493711,0.97003343103456
872,0.309167551909001,-0.647040112591975,0.914907033717002
873,0.304701196425603,-0.607139065033342,0.92388004324277
874,0.328628291790473,-0.532585294175318,0.920000059663232
875,0.37556062139047,-0.564581281839601,0.967079259150964
876,0.438167202818067,-0.571192907843972,0.942829039567656
877,0.510715876024785,-0.553645923687253,0.967819637008206
878,0.589547627876035,-0.633221359247886,1.00059706621375
879,0.672456389780703,-0.577500070796052,1.0474585813538
880,0.758105716830889,-0.522966209517881,1.11255688039881
881,0.845663319967583,-0.544169094728323,1.10561462547799
882,0.934593020890728,-0.684580769941746,1.21046783543913
883,1.02453758826549,-0.70790469532205,1.19194507912034
884,1.11525150345212,-0.741279396780765,1.16784992372072
885,1.2065612513452,-0.690445120459562,1.18702241576509
886,1.2983411268443,-0.711048651234881,1.17343794389866
887,1.39049804069444,-0.786690771445183,1.13830552985345
888,3.09576774806027,-1.90122278168307,1.51983444067989
889,2.90703947303177,-1.17932090733321,1.26259009590353
890,2.81269835004581,-1.213639555849,1.27872231481081
891,2.7183747000824,-1.50448465149977,1.40142576284788
892,2.62407040737438,-1.40715621905815,1.52591282406638
893,2.52978763669599,-1.53282068943272,1.49833353242429
894,2.43552888749323,-1.37819093058534,1.37058851982873
895,2.34129706102414,-1.26983846066005,1.48488176655707
896,2.24709554430128,-0.982206369885956,1.41194144568279
897,2.15292831594301,-1.13304362871708,1.41434286420425
898,2.05880008088981,-1.00777437250617,1.36753756230331
899,1.96471644357823,-1.00787648629383,1.30935649153839
900,1.87068413297747,-0.984142451367235,1.28527322484709
901,1.77671129849302,-0.853605911096759,1.1594043597394
902,1.68280790410671,-0.745726694360004,1.10773469600911
903,1.58898626084916,-0.674508325118089,1.06440435155501
904,1.49526175746019,-0.680254601785104,1.00733313729991
905,1.40165388045358,-0.54068404165316,1.09599540912279
906,1.30818766580732,-0.583207539421322,1.08112080251109
907,1.21489580971471,-0.676403106856972,1.20510780920346
908,1.12182181252927,-0.677719239282786,1.22534571889107
909,1.02902479114095,-0.683164194835708,1.21001106376561
910,0.936587077431167,-0.696504450624243,1.25679303522227
911,0.844626649799527,-0.644182039190055,1.23649381820057
912,0.753318320900422,-0.684482518728231,1.25246432543801
913,0.66293159433612,-0.673478102871642,1.15028836070732
914,0.573902078795652,-0.594919380411537,1.11331643508186
915,0.48697472669026,-0.640001929693751,0.972280265905155
916,0.403510426056474,-0.635057578133835,1.00424993833757
917,0.326178531711764,-0.631870099869048,0.920160452134969
918,0.260498937186217,-0.589014823893897,0.94601233006692
919,0.217307268890841,-0.464105379587489,0.88249207077836
920,0.21090446430217,-0.38021111463163,0.888705535159978
921,0.244201613681228,-0.429291156247408,0.868828818179261
922,0.304439902605732,-0.543714834387712,0.893674300262622
923,0.378983339455445,-0.544574203923314,0.841510300036715
924,0.460943141811607,-0.545591384420732,0.932208557482095
925,0.546995685077726,-0.540878506766143,0.920972771018798
926,0.635480503332941,-0.535736806125204,1.00074851550847
927,0.725508202469873,-0.531152637508109,1.06385918215046
928,0.816568628284229,-0.540721127295545,1.04926614341051
929,0.908351247402153,-0.481645087217931,1.09555362212272
930,1.0006573558058,-0.615694575727248,1.15632400044026
931,1.09335437526522,-0.634292808516953,1.14221497567697
932,1.18635067632091,-0.764493431144778,1.15126246926427
933,1.27958100783604,-0.814816022624748,1.13138262666334
934,2.99631671279305,-0.125712824566962,1.14249279120032
935,2.90179459349493,-0.791328547298854,1.28217748165336
936,2.80727721705961,-1.20078704373174,1.6335649615365
937,2.71276507923551,-1.3409949401782,1.43283167406604
938,2.61825874732225,-1.31014251316485,1.49913824769159
939,2.52375887355576,-1.49225720457525,1.50986814466075
940,2.4292662116132,-1.4819107616074,1.46483302154659
941,2.3347816371198,-1.22021288917846,1.52143759677662
942,2.24030617333663,-0.981552733251246,1.41473647083832
943,2.14584102362238,-1.08212994547298,1.39097300581867
944,2.05138761284732,-1.01218338877976,1.31966551281388
945,1.95694764077587,-1.04588730579857,1.22805747770777
946,1.86252315165348,-1.06497732830726,1.1745961440998
947,1.76811662603582,-0.979906894172089,1.11133970651564
948,1.67373110361119,-0.853427034868556,0.993843163452818
949,1.57937034993029,-0.65419129066982,1.01364370850817
950,1.48503908648711,-0.772824728550941,1.01394995278243
951,1.3907433140814,-0.653153783981456,1.05986659553334
952,1.29649077668988,-0.660426707777034,1.15762167622853
953,1.20229164246196,-0.656837870178238,1.17715013411787
954,1.10815953009392,-0.676865882360878,1.28270020514893
955,1.01411310308772,-0.636149953747348,1.26012346691843
956,0.920178634115457,-0.676058924662356,1.29721895419231
957,0.826394302148257,-0.664400333712571,1.20987457947498
958,0.73281775202008,-0.678532022485899,1.19536331111694
959,0.63954019720465,-0.720913078358816,1.08279462873997
960,0.546714698099021,-0.677582495486707,1.05510099632664
961,0.454618245901533,-0.596468637396573,0.924557029531972
962,0.363804932632599,-0.60596207214647,0.977519566211844
963,0.275546365646827,-0.628163263601576,0.936969313928701
964,0.193372855764922,-0.541279128302905,0.883133151425879
965,0.129444251260259,-0.67253754893574,0.806239774930678
966,0.118380987215507,-0.423769563754418,0.820508224108242
967,0.170785810874465,-0.396064574597817,0.788380262199117
968,0.249433396661554,-0.510178139693332,0.826487623839428
969,0.426616859787196,-0.54783347424446,0.872861283258667
970,0.518399117056717,-0.540391692514602,0.870706004823462
971,0.611039143744344,-0.51002824523707,0.989832274796378
972,0.704198492559164,-0.556615682648843,0.982943248577186
973,0.797695236145684,-0.501604623438617,1.06132741267019
974,0.891423218078024,-0.440284841976478,1.1102721115264
975,0.985316451095679,-0.543574134500314,1.18297339279238
976,1.07933180949286,-0.558087585175515,1.18253694625636
977,1.17343993978329,-0.577355670284737,1.16845357197308
978,1.26762017997752,-0.459327730833256,1.23365036162107
979,2.9942182117452,-1.3287985883147,1.4169164159633
980,2.8996276862763,-1.15588339617438,1.57408540080818
981,2.80503729558193,-1.14430482946404,1.65904810793247
982,2.71044705377237,-1.21104964392191,1.4619884331088
983,2.52126708383604,-1.15401539310021,1.3193235152629
984,2.4266773957552,-1.37933235572087,1.48559642117663
985,2.33208793771064,-1.1068527703337,1.53686552857761
986,2.23749873887649,-0.891511819382324,1.43257904702101
987,2.14290983357779,-0.988507357799523,1.35654486014831
988,2.04832126247986,-0.961296085466046,1.25498002343038
989,1.95373307412295,-0.98323973324606,1.23224027229751
990,1.85914532692548,-1.05827199211766,1.1349643275068
991,1.76455809183148,-1.0571597739923,1.07661925433672
992,1.66997145585762,-0.775817467182845,0.971309630997226
993,1.57538552691797,-0.669836216582553,1.02709649690084
994,1.48080044049768,-0.767952534146099,1.05504751901771
995,1.38621636905852,-0.698578225628965,1.12921520923899
996,1.29163353557641,-0.651875372192653,1.22349184981867
997,1.19705223349592,-0.66240968151606,1.26363378606811
998,1.10247285695461,-0.678165536755755,1.35039769009494
999,1.00789594802137,-0.649304066759518,1.29966107693991
1000,0.913322273278311,-0.64726155511259,1.31663211999295
1001,0.818752953464462,-0.677020339083496,1.20263016451562
1002,0.724189694665312,-0.736083128481714,1.12395831995349
1003,0.629635227750352,-0.728558509349409,1.04100554514973
1004,0.535094213481307,-0.709319567703036,0.948407618612712
1005,0.440575312166104,-0.604282021566406,0.897134556075035
1006,0.346096641404513,-0.714996675498453,0.896905323901022
1007,0.251703507732509,-0.612506536489287,0.836043811877183
1008,0.157549730340472,-0.477554002762193,0.877753233791459
1009,0.0646890281887362,-0.647165730713528,0.818942209550454
1010,0.0379857120216557,-0.62710069513119,0.816538504987162
1011,0.128827983682593,-0.616323463117737,0.79115849095595
1012,0.222813544367918,-0.359670822191158,0.794152695755606
1013,0.411619728922657,-0.42451654280754,0.796711580123817
1014,0.50612893688156,-0.515545491395567,0.846760060028186
1015,0.600664374981149,-0.5539581111272,0.976288493596451
1016,0.695215342973868,-0.57356621395419,0.979105658512734
1017,0.789776263224715,-0.50117417368644,1.11097044085068
1018,0.884343943221332,-0.492341781898837,1.11918497541411
1019,0.978916423901171,-0.535836154335673,1.18307100122707
1020,1.07349243647396,-0.561067739083909,1.18710498587465
1021,1.16807112303245,-0.536911392133409,1.2091509647832
1022,1.26265188269369,-0.438084199615031,1.27332410010287
1023,2.99510718453321,-1.57211912194359,1.170717492531
1024,2.90054564975555,-1.2242546465242,1.52122004204035
1025,2.8059862039756,-1.18158727744154,1.65440810526283
1026,2.71142906575096,-1.21885669161289,1.47020217820059
1027,2.61687448522258,-1.14665433002808,1.63973304872872
1028,2.42777419262275,-1.29324943745282,1.48362465176799
1029,2.33322919930968,-1.08176620664221,1.55046651312169
1030,2.2386882216534,-1.01562479469065,1.33987982653248
1031,2.14415179083483,-1.00048581702525,1.34356474564195
1032,2.04962053600731,-0.905574437483839,1.22284992052287
1033,1.95509520796756,-0.923487171840644,1.16892754832316
1034,1.860576710035,-1.03745973227698,1.07323905334337
1035,1.76606613883619,-1.07311161253188,1.05150697607483
1036,1.67156483890845,-0.796617360697532,0.962514775605156
1037,1.5770744769092,-0.758899323747652,0.989444227968733
1038,1.48259714416086,-0.755391143654541,1.08007764248852
1039,1.38813550100183,-0.694892904095488,1.19093326672547
1040,1.29369298425918,-0.598002694315258,1.26666861021223
1041,1.19927411254199,-0.653039004734152,1.32631325666271
1042,1.10488494768345,-0.713998224837656,1.34923346886958
1043,1.01053381404766,-0.665673404928778,1.32150162121719
1044,0.916232460766414,-0.735007278677347,1.28274142999952
1045,0.821998020741288,-0.743558889035944,1.19160141900897
1046,0.727856483899988,-0.740042216424368,1.11191539669421
1047,0.633849246524797,-0.713722961900351,1.06472906848683
1048,0.540046446703423,-0.695178852088755,0.934330223787972
1049,0.446576928407722,-0.672997990549974,0.952458301062549
1050,0.353705007721547,-0.610982899672532,0.857674226301909
1051,0.262066791296922,-0.508052954798787,0.789129321778507
1052,0.173626797546262,-0.554552676665401,0.812034245619047
1053,0.0975141921148839,-0.636782182988471,0.80560444774276
1054,0.511361758488717,-0.615041152219231,0.899836747933083
1055,0.605080191931045,-0.631027814393303,0.900004830441478
1056,0.69903413393202,-0.582471132086092,0.982423480153441
1057,0.793139895131375,-0.59838135266152,1.11817745618234
1058,0.887349174343488,-0.529223405442211,1.15065802277921
1059,0.981632167504342,-0.551077597750069,1.22019141975247
1060,1.07596949699451,-0.567075430208555,1.19600230884514
1061,1.17034802334951,-0.52855715107917,1.21720407183939
1062,1.2647585240534,-0.414538068627939,1.28798598314984
1063,1.35919433624684,-0.445365311788774,1.26236514617016
1064,3.09342599020716,-2.30015632715844,1.06726060866926
1065,2.9989809744729,-1.4566431022797,1.01594948344593
1066,2.90454555907182,-1.17851244916261,1.41130220834666
1067,2.81012071187509,-1.22555771607193,1.58562271603201
1068,2.71570753524879,-1.0297179417777,1.87938769220141
1069,2.526921426111,-1.24626023087733,1.48243612901147
1070,2.43255161687743,-1.01833677459496,1.36949205451777
1071,2.33819980645779,-1.11006943433113,1.54411369859568
1072,2.24386826533503,-0.90658256890503,1.41961841271896
1073,2.14955966201178,-1.0395046700324,1.32197091218016
1074,2.05527715406727,-0.898177829053453,1.1882847191511
1075,1.96102450536083,-0.958770550112624,1.11547317388427
1076,1.86680623856163,-1.01024398121682,1.01490544645243
1077,1.77262783605351,-1.04713622942938,1.00720393134559
1078,1.67849600806287,-0.839451234993729,0.933526456316787
1079,1.58441905571928,-0.911653641219196,0.997960568100712
1080,1.49040737058091,-0.691189235147676,1.10685854102839
1081,1.39647413422146,-0.691543040421438,1.22012950729561
1082,1.30263631759957,-0.659601435721705,1.29498434068774
1083,1.20891614077294,-0.714901392386685,1.33104613898465
1084,1.11534325928183,-0.751542064438675,1.33966473736731
1085,1.02195813404545,-0.723978369013734,1.36264515907757
1086,0.928817398938044,-0.742064650570854,1.26605977880255
1087,0.836002741927651,-0.734313696064712,1.24541023615763
1088,0.743636268321556,-0.723777948987561,1.10007475173246
1089,0.651908510243584,-0.694158735795395,1.05651990859466
1090,0.56113278553739,-0.687454961317583,0.927158470069412
1091,0.471858868088788,-0.621622256729509,0.863812642906651
1092,0.38513253679124,-0.55489888275998,0.820139029551403
1093,0.30314821706324,-0.631770771299814,0.818180107298406
1094,0.444943802004404,-0.583880996926358,0.802962299880217
1095,0.533582876836045,-0.691591069133321,0.881638401629836
1096,0.623972657313818,-0.716922332446254,0.893313734703939
1097,0.715449899580708,-0.677823194040886,1.08482462112442
1098,0.807645176830126,-0.641873909742609,1.13552682800714
1099,0.900337934120309,-0.642566873804143,1.19746100237661
1100,0.993388922168568,-0.590257700861149,1.26896159074654
1101,1.08670612258815,-0.570294854066009,1.24953801095026
1102,1.18022639106489,-0.441420105884871,1.29934587540627
1103,1.27390500531778,-0.413401552261391,1.28579477846243
1104,1.36770942897,-0.355967680007138,1.26446155932596
1105,2.81742679493709,-1.31195104572741,1.4505951113876
1106,2.53504383063863,-1.4120999264649,1.82754347016342
1107,2.44098805779403,-1.16581981166953,1.35316844952094
1108,2.34697542902335,-1.03620634908646,1.40059936458173
1109,2.25301134522171,-0.893720455585296,1.4106287608661
1110,2.15910214442677,-1.00626981116403,1.31345475618856
1111,2.06525531340582,-0.988509908957409,1.16677026671884
1112,1.97147975899977,-0.961804076983123,1.08600381855162
1113,1.87778615977772,-1.06658301265843,0.978056508808189
1114,1.78418742700195,-1.10793697512294,0.973849787730775
1115,1.5973412514696,-0.869726060736201,0.973830556990534
1116,1.50413744711113,-0.790035873609303,1.09224641746629
1117,1.41111847024609,-0.776443672556382,1.19264337770194
1118,1.318323444929,-0.738850383601402,1.25871448959338
1119,1.22580323255465,-0.763040712663418,1.2853965631204
1120,1.13362512125725,-0.767847667783069,1.28962569213847
1121,1.04187991499105,-0.751417692132852,1.30153512751926
1122,0.950692952582553,-0.709668005692576,1.22955640191485
1123,0.860241776496962,-0.728429576019635,1.220340519709
1124,0.770785462423434,-0.685652766289522,1.12343909964549
1125,0.682715193362582,-0.664061089061101,1.08842545765612
1126,0.59664506410851,-0.637578444312498,0.948044803958769
1127,0.51358165944096,-0.579918029430102,0.857155924665422
1128,0.435249813802779,-0.54963795550791,0.870749239783462
1129,0.364711078840113,-0.576561375385063,0.778925732056596
1130,0.307378321867736,-0.53586795440363,0.778969514548244
1131,0.271742866680753,-0.537632998396448,0.803031270702762
1132,0.488968625232982,-0.676109569162367,0.846083264469645
1133,0.570811716744434,-0.721977577591236,0.848530486068406
1134,0.656092376571596,-0.791478522719805,1.03056061839402
1135,0.743628864642937,-0.784441541727344,1.09546939013596
1136,0.832710070298819,-0.693186418042874,1.21115843348627
1137,0.922888793482793,-0.668883877524562,1.33125022766521
1138,1.01387222084804,-0.629695017162965,1.32466295283449
1139,1.10546168020003,-0.594200010485524,1.3172617672833
1140,1.19751812666287,-0.506443164103607,1.29646305203286
1141,1.28994158476025,-0.440685863163388,1.2147569679923
1142,2.82787987111577,-1.48950768992653,1.33391980492179
1143,2.54665624768857,-1.637797143095,1.46737669240283
1144,2.45304576372422,-1.55768348166077,1.50662529944706
1145,2.35951361196997,-1.17146520540505,1.37148461300856
1146,2.26606949194635,-0.978685506157558,1.32134304177733
1147,2.1727247618372,-1.15892319776766,1.24343772499951
1148,2.07949280599458,-1.09522817544236,1.2143608493817
1149,1.98638950379275,-0.934866628456026,1.06560062983094
1150,1.89343383366966,-1.00725923247615,0.942115820969076
1151,1.80064865959578,-1.16009913072212,0.980314485485513
1152,1.70806176680919,-1.0619797943175,1.01592355846738
1153,1.52362734303183,-0.772076644259561,1.06146076280195
1154,1.43187504961219,-0.788643475342045,1.16079923803732
1155,1.34051763363326,-0.84137936246828,1.28656325280298
1156,1.24964170287874,-0.772115482209131,1.31405591630093
1157,1.15936048586182,-0.785091791318266,1.29079099483432
1158,1.06982455472568,-0.753104187428661,1.24688514709417
1159,0.981237948064776,-0.68116333062481,1.25990868269422
1160,0.893882953558736,-0.727335204700278,1.19102987566828
1161,0.808159049764059,-0.675192045066307,1.1010743899036
1162,0.72464533109677,-0.674985071680103,1.05141474259276
1163,0.644201950600344,-0.622265183760394,0.941175514847272
1164,0.568134615691009,-0.609681982731804,0.942582270972265
1165,0.498450821092306,-0.556164842758468,0.860914188100256
1166,0.438206562777144,-0.595064461424245,0.828367589739325
1167,0.391780874196872,-0.5773309211621,0.819789570535634
1168,0.38113906285742,-0.612138791457259,0.783603705356454
1169,0.478811997234945,-0.656302635488671,0.866196081710348
1170,0.545986389111003,-0.668548842140376,0.863818130103192
1171,0.620352187555559,-0.778807120401832,0.941739759616406
1172,0.699619916259968,-0.781401409251318,0.99456256982659
1173,0.782300906916503,-0.670948371016991,1.21585435087337
1174,0.867419668793199,-0.670340861068837,1.28187864817904
1175,0.954324130350042,-0.698639856164217,1.38004869790385
1176,1.04256783992197,-0.696608020160085,1.36552716961928
1177,1.13183759745951,-0.628531258170203,1.4460744520446
1178,1.22190854171595,-0.560753035767191,1.37777219367814
1179,1.31261575212475,-0.619793482737207,1.27984066046173
1180,2.84144520925639,-1.63097196247157,1.15693798007397
1181,2.6548605183161,-1.31168180145952,1.65510361586962
1182,2.56171121628407,-1.66349665096251,1.37333887031404
1183,2.46867167332347,-1.4676193671639,1.40556789210321
1184,2.37575478465602,-1.07197175085589,1.2292904357477
1185,2.28297552638533,-1.0118306150861,1.25937032851201
1186,2.19035138789302,-0.835840284069725,1.26127542424427
1187,2.09790291527696,-1.13948825358508,1.15280547185649
1188,2.00565440007056,-0.978339543627553,1.05039113919319
1189,1.91363475988219,-1.12696387230986,1.03662335708951
1190,1.82187867517254,-1.08914815719604,1.02744700379197
1191,1.73042807159954,-0.972124571655393,1.07743062883709
1192,1.63933407395292,-0.817661779266747,1.01958823568473
1193,1.54865961146361,-0.734979079109054,1.11838433353959
1194,1.4584829342321,-0.717326968818439,1.2040547465509
1195,1.36890242085625,-0.810138426000001,1.25509339417961
1196,1.2800432404095,-0.754475351524448,1.25763159823127
1197,1.19206671286558,-0.735433432588184,1.30824848776782
1198,1.10518364520942,-0.721746232096279,1.19250155119113
1199,1.01967358623569,-0.675381170052276,1.20125069368696
1200,0.93591294809254,-0.752196599481773,1.15486508590278
1201,0.854416386465011,-0.773333002855407,1.15776594597807
1202,0.775897652802692,-0.745683823659953,1.04319320141003
1203,0.701357587042208,-0.707876817331985,1.03075827100333
1204,0.6322050721805,-0.656722481395008,0.939099118100866
1205,0.570402956507042,-0.594702514074023,0.912155030573259
1206,0.518585868883196,-0.683449113762623,0.89118622052207
1207,0.479998505342304,-0.685168777886399,0.848748864903476
1208,0.457997072008647,-0.672131658446495,0.820822913400063
1209,0.454994024046781,-0.726062260329441,0.863330097360376
1210,0.471352624878883,-0.708466825846151,0.864142177376091
1211,0.505195529626188,-0.73830746251399,0.890913561944298
1212,0.553323811561095,-0.683383740512496,0.895821785046529
1213,0.612378517617047,-0.654257885822496,0.965530728669828
1214,0.679516849201952,-0.676958599173952,0.985361862117689
1215,0.75257846034283,-0.719222993759886,1.15024847935003
1216,0.830000614883365,-0.755685317899449,1.20402820666204
1217,0.9106718363679,-0.76624761090164,1.35414912603716
1218,0.993801216296672,-0.76044814564852,1.37454310236708
1219,1.07882065821152,-0.710893385295107,1.34955376338898
1220,1.16531654873999,-0.638521397491451,1.41895171603257
1221,1.25298315873071,-0.611764636531352,1.36228072294767
1222,1.34159100491558,-0.60929789011003,1.3358533786957
1223,2.67265526669081,-1.12043661175659,1.55494128721669
1224,2.48779855163681,-1.44400793087112,1.3065229527344
1225,2.39562363481255,-1.23007297472183,1.09919082927709
1226,2.30364473322839,-1.02262760278961,1.16053531952757
1227,2.21188630026532,-0.90062305186908,1.15124522527809
1228,2.12037695818081,-1.15824130097841,1.08183025535695
1229,2.02915040728353,-1.1784394418662,1.11437140822298
1230,1.93824657798895,-1.12034672188769,1.05485070984389
1231,1.84771310270425,-1.14622128863503,1.10549935303605
1232,1.75760721261499,-0.873545751513714,1.12769208688201
1233,1.66799820409964,-0.746496719881117,1.08827151756217
1234,1.57897067579963,-0.69554493895156,1.15154319223488
1235,1.49062881774867,-0.667658680047329,1.18298257734439
1236,1.40310214905495,-0.726302617362118,1.21623736884561
1237,1.31655326522499,-0.744119030759184,1.28252151774514
1238,1.2311883896377,-0.683129106140815,1.25502429160364
1239,1.14727184768689,-0.674704483667283,1.21586572912959
1240,1.06514601126948,-0.629118597487293,1.17222791968928
1241,0.98525877274135,-0.750865023614853,1.13746073473485
1242,0.908201059411654,-0.803504466966811,1.15017766976762
1243,0.834756833144389,-0.80587945921967,1.04136311451663
1244,0.76596623147381,-0.770963502710392,1.04366123801076
1245,0.70319631408823,-0.660146588559969,1.01169559078612
1246,0.648198531044692,-0.620857750733759,0.981320646995135
1247,0.603102898568612,-0.655382929557718,0.952546332241848
1248,0.57026341982225,-0.738649809593646,0.919081572705756
1249,0.551872377298426,-0.712052792713733,0.933357565858805
1250,0.54938271248266,-0.67084235230573,0.930958669181249
1251,0.563005417235692,-0.676669071249703,0.882529525186819
1252,0.591628537184277,-0.690951844017773,0.982327910399145
1253,0.633221164599716,-0.613692392783698,0.998266450286366
1254,0.685426328422956,-0.623929954109527,1.10130131899754
1255,0.746019404041122,-0.613145495082235,1.11543485434477
1256,0.813127383519032,-0.67877569175693,1.24180807818091
1257,0.885269915654704,-0.729283154517806,1.25051122126424
1258,0.961314202750696,-0.717532591034816,1.33676464098805
1259,1.04040504630133,-0.740943647580337,1.32324165373635
1260,1.12189830886782,-0.66938100498609,1.39926422223182
1261,1.20530679149493,-0.636455204873998,1.37054548118906
1262,1.29025912084329,-0.746092470791626,1.37971874813115
1263,1.37646947925732,-0.715580278630956,1.3334409717442
1264,1.46371559629823,-0.540412560765076,1.28299529295633
1265,2.51034637599971,-1.47573822355872,1.2550843467968
1266,2.41903077567053,-1.16673024333816,1.02877450162846
1267,2.32797687937392,-1.10051025456007,1.0668015695641
1268,2.23721664111236,-0.869873905133887,1.10021781730712
1269,2.14678730636101,-0.851078232169193,1.17445367178845
1270,2.05673252255795,-1.31526437253103,1.09365543582702
1271,1.96710373164573,-1.29424281426378,1.05853794669435
1272,1.87796192822795,-1.13665407348617,1.10194192356577
1273,1.78937989476938,-0.918941075531083,1.10823462575628
1274,1.70144506312966,-0.573328643600829,1.08309739734007
1275,1.61426320313752,-0.611482943152108,1.11817518924632
1276,1.52796320841553,-0.60110859243317,1.21250056374474
1277,1.44270334256606,-0.709464222849759,1.21287857225862
1278,1.35867943023483,-0.784067033771759,1.21685061621139
1279,1.27613562944827,-0.717162657743024,1.18782685391272
1280,1.19537859545148,-0.673835088403567,1.18001475881178
1281,1.11679600612285,-0.690219284463181,1.24535929134396
1282,1.04088046539094,-0.723485538080469,1.20959217194044
1283,0.968259499455137,-0.775101757885411,1.23270623832104
1284,0.899731217892273,-0.809666451759604,1.11462204450086
1285,0.836302314792237,-0.784266484683392,1.12230762129944
1286,0.779219064266228,-0.758442203788591,1.12935117630945
1287,0.729971663571375,-0.685298419103909,1.06794782012324
1288,0.690239378933515,-0.6427284783639,1.03019948614965
1289,0.661738363672556,-0.618025588652864,1.03919456710676
1290,0.645956975961773,-0.724712510759449,1.01692277633075
1291,0.643831234675259,-0.727963566572072,0.941709117217729
1292,0.655494007451936,-0.67673617879339,0.960013690922259
1293,0.680236444171782,-0.612187763716355,1.09875022489654
1294,0.716705195506272,-0.56454718775954,1.13912617200572
1295,0.76322116431873,-0.603888101683466,1.2347456016637
1296,0.818072273808698,-0.611438161192972,1.25155226002169
1297,0.879700764917918,-0.628245984111611,1.3114405841123
1298,0.946784092352607,-0.701325423999994,1.25899678367842
1299,1.01824471045956,-0.660102896027813,1.360716018138
1300,1.0932245672038,-0.701173081389586,1.27705287747477
1301,1.17104786811177,-0.659812242244744,1.3334669466597
1302,1.25118414136069,-0.642679350637973,1.3177252298214
1303,1.33321637136961,-0.72933530434912,1.33715218263525
1304,1.41681527423147,-0.703360691638671,1.33643841550975
1305,1.50171922835641,-0.561172380997554,1.27829435414415
1306,2.44587462448956,-1.4799866257341,1.35323468598518
1307,2.35585847112689,-1.02009338393348,1.05354867347163
1308,2.26621514520376,-1.12719984958965,1.10885768445712
1309,2.17699070366264,-1.05583899305378,1.15844089295104
1310,2.08823884036965,-1.39727434584237,1.0594005347204
1311,2.00002246890762,-1.44832361166002,1.11506333823196
1312,1.91241569460054,-1.19222753419406,1.04980147318863
1313,1.82550628398965,-0.957418155792896,1.06036263333369
1314,1.73939877196952,-0.798317900291224,1.11605473977201
1315,1.65421838766368,-0.594756558754181,1.09586368992991
1316,1.57011603117486,-0.778755287576279,1.13449689349016
1317,1.48727459459647,-0.820666530714604,1.21119722992571
1318,1.40591698873868,-0.852360321181134,1.20218873603448
1319,1.32631630082275,-0.839801518213109,1.22109308231899
1320,1.24880854078773,-0.722884685063911,1.22573816308243
1321,1.17380837634289,-0.74061339403341,1.25756768799018
1322,1.10182799397785,-0.781294764779259,1.24399520253581
1323,1.03349854541064,-0.803681523883239,1.27550390485399
1324,0.969592207853754,-0.834097532829016,1.25188724468341
1325,0.911040255316777,-0.820211181147508,1.16750556441719
1326,0.858938376833135,-0.779996222484902,1.17354150175233
1327,0.814525269526959,-0.669597460184174,1.15921465476072
1328,0.779116926597882,-0.649690253233251,1.12755930070526
1329,0.753983054873806,-0.706416188918299,1.10810431252811
1330,0.74017106122469,-0.647258541510787,1.03993789801988
1331,0.738316628435438,-0.735095444860735,1.01641471809639
1332,0.748508636480705,-0.704465169308723,1.10696655499824
1333,0.770269047190834,-0.695083900398629,1.15877889187097
1334,0.802657537400907,-0.619174263139167,1.1850696490987
1335,0.844452089076013,-0.608590162514483,1.32118091900664
1336,0.894334965354335,-0.659187354741691,1.31318333381546
1337,0.951034290064231,-0.691308632362232,1.35865051588683
1338,1.01340658307155,-0.676060424548349,1.28950318639763
1339,1.08046984014348,-0.621302364331245,1.32981572295018
1340,1.15140468099567,-0.634964376810722,1.26350727251324
1341,1.22553902201845,-0.749720690233411,1.27504703829484
1342,1.30232658756292,-0.737103107724884,1.28361324467359
1343,1.38132497189067,-0.706997966110559,1.34926558276632
1344,1.46217588079423,-0.632004941346515,1.2620185164552
1345,2.21083169871126,-1.00833329530255,1.11761642646094
1346,2.12349469757316,-1.21373453433664,1.13297217868673
1347,2.03680587006428,-1.37576580651651,1.02887201325006
1348,1.95085162561057,-1.09016578165303,0.975100915750516
1349,1.86573349358333,-0.975536189805173,0.995681335596741
1350,1.78157131884245,-0.85343951249771,1.00499788588142
1351,1.69850721231249,-0.843453953149771,1.07789162990463
1352,1.61671043404353,-0.929060853389765,1.15346340358955
1353,1.53638341436148,-0.947980560247127,1.09651563137913
1354,1.45776913652916,-0.920246962769712,1.10790404542086
1355,1.38116009427621,-0.939202427864009,1.17082264647589
1356,1.30690896688993,-0.849183133519993,1.24332511754727
1357,1.23544096603832,-0.747236587753098,1.29262650369855
1358,1.16726740916818,-0.804636839470387,1.30761200153154
1359,1.10299932890227,-0.815706729502008,1.27645286364817
1360,1.04335867549164,-0.846969130978294,1.26937649103063
1361,0.989182805653538,-0.822407195719773,1.2898137634089
1362,0.941415642205762,-0.78743931785842,1.21632613843111
1363,0.901076961691348,-0.729140161108742,1.22913171888516
1364,0.869201623045123,-0.668812886133382,1.19562291390502
1365,0.846745961448758,-0.665261596592708,1.14829902056249
1366,0.834470776041576,-0.706123065409095,1.10893792213688
1367,0.832826344454364,-0.686722049428198,1.13138730577629
1368,0.841874964041068,-0.700767105762122,1.16398394066726
1369,0.861279676558794,-0.724967579000596,1.15350310985823
1370,0.890363632758793,-0.675893814259022,1.30668057653042
1371,0.928217435161497,-0.684411975528315,1.35901766484118
1372,0.97381892898438,-0.6780254493632,1.36431084974719
1373,1.02613571084478,-0.676851527658015,1.43024905881195
1374,1.08419609794801,-0.66760464810828,1.33420702214687
1375,1.14712830653446,-0.58173492063398,1.28113040401854
1376,1.21417503499771,-0.674495406057603,1.241268885087
1377,1.28469224745963,-0.687261945788183,1.18151897854273
1378,1.35813946885665,-0.687758434538975,1.12062786966516
1379,2.16231669695408,-1.10779175573908,1.03717498333369
1380,2.07724864174547,-1.44336981958337,0.933175484422797
1381,1.99303934543513,-1.29281496715778,0.944642212433418
1382,1.90980240768089,-0.96619795000085,0.835130854857151
1383,1.66737410164915,-1.00106933553071,1.00943122721362
1384,1.58960931150711,-0.986224334370865,1.10759338445048
1385,1.51376174569252,-1.03608161190649,1.0241316041333
1386,1.44013435947003,-0.91577936408843,1.12235203863664
1387,1.36908539362686,-0.851531548747248,1.19426977089324
1388,1.30103733531009,-0.787128346180894,1.21259843510939
1389,1.23648573457654,-0.776070903472321,1.25203568889865
1390,1.17600649949903,-0.817466496029756,1.32034330092183
1391,1.12025938649437,-0.829588017492622,1.26164680394793
1392,1.06998429442011,-0.812909555014171,1.30623406883588
1393,1.02598595443348,-0.758033536556136,1.33175435864564
1394,0.989102349707046,-0.736705756608603,1.31295903251788
1395,0.960153752692434,-0.692682785937201,1.29756813216003
1396,0.93987365668736,-0.668532364385032,1.26705360265436
1397,0.928830040089422,-0.655336874021269,1.21214401034695
1398,0.92735294646769,-0.722755845131924,1.18024173199587
1399,0.935487692267641,-0.698670840405589,1.13996252653598
1400,0.952988168110344,-0.697810533289869,1.18959719036787
1401,0.979352421676958,-0.716609269630147,1.31422360316226
1402,1.01388923174224,-0.721005659031473,1.32300915767225
1403,1.05579689038819,-0.734372246795268,1.41997504597703
1404,1.10423650744576,-0.709476260997141,1.39224314262537
1405,1.15838894422849,-0.722230282776173,1.39505489185573
1406,1.21749214328377,-0.70561903066697,1.26757033985206
1407,1.28086095377944,-0.706296522231338,1.17808707615336
1408,1.34789388973612,-0.677974219570037,1.07337091254339
1409,2.20451644501547,-1.1617463700077,0.937331302959355
1410,2.1211414799703,-0.894566400338207,0.985448232728473
1411,2.03874596035644,-1.24015184753261,0.828156839596243
1412,1.57345285316698,-0.920481531155908,1.01708584259534
1413,1.50275288445685,-0.835289295345086,0.958459357403923
1414,1.43480802669194,-0.830005833058311,1.10367266965275
1415,1.37002825017881,-0.788234368001592,1.2119035072232
1416,1.30888358161776,-0.687006054358315,1.23365658629798
1417,1.25190676381318,-0.767752807596941,1.25314459660655
1418,1.19969177351767,-0.79017661325329,1.32766522634237
1419,1.15288579170832,-0.759199300420672,1.36624515162826
1420,1.11217194583931,-0.73650625868129,1.36975007707073
1421,1.07824056527902,-0.711481512122179,1.3662237687008
1422,1.05174830032028,-0.7004352180712,1.32430435059081
1423,1.03326751083739,-0.65025528275066,1.28884471262566
1424,1.02323237917383,-0.670552016503977,1.24596250187234
1425,1.02189174854264,-0.690115724852047,1.19316122123585
1426,1.02927959311426,-0.733478106723788,1.17034082920274
1427,1.04521084331131,-0.7292509273436,1.23972755233995
1428,1.06930371001963,-0.703263897187857,1.28086178420288
1429,1.1010225395786,-0.735661809243041,1.29311243927159
1430,1.13973081566245,-0.791407966916059,1.39257580054971
1431,1.18474365277609,-0.772727551344808,1.37142259548156
1432,1.23537209152871,-0.730785531284662,1.37291234938681
1433,1.29095560627581,-0.743867148706609,1.21372900074006
1434,1.35088268970107,-0.746879882044369,1.14184216934232
1435,1.41460142669418,-0.670800354904431,1.05970951284592
1436,2.41600023505701,-1.7540038680499,1.20917543984578
1437,2.24990388814123,-1.13404975320711,0.846799589730566
1438,2.16827487362188,-0.369825982219712,0.909644850798348
1439,2.08774036709527,-0.174163262836944,0.906081535254662
1440,1.63643778698387,-0.936858701200948,0.818259088928558
1441,1.56857928753148,-0.877362606865453,0.940893330914902
1442,1.44192654314198,-0.850203976768859,1.04206506267034
1443,1.33020498225294,-0.74195144480735,1.22584610932727
1444,1.28118503775815,-0.777623265340072,1.32317262173389
1445,1.237465311939,-0.760017150267651,1.33549646663096
1446,1.19962543597632,-0.731754566093966,1.37504971649085
1447,1.16823690497373,-0.6894508114369,1.38119377079745
1448,1.14383094762992,-0.662077861383955,1.40829396318498
1449,1.12686134838385,-0.627881999636484,1.3772939036899
1450,1.11766687851037,-0.654549560494867,1.33684844774883
1451,1.11643965142273,-0.749615409541124,1.30827731824706
1452,1.12320578271786,-0.806513915061525,1.27558822453072
1453,1.13782268236527,-0.734728582143042,1.28121829442506
1454,1.15999360937512,-0.773423790495613,1.23553637662583
1455,1.1892961709303,-0.776271559515773,1.32993105931813
1456,1.22521878931886,-0.792349037536046,1.32521526263039
1457,1.26719859229823,-0.815837539088238,1.27514710831918
1458,1.31465545070082,-0.788729325184895,1.28677729109933
1459,1.3670190660354,-0.769858500758535,1.20403272443527
1460,1.42374814867777,-0.649852090715699,1.22793890488987
1461,2.62748910003602,-2.34427946807794,1.35406044765348
1462,2.29829017891878,-0.630744998147589,0.782135784532794
1463,2.21844228417633,0.205611438903054,0.83620951684483
1464,1.63722668617216,-0.979927302460589,0.803646267694341
1465,1.46130805116492,-0.840842948988642,1.06837941499245
1466,1.41050187360814,-0.776452898249175,1.15836279595804
1467,1.36436994309346,-0.751055646429385,1.22199135306589
1468,1.32340116325089,-0.768458635936116,1.31335997746748
1469,1.28808828396305,-0.729328100335867,1.36090890213001
1470,1.25890734638579,-0.731191321903673,1.41325854763349
1471,1.23629263420821,-0.66711184305887,1.43229599079143
1472,1.2206091672288,-0.6571686053692,1.39532461079766
1473,1.21212602148482,-0.664530273213294,1.37951513833025
1474,1.2109945234849,-0.716136496308189,1.35299547926498
1475,1.21723517488296,-0.81671213219464,1.31699818754794
1476,1.23073583564728,-0.786683862066739,1.33494483863499
1477,1.25126152919069,-0.788899129755146,1.26566585125562
1478,1.27847394296129,-0.829214199383995,1.31443143065899
1479,1.31195705811642,-0.857966321265704,1.27559258618865
1480,1.35124480127182,-0.864550232947411,1.288796636909
1481,1.39584712440113,-0.805863269990116,1.21750856495636
1482,1.44527207388291,-0.665011881543759,1.25211503236199
1483,1.49904270503041,-0.660358891251846,1.17909003214329
1484,1.55670876742443,-0.648943487463922,1.10510893838009
1485,2.75532098609499,-1.84859134476847,1.3651136076537
1486,2.67238932466094,-2.13569356495517,1.22166625476944
1487,2.59025696791267,-1.8529609764314,1.14532615488538
1488,2.50900241295035,-1.45199593153093,1.04988703646864
1489,1.54058007002332,-1.1269883337583,1.05586005912818
1490,1.49247487992452,-0.81946379119896,1.1098443707507
1491,1.44895516610091,-0.789815270450897,1.16339817643113
1492,1.41044545114211,-0.754725882120206,1.24334271382005
1493,1.37736602217295,-0.737725874984556,1.30484016190843
1494,1.35011608335645,-0.716280242525001,1.35316841061377
1495,1.32905425365225,-0.73550986364343,1.39418039036984
1496,1.31447802221134,-0.745736944798307,1.4171409615379
1497,1.30660446337608,-0.788852180689091,1.48382999653411
1498,1.3055548505,-0.811153515126185,1.45402461789463
1499,1.31134556953002,-0.821774087007122,1.42441297918294
1500,1.32388686408623,-0.830888316618601,1.38052087732445
1501,1.3429896299623,-0.836489029870531,1.30219271569322
1502,1.36837909754009,-0.88322687714019,1.33339364318268
1503,1.39971320422976,-0.889157467063017,1.26302008855538
1504,1.43660302266067,-0.88201721642181,1.23110749014307
1505,1.47863278959062,-0.733818835870356,1.27272623146359
1506,1.52537769070466,-0.742330639142658,1.18321274478862
1507,1.57641833383735,-0.789784803304105,1.04820089529321
1508,1.63135156184366,-1.11207478982695,1.13431286251871
1509,1.68979778805426,-1.11531129962698,1.11098115054502
1510,1.75140535051386,-1.02310151206766,1.07555892386253
1511,2.80136662350384,-1.34803994282971,1.42889390416271
1512,2.63918403728992,-1.9522364509269,1.07570232224474
1513,2.55948321562312,-1.57202548491192,1.0313936669809
1514,2.25223378796697,-0.190398717500295,0.803393580991729
1515,1.67124185894153,-1.09564099815324,0.856225631958968
1516,1.62149565988283,-1.05013895803022,0.976758036380322
1517,1.57586245912247,-1.11183880020701,1.06041921073433
1518,1.5347091894676,-0.782271491164605,1.09609335461754
1519,1.49840501651364,-0.75154342709471,1.22561094681224
1520,1.4673099133797,-0.673716875318951,1.2420675098982
1521,1.44176095848222,-0.661190180865572,1.35528392981338
1522,1.42205711278307,-0.750119630626989,1.37576750383944
1523,1.40844371337389,-0.812612739610994,1.43872223355597
1524,1.40109830011319,-0.830646912527561,1.42719185782208
1525,1.40011952722968,-0.84466969715841,1.44232587431167
1526,1.4055206955402,-0.86296394877839,1.39691378221967
1527,1.41722886358057,-0.82718311410139,1.37203139106878
1528,1.43508967282609,-0.838484688459212,1.37505912805943
1529,1.45887716324934,-0.870607703676656,1.34203280617918
1530,1.48830718501287,-0.804457040635126,1.4230176273458
1531,1.52305268050175,-0.785797179662329,1.34799347010638
1532,1.56275914629169,-0.759389630247114,1.24380620825621
1533,1.60705890438567,-0.829129095937189,1.17323928781753
1534,1.65558327671076,-1.09984958934088,1.15822933699591
1535,1.7079722308034,-1.16016763370816,1.07134474997083
1536,1.76388145502437,-0.633449640871035,1.02696686696423
1537,1.8229870884552,-0.617356569400818,0.95241363698638
1538,1.88498847558334,-0.250493099629439,0.83720977692398
1539,2.84980905908786,-1.37316925038381,1.35878440188103
1540,2.69054810339155,-1.68085507641691,1.40309675219775
1541,2.61241479191847,-1.7711348382471,1.00806074315133
1542,2.24085991386548,0.461276990989751,0.788297001094079
1543,2.10366785276767,-1.06088823968675,0.780870351083276
1544,1.75122987213452,-1.1293426890568,0.779962383105075
1545,1.70382067395509,-0.958679535136941,0.986519291432249
1546,1.66045150608184,-0.930361512391332,1.00906062605383
1547,1.62144657951295,-0.984158745446324,1.08731807382707
1548,1.58712769098494,-0.981924649641514,1.15516055438263
1549,1.55780457563851,-0.581597315213519,1.1822321069323
1550,1.53376379386837,-0.552708607776083,1.29704203064663
1551,1.51525679209659,-0.767101013203737,1.34178457232118
1552,1.50248807240536,-0.821904003603998,1.40290176498052
1553,1.49560461371247,-0.857357489025593,1.46864027962458
1554,1.49468772809166,-0.863441985711574,1.43257741031417
1555,1.4997483587488,-0.862815292099246,1.43990261011001
1556,1.51072643643507,-0.792609763900231,1.43698208742941
1557,1.52749438068689,-0.786801289731486,1.43191052506227
1558,1.54986428161577,-0.746038965565156,1.46226743519814
1559,1.5775978546318,-0.766699348060423,1.42773404891859
1560,1.61041801454203,-0.845074633598048,1.37660303427178
1561,1.64802089285794,-0.882647717327123,1.27624136974888
1562,1.69008728654564,-0.856429722445232,1.17062596881033
1563,1.7362928036775,-1.09666340629619,1.14235063715588
1564,1.78631628083424,-0.674095531546551,1.05591410896572
1565,1.83984632547308,-0.555557554730407,0.958558883674479
1566,1.89658604831215,-0.469987672588685,0.900464724329075
1567,1.95625618645921,-0.15853337522427,0.870866873578244
1568,2.90052820678395,-1.14167010700456,1.32073867492976
1569,2.30501743131355,-0.282243382400789,0.824104650887762
1570,2.23744055869708,0.274260299812188,0.806960372455391
1571,2.17188181995665,-1.15595679649173,0.788884557472038
1572,2.10852946792922,-1.25542917258965,0.805718440139426
1573,1.78736037051482,-1.0882942298866,0.841412986106877
1574,1.74606741254154,-0.889218968073214,0.996429711236368
1575,1.70901761702574,-0.793407365608786,1.04455832432648
1576,1.67649232404484,-0.754740824107145,1.1151278114984
1577,1.64875932172356,-0.553540896865263,1.13966215695886
1578,1.62606383038046,-0.861421346465057,1.18670544965887
1579,1.60861908203432,-0.938278879518804,1.31836287630392
1580,1.59659719804666,-0.771765093981294,1.32594022929082
1581,1.5901211795483,-0.851516085961697,1.40082857714789
1582,1.58925882397987,-0.885107730457025,1.37331055709702
1583,1.59401924224892,-0.842499665637377,1.38930753456487
1584,1.60435238362209,-0.786851060839604,1.40150443198408
1585,1.6201516250401,-0.755488735281096,1.4211646486473
1586,1.64125911924914,-0.762163261685231,1.42714546314867
1587,1.66747329694629,-0.789314289675712,1.39626239364632
1588,1.6985577372146,-0.825717163500882,1.33384210666896
1589,1.73425057831513,-0.835794247017955,1.34118561784925
1590,1.77427372218417,-0.818458502295668,1.25205380545691
1591,1.81834125102862,-0.731705739727887,1.14314869143572
1592,1.86616667537054,-0.608845960523426,1.02914419474653
1593,1.91746882802482,-0.632874695113401,0.930454149261343
1594,1.97197638011777,-0.462590296790624,0.890652480913983
1595,2.02943107105169,-0.160691727327104,0.860570509506659
1596,2.57893802104746,-2.09770517580836,0.975613986000246
1597,2.30557757403756,-0.179803241789702,0.832262342151243
1598,2.24201211773274,-0.23258161202107,0.860658716662193
1599,2.18069810228929,-1.43587500506561,0.813372867132831
1600,2.12183071466786,-1.51534152625796,0.828930821782922
1601,2.06561914233962,-1.65600210299231,0.785748781113596
1602,2.01228596173704,-1.44373907188718,0.801482181383142
1603,1.96206590957597,-1.30461473395876,0.794303909345211
1604,1.79730045109507,-0.860993399015996,0.934644849691062
1605,1.7664014857284,-0.544704964756472,0.999280284364973
1606,1.74010200769167,-0.576252715653258,1.07685491590139
1607,1.71861318413242,-0.662343975255358,1.17532607600082
1608,1.70211722489585,-0.752909111878283,1.28197661737003
1609,1.69076027544199,-1.03680930634608,1.24883496361523
1610,1.68464627202576,-1.03428537172303,1.32075566499465
1611,1.68383232710389,-1.02814776902752,1.36548000842938
1612,1.68832610619573,-0.709205886071128,1.29261743803375
1613,1.69808547106325,-0.71831646229648,1.33121208096762
1614,1.71302042729277,-0.715781090675042,1.37647414924085
1615,1.73299717043066,-0.705150954754307,1.39294431204377
1616,1.75784381906675,-0.719645152246133,1.38130587591931
1617,1.78735729020635,-0.757885937552667,1.34013344527193
1618,1.82131072708327,-0.792841010726318,1.27054250682709
1619,1.85946092656864,-0.789218357752395,1.20762940981595
1620,1.90155531115836,-0.793307057872743,1.13021454534736
1621,1.9473381207345,-0.607673118783865,1.00053454951467
1622,1.99655563474928,-0.643047315612702,0.933717566719009
1623,2.04896035587431,-0.409123019415106,0.881696011781769
1624,2.10431418004827,-0.15870685565854,0.836682361786462
1625,2.25452598136337,-0.870555724391734,0.906043274531275
1626,2.19763708765171,-1.62212595094223,0.837654464539033
1627,2.14341447893641,-1.52359727200707,0.885555274055569
1628,2.09206548155604,-1.360797977249,0.932526800128896
1629,2.04380669850026,-1.43383531131568,0.986194370170982
1630,1.99886196463461,-1.30339127397536,1.00555031495787
1631,1.85677607591703,-0.837442919145504,0.897008070809742
1632,1.83177459980395,-0.564782706195372,0.930924464712925
1633,1.81137364008317,-0.43142068406175,0.998801025950462
1634,1.79573000047377,-0.777387882629118,1.06299662484577
1635,1.78496876620489,-0.909534887232469,1.15787433758343
1636,1.77917853212225,-0.879351067196246,1.16362433015244
1637,1.7784078534224,-0.785061596341199,1.1804521280502
1638,1.78266324026059,-0.742700307556858,1.23901333300981
1639,1.79190888561625,-0.995895717734834,1.19223246809358
1640,1.80606815254482,-0.951123810707502,1.27917287986443
1641,1.82502667926664,-0.904243162739075,1.34779175419489
1642,1.8486368165612,-0.836952668022166,1.36036888473877
1643,1.87672301370452,-0.812580680205151,1.33503572373378
1644,1.90908772766024,-0.862342010467124,1.29584244841005
1645,1.94551744395928,-0.863185312044785,1.25440712858576
1646,1.98578845517566,-0.575120153948232,1.05471738746101
1647,2.02967212716244,-0.505284442448523,0.933987475031871
1648,2.07693947672133,-0.600976710563936,0.919892843765782
1649,2.8458202353746,-1.14717736713171,1.03378270136431
1650,2.27485108247744,-0.799572090102405,0.925298751198399
1651,2.17303397523942,-1.30657485986864,1.03704203024802
1652,2.12661338735113,-1.13331912514141,1.1086644841425
1653,2.08345574277195,-1.01812379023592,1.14442770703414
1654,2.04376775980784,-1.12012815245068,1.09862746090541
1655,1.97561908708319,-1.04374337658072,0.974247160067426
1656,1.94755130215467,-0.765687371760565,0.969844748841795
1657,1.92372993502555,-0.67851662985957,0.891773917567203
1658,1.90431434968459,-0.724968127155083,0.926641743512201
1659,1.88944037032874,-0.902331444429325,0.963280624104485
1660,1.8792158403849,-1.1610865106955,0.991548863580172
1661,1.87371687498169,-1.07089464676138,0.971225614840552
1662,1.87298509645458,-0.989198037924729,0.967223969382662
1663,1.87702608042693,-1.04924451832105,1.0008915370121
1664,1.8858091453742,-1.08922224339293,1.07194914416946
1665,1.89926850394123,-0.868362080827703,1.1851131990021
1666,1.91730567684486,-0.677923365727797,1.30136544340102
1667,1.93979296781178,-0.772318778076918,1.26071403674023
1668,1.96657772503267,-0.695666783571301,1.24798788841196
1669,2.30278059668727,-0.626797355269151,0.992971268251246
1670,2.25506337540289,-1.10660189336253,1.05708932837903
1671,2.21036618432324,-0.962731417627757,1.15738013148862
1672,2.16887574600945,-0.912109729571584,1.19226904525477
1673,2.1307793939234,-0.953388348058624,1.15308461775603
1674,2.09626218317777,-0.978807623416464,1.06970111349334
1675,2.06550355767935,-0.944061288644567,1.00385925715788
1676,2.03867364824853,-0.789544736187715,0.982678522739818
1677,2.0159293222859,-0.511710650138987,0.977859895393519
1678,1.99741015115907,-0.707084347176421,1.01282551737387
1679,1.98323450014532,-0.940045017650958,1.03580614786531
1680,1.97349597017378,-1.10729446973604,1.04672892752706
1681,1.96826042411308,-1.30211235449453,0.899726165945619
1682,1.96756380864245,-1.26565586798314,0.847463833670522
1683,1.97141093538144,-1.28475855268908,0.813062926062776
1684,1.97977531611938,-1.08002068225028,0.898100726412157
1685,1.99260006514148,-1.03290888913594,1.0150029746794
1686,2.00979979798988,-0.705822861518518,1.20047956710804
1687,2.03126338211239,-0.645388047407159,1.32635306031015
1688,2.0568573402483,-0.68564428173693,1.23767185964724
1689,2.3840990199927,-0.945206607601402,0.888180997122314
1690,2.33804202009593,-0.897032760479546,1.02742731126266
1691,2.29496150936143,-0.804683377280555,1.13723828955254
1692,2.25502808458761,-0.772927545810842,1.165507841023
1693,2.21841170349856,-0.912805012329644,1.13898183245696
1694,2.18527911289886,-0.98802451341495,1.06825411997186
1695,2.15579094706255,-0.903029574703881,0.980923314817121
1696,2.13009856690102,-0.574887553938976,0.975453270171281
1697,2.10834074406934,-0.552422365867441,0.971558679509971
1698,2.09064032597768,-0.709370362977954,0.981761618844869
1699,2.07710104309286,-0.854828153049205,0.938132747916944
1700,2.06780463413325,-1.12089567074845,0.938044226502819
1701,2.06280846366806,-1.25965094652918,0.912502353931575
1702,2.0621437878408,-1.29663933695628,0.909735540186847
1703,2.06581478763037,-1.30807814955568,0.810269279705785
1704,2.42187234170118,-1.24667194637196,0.940121409579792
1705,2.38030953474824,-1.28138252485316,1.025452485044
1706,2.34183193548166,-0.933212886882273,1.05171307311049
1707,2.30659394735664,-0.987613048605961,1.04598966026726
1708,2.27474612935926,-0.9572951196083,1.0031051170067
1709,2.24643267408568,-0.820136262445711,0.96608894397425
1710,2.2217887065328,-0.758604003725794,0.943871438906919
1711,2.15736040325754,-1.15964905167866,0.890957897111187
1712,2.156724867361,-1.29073566802449,0.853673458555859
1713,2.16023514658827,-1.36650936712549,0.811318388253516
1714,2.46633211958334,-1.39891774586732,0.879886315944812
1715,2.42921745772519,-1.27589984735111,0.879987730624578
1716,2.39526538839799,-1.1629221638225,0.875261226183586
1717,2.36461214492145,-0.890258178294856,0.900040709078796
1718,2.33738751645396,-1.02083872269435,0.909357035303874
1719,2.25649325272223,0.950415233183674,0.811325121809546
1720,2.2519157516254,-0.778019736313892,0.822730994245857
1721,2.25130690852411,-1.25807910129575,0.840129909063207
1722,2.59175662753266,0.528748309936269,0.844380700388188
1723,2.55296107649053,0.347656196708758,0.890799926253812
1724,2.51712407141644,1.11386023405682,0.978690420986074
1725,2.48437364638344,-0.554904111369941,0.828276487398523
1726,2.45483334055435,-0.972574333480467,0.898954707481832
1727,2.42862029474803,-0.753200153172049,0.926814895701839
1728,2.64013671675825,-0.819619754014745,0.785388822840297
1729,2.60549903396708,-0.878075598128539,0.90397948775766
1730,2.57387335351682,-0.359871988843175,1.01536848273382
1731,2.54537194826151,-0.255176905482154,1.09156282538318
1732,2.98444539500578,0.0121421603813353,1.34327845814215
1733,2.69429625917695,-0.371182369852327,0.793479940479554
1734,2.66372505265754,-0.495307231142651,1.01832271060326
1735,2.63619526424126,-0.230108901552738,1.1139723120444
1736,2.5472395672872,-0.639375436101949,0.805454583351345
1737,2.75389429054186,-0.459985443627223,0.928281831859667
1738,2.72727484469969,-1.00290841349152,1.10300595655834
