0,2.81968885554999,8.35804927308746,1.1758207191874
1,2.76343852933991,8.46339567794182,1.09218231574817
2,2.73036551367554,8.1074497540338,1.24537735246689
3,2.7002027076146,8.49034099379053,1.17608860831366
4,2.61052578403138,8.47119487495941,1.28981923564384
5,2.59625136467829,8.38559364230696,1.57082771758907
6,2.71262432913075,8.37905361582898,1.20247175232419
7,2.67558191665071,8.37696203179426,1.39514320723709
8,2.64140907955142,8.44528105153427,1.45812007249396
9,2.61021852523447,8.48863233771263,1.44805284046506
10,2.58211832891714,8.4879653812887,1.34254356032916
11,2.55721036887751,8.55299140855636,1.37444045580953
12,2.53558872216525,8.52612325547016,1.45751624084761
13,2.51733806954105,8.52694032306222,1.6240375586148
14,2.50253216480066,8.47562499004355,1.59984071716013
15,2.49123242722859,8.47985672185542,1.61286348643528
16,2.48348671593,8.48860784523641,1.64260503307145
17,2.71131759837835,8.78355074708644,0.95946640148767
18,2.66755693074546,8.51208753047437,1.17578450431415
19,2.62647526723025,8.23214148531996,1.31828029334994
20,2.5882001798718,8.35738051377907,1.48984019362925
21,2.55285790907305,8.45027598800585,1.57590749064736
22,2.52057182557001,8.47826575066277,1.57755835057085
23,2.49146074480615,8.52373445900152,1.54746957100427
24,2.4656371284264,8.5307143064921,1.53177112923837
25,2.44320521986012,8.53807866650436,1.58293429318699
26,2.42425917235365,8.48319162846947,1.56657374699803
27,2.40888123705633,8.48101059750612,1.59438256885014
28,2.39714008452894,8.50172936331658,1.61655897208928
29,2.38908933415662,8.51686291749112,1.56869626957057
30,2.38476636159993,8.61555240113882,1.57955178666677
31,2.94911585821441,8.6599865772167,0.988499745377739
32,2.8904200833081,8.62662610492709,1.06936944542087
33,2.83366682267377,8.68408845231742,1.04807452686608
34,2.67627704477482,8.85769178647185,1.06171031397115
35,2.6285319455484,8.61954175859748,1.21533806396681
36,2.58336932091801,8.33459532935898,1.2894589057214
37,2.54092687790587,8.35410730961614,1.48945587226062
38,2.50134308733942,8.39683244927153,1.64274839246697
39,2.46475568229573,8.49506022439434,1.67243645635922
40,2.43129993981607,8.47093361694632,1.70582476978727
41,2.40110676822216,8.49213081924871,1.68017915744396
42,2.37430063778096,8.45685955314891,1.6526291134884
43,2.35099740872763,8.49319026016994,1.55322380890304
44,2.3313021263305,8.50342562511565,1.57851743527818
45,2.31530686599732,8.48812481472933,1.59827975378913
46,2.30308872046816,8.51026331659249,1.55447476717095
47,2.29470802414451,8.55092791446316,1.55295352631637
48,2.29020690526224,8.58156616969243,1.59124449074017
49,2.2896082444079,8.54552424910658,1.69635758377443
50,2.29291509828047,8.5379479529584,1.68096035573976
51,2.87630264502471,8.70830032992429,1.19454520414577
52,2.81608963255704,8.65106837941955,1.22910613579808
53,2.75780714019789,8.64545206802158,1.14488277955843
54,2.70158011496418,8.64325931445001,1.15572062544816
55,2.5465688188959,8.34222513128556,1.30027594886495
56,2.49992592067541,8.26972169964276,1.44702483930522
57,2.45604192950139,8.37602735203078,1.55188877163919
58,2.41506724568596,8.36194206748304,1.72004234731091
59,2.37715231611555,8.4191510554568,1.79581109288023
60,2.34244572145312,8.46192811252806,1.81005867062992
61,2.31109200877133,8.49797491290765,1.67119763041483
62,2.28322930937116,8.4714798718109,1.61803442686661
63,2.25898680307089,8.4789398215829,1.58243849394427
64,2.23848211179753,8.51356144740369,1.58265841161109
65,2.22181872445498,8.53358288791315,1.54085216801611
66,2.20908356902859,8.56145282893642,1.53855447964566
67,2.20034485403484,8.58783193238834,1.55383433180499
68,2.19565029763741,8.58248947598996,1.58788735226024
69,2.19502584801752,8.55837116262243,1.61808187105941
70,2.19847497336835,8.53384050096215,1.62719772911875
71,2.20597856623791,8.53453311212613,1.63021258745693
72,2.21749546831268,8.56604955528525,1.5805023337131
73,2.86836129798631,8.76484791300448,1.25928423920831
74,2.80478964585451,8.70753548943571,1.33639885478406
75,2.74300726763744,8.63617695960209,1.38853885221327
76,2.68313776654182,8.5751981254667,1.30996483838767
77,2.62531201370169,8.55919232542882,1.31754003498533
78,2.46551025166991,8.23773583845302,1.36419938228353
79,2.41730379981114,8.29955684768481,1.47381171895603
80,2.37189165249711,8.2387799945635,1.63962221083492
81,2.3294372395284,8.31561610120158,1.76427070409177
82,2.29010505997653,8.38696648744535,1.83725933897965
83,2.25405856393986,8.44151743079868,1.76279682399429
84,2.22145770266356,8.4575671380983,1.72857698644334
85,2.1924561867659,8.46736981933261,1.66263808521744
86,2.1671985207094,8.55126593539018,1.55643539778532
87,2.14581691123779,8.56544253609525,1.53205891656856
88,2.12842817498155,8.57672735305175,1.52693191921838
89,2.11513079185867,8.60400363930323,1.53195352991322
90,2.10600226220063,8.60879795205668,1.54968438505806
91,2.1010969233312,8.58070956557199,1.58366387581387
92,2.10044436374345,8.55972718445599,1.61677767724992
93,2.10404854037248,8.54438994958145,1.62698567240784
94,2.11188765951639,8.53249293948921,1.63237051052764
95,2.12391482967275,8.50208551384827,1.6230801224068
96,3.00473755262692,8.76559930948377,1.03282566925888
97,2.93498035913989,8.58103309732136,1.06878749536811
98,2.86664737071367,8.63713753921145,1.20140051152707
99,2.79984286677207,8.67096759381986,1.36462623875256
100,2.73467886603188,8.61802058476535,1.45410880399357
101,2.67127542816919,8.60223212980196,1.41680108063492
102,2.6097608735422,8.54565156387038,1.42705701719392
103,2.55027188984138,8.40377139230292,1.42340690168225
104,2.49295348899065,8.57097308045471,1.30813909135863
105,2.43795877232129,8.61133646971661,1.31687068180456
106,2.38544845761088,8.26572490497069,1.38527619701674
107,2.33559011888004,8.20437220998333,1.52622851046901
108,2.28855708996175,8.27119517158033,1.64849629199167
109,2.24452698708,8.33046842455552,1.65866035965424
110,2.20367981534496,8.36160691070603,1.72273346471597
111,2.16619564040262,8.41608385611612,1.74281749424937
112,2.13225183023769,8.50704109387076,1.66999350518929
113,2.10201990326371,8.52633983404279,1.61870859432869
114,2.07566205606638,8.55309566874065,1.56079857067874
115,2.05332748468986,8.58938508450159,1.52589934178108
116,2.03514865277306,8.62003043214853,1.51789355538999
117,2.02123769247889,8.6364696448496,1.5083626538578
118,2.01168314384321,8.59920952574797,1.52077096792529
119,2.0065472394291,8.58067129174437,1.55593323161625
120,2.00586392061135,8.57788501506375,1.58309436672812
121,2.00963772931149,8.54807198826544,1.60195585148983
122,2.01784365827641,8.53133988722289,1.58510294329743
123,2.03042797127417,8.5190450367459,1.40232069031287
124,2.04730993133206,8.50988675734133,1.22278020014575
125,2.06838431014195,8.45553853324363,1.11564964264312
126,2.09352450309616,8.48974296678921,1.08820790586549
127,2.94244231788955,8.59420263141108,0.957341313771946
128,2.73288110106446,8.5325382415517,1.35910289515592
129,2.66608093167898,8.58484231124292,1.45338964860515
130,2.60100585295023,8.67506432554785,1.47141308601088
131,2.53778857492357,8.57633039983711,1.45822810810806
132,2.47657136906167,8.60161631229516,1.38170454048663
133,2.41750618038745,8.50816269754545,1.36041263620176
134,2.36075454240359,8.47996325982263,1.35131512405755
135,2.30648723774032,8.37513480643441,1.39586935741365
136,2.25488364164339,8.32861163007572,1.50099330084996
137,2.20613068242909,8.27818868088851,1.50055658073264
138,2.16042135466007,8.31399885056052,1.59146110420951
139,2.11795272905219,8.43567821736837,1.59504155267734
140,2.07892342005187,8.45820140308157,1.62278500104718
141,2.04353049928128,8.49849565618531,1.61721600200998
142,2.01196588133537,8.52322187268927,1.58787037698585
143,1.98441225679911,8.53063839860662,1.43471814109797
144,1.96103870265827,8.56943460418981,1.40600710959905
145,1.94199615674822,8.63159378515954,1.37558617467734
146,1.92741299244304,8.64377267261122,1.36132598488899
147,1.91739096304424,8.59380241449645,1.36580090664866
148,1.91200179340956,8.59287659647319,1.39378875760822
149,1.91128467318481,8.57313107991378,1.42168547688948
150,1.91524485040767,8.55388744309619,1.43880485482333
151,1.92385344119223,8.54769929396192,1.4127417177431
152,1.93704847137943,8.52787684108338,1.32683795779616
153,1.95473706387118,8.56687229744009,1.24571014775449
154,1.97679859580642,8.456366198832,1.13470068647798
155,2.00308858491203,8.47005507160168,1.12373018182462
156,2.03344303110258,8.52667366751385,1.098732291321
157,2.95594567979553,8.83219748569291,0.854324235285813
158,2.88190584842049,8.59201122979039,1.06439402641496
159,2.66759322941266,8.52181935529302,1.39488375668574
160,2.5991156302318,8.56806446940737,1.4607213292696
161,2.53232027439942,8.67571314280604,1.46887260070786
162,2.46734378959755,8.61772786539596,1.45164727010643
163,2.40433364388326,8.61461109723191,1.35748120984332
164,2.34344845415138,8.52572262408906,1.39927056925762
165,2.28485809943028,8.47062315069368,1.42563634124272
166,2.22874357047014,8.459090043273,1.47609873580854
167,2.17529647689779,8.39174984691794,1.46789410995766
168,2.12471812554231,8.44230448370225,1.54335774543431
169,2.0772180806849,8.4161006055693,1.59006001443966
170,2.03301212184104,8.45916458714632,1.59581561372576
171,1.99231953047024,8.49008303429231,1.57484750711282
172,1.95535966679939,8.493553690138,1.47475650814352
173,1.92234784383852,8.49910927333717,1.45798385471528
174,1.89349056770493,8.48628036446865,1.41698305227342
175,1.86898028838632,8.5060299895631,1.37282114652807
176,1.84898988582357,8.53337870872478,1.35803724507999
177,1.83366719131123,8.55366518888005,1.34454693407805
178,1.82312989943578,8.57257622641985,1.3281494659628
179,1.81746124664444,8.61415589176733,1.39244520657209
180,1.81670680821209,8.60786765040321,1.40866282961152
181,1.82087269243791,8.58945261569146,1.40350331021993
182,1.82992529580859,8.56443012582717,1.35869042713159
183,1.84379264168354,8.56696253245551,1.30398428451064
184,1.86236718021037,8.4178108083236,1.20829327459151
185,1.88550980199924,8.46877033299441,1.16697686361265
186,1.91305473106701,8.4760116520527,1.18349266821273
187,1.94481492327487,8.48672268551637,1.24448167005993
188,1.980587604384,8.49172947674061,1.42128992336442
189,2.02015962799939,8.50462747769347,1.54939379427366
190,3.05304412625933,8.56963604691029,1.22000695554218
191,2.97540819248733,8.60924908353759,0.985681306029833
192,2.89877989472588,8.6402238821017,1.07418705449138
193,2.82324128181163,8.48977781759011,1.16018994273278
194,2.60410515413134,8.52039256534304,1.3848916397806
195,2.33369455740765,8.63058987907067,1.3837230113028
196,2.27091626297176,8.56306736233994,1.43277185222396
197,2.21040416003438,8.56487226948992,1.39260560447555
198,2.15234939521377,8.46768404123388,1.52203820145942
199,2.09695607454449,8.47083571791632,1.53334914023223
200,2.04444054185323,8.43430511489441,1.63815896568299
201,1.99503006766549,8.41206407812658,1.62990427312574
202,1.94896082662473,8.43644545340965,1.59450272060189
203,1.90647505298608,8.42962100621033,1.49265210288578
204,1.86781729371771,8.45686096544379,1.45242776628081
205,1.8332297316146,8.44367889035759,1.46248170660496
206,1.80294662875879,8.44650571960847,1.45558015672515
207,1.77718804141311,8.55423774374681,1.38551112038827
208,1.75615307249766,8.55502106262012,1.40681058975962
209,1.74001304151904,8.5752767740108,1.40901898028991
210,1.72890504261566,8.57326607041854,1.40808511360963
211,1.72292640563069,8.58456568516589,1.40984159832743
212,1.72213055346257,8.51950460041548,1.47777252313934
213,1.72652465323586,8.4717366952896,1.44716098985527
214,1.73606929712074,8.44553218218503,1.3877028136537
215,1.75068024541648,8.473633513288,1.29390187296834
216,1.77023205543507,8.45880506911099,1.25724352399504
217,1.7945632420175,8.48719578892953,1.24319490231098
218,1.82348249792067,8.55546209221425,1.1939781615733
219,1.85677545814182,8.56418408497845,1.33525880182414
220,1.89421151796854,8.55616650154866,1.46740184753952
221,1.93555029352475,8.54175660174802,1.53622115604325
222,1.9805474227685,8.54044029122075,1.53593644000654
223,2.02895952153272,8.56780962827464,1.52659080493273
224,3.08061746412012,8.31924097788977,1.36750433059962
225,3.00071390575041,8.38972924508552,1.45096711286826
226,2.92168776894417,8.38384062572922,1.16454656576559
227,2.84361220727163,8.50041810597625,1.17181475973231
228,2.76656770070834,8.4756942438613,1.2866896995146
229,2.69064282114389,8.4129743932986,1.32110408353699
230,2.61593505853182,8.48592394464332,1.31067346614421
231,2.54255170272911,8.62691082703656,1.33337866600338
232,2.33158763496206,8.71369065717453,1.33694803391011
233,2.26480369890005,8.56771156488591,1.25408766373914
234,2.20006049478347,8.54123790746201,1.37172756478739
235,2.13754346341181,8.55549773547668,1.49798743333084
236,2.07745359186538,8.51680998300919,1.5521791947448
237,2.0200074964827,8.48499052525939,1.69695679412677
238,1.96543700902634,8.40738691185035,1.72390362265464
239,1.91398810815706,8.39489227309969,1.76528678917927
240,1.86591902584089,8.44755700345061,1.65930678489904
241,1.82149736067213,8.47312069930689,1.56770320075831
242,1.78099605557907,8.50965220782969,1.49419597485981
243,1.74468815441414,8.53275858416402,1.479357862195
244,1.71284034674278,8.53041006707539,1.47678741300446
245,1.68570544337349,8.55753462805571,1.48952313025793
246,1.66351408810393,8.57719225411719,1.44804894167811
247,1.64646618305194,8.58775882399842,1.43703317755113
248,1.6347226534367,8.58009107881513,1.46713510539855
249,1.62839826409167,8.58294084212484,1.474336357925
250,1.6275561896434,8.57436637242905,1.49721995010514
251,1.63220491529357,8.54001432106719,1.44266195088266
252,1.64229781455209,8.56127131956149,1.45768156963616
253,1.65773545204558,8.60276453511932,1.33488497109327
254,1.67837035167067,8.64240499457897,1.28610811572443
255,1.70401371381736,8.60831622574323,1.28348027755697
256,1.7344434056781,8.56404523448641,1.31777753752551
257,1.76941250397838,8.54831449270755,1.40087775788432
258,1.80865772938994,8.5467657785579,1.48565822279075
259,1.85190724552852,8.54507742156243,1.52355427066038
260,1.89888746404631,8.54981886553137,1.53026380736418
261,1.9493286657964,8.57569534158508,1.52616978821912
262,2.00296939182581,8.62746832922735,1.52545533876677
263,3.03171650367103,8.35803695708196,1.70000622342019
264,2.95048893279627,8.29840394179777,1.49262276040866
265,2.87008021100237,8.31001344171416,1.38627210994456
266,2.79056112345414,8.440543506908,1.30104505613009
267,2.71200992641842,8.56035155022178,1.31692756687306
268,2.63451319779624,8.64452315305238,1.31830360829301
269,2.55816677111663,8.74497923888553,1.27704846282997
270,2.48307675262769,8.66871311130667,1.28607702902553
271,2.40936061666722,8.6992733684134,1.37444634693811
272,2.33714836798312,8.69010524467569,1.41769496180312
273,2.26658375047061,8.57711265378348,1.32414354789914
274,2.19782546917192,8.6315020984128,1.32630253843655
275,2.13104837558801,8.6951991365851,1.43017171564908
276,2.06644454471055,8.56662072166744,1.5483734465198
277,2.00422414533499,8.5221849530194,1.70756644455682
278,1.94461597345999,8.44894209385359,1.80228246032855
279,1.88786748338961,8.45408707226784,1.82768931772271
280,1.83424411585701,8.43544581952284,1.80854985062443
281,1.78402769299819,8.4688436554583,1.75162865580643
282,1.73751363543569,8.50673434428819,1.61732099309753
283,1.69500676941941,8.54313274758215,1.52414198402949
284,1.65681554632446,8.58175526696389,1.4304008557226
285,1.62324460628069,8.60093083312539,1.43571871443274
286,1.59458578954173,8.58547444648524,1.45117920026052
287,1.57110792745427,8.58524806889403,1.4907588171313
288,1.55304600393003,8.55161613717249,1.46123493378311
289,1.54059052056299,8.5519289856446,1.49888831165257
290,1.53387806063135,8.55026286604308,1.51030381582172
291,1.53298406672606,8.53582820315365,1.47492663267074
292,1.53791868572363,8.55235083047068,1.42599491615587
293,1.54862620088644,8.55981103104382,1.40628476894421
294,1.56498812371155,8.64183210917655,1.28492673758791
295,1.58682955472746,8.70363000601045,1.20199118608136
296,1.61392804525699,8.6620899697781,1.20387790741658
297,1.64602397488301,8.5841356720896,1.25251336988001
298,1.68283142578942,8.5727107517467,1.44150569555889
299,1.72404865954281,8.5802916251082,1.49272226672444
300,1.7693675266689,8.56649334313959,1.51536607629305
301,1.81848139927293,8.55749306917532,1.51168371751482
302,1.87109145839667,8.57457159708912,1.49914518453362
303,1.92691135836096,8.60011501777956,1.48193198261394
304,3.06824330119419,8.4294571698572,1.77294656984694
305,2.98501280535492,8.33828520289941,1.65817910715384
306,2.90247849812102,8.31493458250467,1.66454887747838
307,2.8207014920209,8.34153883058071,1.53197606973716
308,2.73974960046264,8.35337141697479,1.42881022208683
309,2.65969816529876,8.46315313681092,1.29814398730739
310,2.58063098463615,8.66555710623919,1.24298024093757
311,2.50264134832517,8.82112147760692,1.28155433709701
312,2.4258331865447,8.70295832454141,1.35377065543886
313,2.35032233335102,8.63128750777427,1.45492398948747
314,2.27623790133362,8.55138796280622,1.4198248400264
315,2.20372375478392,8.5254455949373,1.4700007506033
316,2.13294005598899,8.54900185740641,1.35594807163983
317,2.06406484118059,8.55418068465238,1.49262694335454
318,1.9972955579647,8.53436451529463,1.66904475937491
319,1.93285046349823,8.49352438302609,1.77475698649617
320,1.8709697415344,8.45890650154345,1.83378132106492
321,1.81191614716062,8.47952288914723,1.84935680086377
322,1.75597493320879,8.47001487784003,1.87231855300035
323,1.7034527580435,8.48992946287681,1.82676394183733
324,1.65467523182844,8.52274120223381,1.73615879838713
325,1.6099827445905,8.56204952433955,1.60242090013181
326,1.56972425732801,8.59515157986803,1.39610661837468
327,1.53424885247502,8.59829053796624,1.38274822720447
328,1.503895052758,8.57639187319979,1.40491744613903
329,1.47897823148659,8.54575286217329,1.45634060954986
330,1.45977682534851,8.53210320200719,1.52184094480699
331,1.44651845530919,8.5358593653089,1.57038922306438
332,1.43936735908097,8.53987275372259,1.56926335498993
333,1.43841462671148,8.52323466826164,1.51243933030364
334,1.44367252983475,8.51768360601076,1.43814321786782
335,1.45507374368914,8.60052555964069,1.33022398385921
336,1.47247557428289,8.6659768226123,1.21938004875902
337,1.49566858804285,8.71830577894094,1.15916669402332
338,1.52438847567429,8.67013050285549,1.16155929371819
339,1.55832968764354,8.63084639445398,1.20765403478435
340,1.59715938375793,8.61208648714738,1.33958376155024
341,1.64053048431686,8.58963216148161,1.37857177504135
342,1.68809298734755,8.57197580952315,1.3921111299249
343,1.73950311554857,8.57180203547911,1.38288160065132
344,1.79443019791424,8.5928879721857,1.47594142124577
345,1.85256143554863,8.58082890840524,1.35134255266416
346,1.9136048444989,8.66012379019168,1.322479333544
347,3.02506345981976,8.39753647556796,1.87781166743231
348,2.94061106383462,8.35232738613839,1.73665077476824
349,2.85679425452176,8.30583901163452,1.68071405032773
350,2.77367065234909,8.29334447855798,1.60329652630914
351,2.69130448924846,8.36609784024924,1.46635773555214
352,2.6097674821921,8.45601841283184,1.33190372898391
353,2.52913982600366,8.63038785165174,1.29302598142428
354,2.44951131839812,8.71197601391398,1.34467908259267
355,2.37098262953471,8.72248323280344,1.42540948542473
356,2.29366672628399,8.53788024713044,1.43499208971854
357,2.21769045722828,8.50463005305071,1.51893251681408
358,2.14319629712554,8.51327855486191,1.4355124904095
359,2.07034423781554,8.51825889724765,1.42624161321582
360,1.99931379458342,8.52136601859387,1.52981169180866
361,1.93030607067357,8.5120139725697,1.63950848178118
362,1.86354578555479,8.47460279175275,1.77573895410544
363,1.79928312234373,8.4777676896912,1.83859875258124
364,1.73779518498443,8.47406447521712,1.90631253685363
365,1.67938677697287,8.46380610736779,1.83217785500546
366,1.62439012540082,8.48864802749267,1.78767047167589
367,1.57316308863392,8.51152252954649,1.69321453572146
368,1.52608532477475,8.55400219520767,1.55323548331376
369,1.48355189483134,8.60734596941567,1.43018165236124
370,1.44596387297007,8.61943291068878,1.39062920898372
371,1.41371578130956,8.58893040857425,1.34271048291246
372,1.38718008557826,8.56637201752759,1.36815662896634
373,1.36668956257018,8.54006709856926,1.42930890181104
374,1.35251899142444,8.54408624893131,1.50373817455759
375,1.34486816268415,8.53605645583292,1.49899757455385
376,1.34384843600431,8.54082735252642,1.43282703451344
377,1.3494748437867,8.5438071426001,1.32664635958845
378,1.36166500292371,8.56991213361953,1.20906414755604
379,1.38024501356586,8.61937743768188,1.12937786339032
380,1.40496138945944,8.66869262165993,1.08850911866829
381,1.43549719797089,8.62945663381437,1.19086184042025
382,1.47149019568766,8.63138538734959,1.23272435241616
383,1.51255085129053,8.66641391704215,1.28009405808213
384,1.55827861776597,8.64274422363728,1.29907102842811
385,1.60827544734902,8.60830344057093,1.39602755562766
386,1.66215615079236,8.58272792480533,1.37889457120677
387,1.7195556739461,8.59393202358225,1.35261359591682
388,1.78013366158154,8.57879405448467,1.34336630821339
389,1.84357681735895,8.67678377846953,1.33959433659586
390,3.07042462958544,8.50082524269649,1.73476133613765
391,2.98425810004138,8.38095185620146,1.66066409430537
392,2.89861706689111,8.36989985562119,1.72728517189964
393,2.81354951696151,8.30476679550775,1.66425132193601
394,2.72910907796454,8.33253125910191,1.57041212560565
395,2.6453558032096,8.39759650835033,1.44182147259494
396,2.56235707559136,8.48924497276372,1.34011154780885
397,2.48018864830957,8.61165887690901,1.33089425294705
398,2.39893584130263,8.66607767452865,1.36197291723775
399,2.31869491336855,8.69586593419754,1.53289535453922
400,2.23957462992152,8.54634774457213,1.49369387757573
401,2.16169804454906,8.50873574107301,1.44761461433323
402,2.08520450789329,8.50264460008917,1.46984122353223
403,2.01025190828957,8.50374906311679,1.48863062746212
404,1.93701913282688,8.51663433807676,1.46473868500497
405,1.86570871204619,8.49151226971944,1.57649665569991
406,1.79654957253755,8.48729034464518,1.69084522342837
407,1.72979976473487,8.47569937565973,1.81023450092245
408,1.66574895367847,8.4616389133422,1.77629543730761
409,1.60472035520123,8.47550987757648,1.79259370025269
410,1.54707166971202,8.49852099751618,1.7478446215167
411,1.49319441974782,8.52703871174848,1.65355994217633
412,1.44351095950765,8.5651032788986,1.52318972491774
413,1.39846833942835,8.64001210353629,1.32361206091446
414,1.35852824544079,8.66567612946094,1.26807787196514
415,1.32415247688834,8.61905764632865,1.29176911823001
416,1.29578395635644,8.56301360392411,1.3297440517868
417,1.27382409781104,8.53974101897896,1.38660290617023
418,1.25860839576479,8.5353266262753,1.42327288473555
419,1.25038307999079,8.5500794839964,1.43726413106985
420,1.2492862324852,8.52008786525749,1.32690382240424
421,1.25533653883689,8.53454742318708,1.23148864484618
422,1.26843172930712,8.532559915463,1.13538128034021
423,1.28835700378399,8.56434909556308,1.09643148494878
424,1.31480187769779,8.62879479277268,1.097238336357
425,1.34738252812931,8.63996922304142,1.11662204968792
426,1.38566621800878,8.76161320537777,1.18572918024202
427,1.42919472062611,8.64944889537844,1.32977907147834
428,1.47750455915116,8.6670175208536,1.37939336737091
429,1.5301429300139,8.63950344735459,1.38394983573564
430,1.58667909211117,8.61826574902976,1.36187742087404
431,1.64671162852701,8.59425388162271,1.40865760322559
432,1.709872312432,8.6080427133215,1.33242407163248
433,1.77582739961663,8.66808278932362,1.33810610418861
434,3.03318155882612,8.50548590282182,1.68161735524857
435,2.94592589358601,8.41288541103744,1.58433316021719
436,2.85913690880839,8.39298266976246,1.63118843950429
437,2.77285842538568,8.32868395595394,1.61479666168636
438,2.68713961718896,8.38383108187457,1.52340057900817
439,2.60203579691224,8.49951006491318,1.4093151000813
440,2.43393070855389,8.60001545464654,1.35663771527306
441,2.35107978034016,8.61940436825172,1.47984814760739
442,2.26914721076424,8.58233659139653,1.41962445800156
443,2.18823615860494,8.55596503213411,1.39261976742521
444,2.10846422749954,8.53744802230715,1.46481511046318
445,2.02996571463078,8.51728076836504,1.4328468313129
446,1.95289418495213,8.53018359379581,1.4323324715484
447,1.8774253870062,8.51375049237259,1.38622363164759
448,1.80376050545604,8.52005306110857,1.44824761033046
449,1.73212970917967,8.49736316474232,1.58952260920496
450,1.66279589514612,8.47106770214451,1.60968147151963
451,1.59605843862902,8.47403913425546,1.68469699883174
452,1.53225663034465,8.48619390664494,1.68572715489782
453,1.4717723037425,8.50316758800885,1.6286734847967
454,1.41503093181881,8.53930612438067,1.53269423511447
455,1.36250022130519,8.58571118036913,1.34528044662012
456,1.31468500380185,8.64932979488308,1.22925849471945
457,1.27211711587354,8.69694198926595,1.2193984299427
458,1.2353391214106,8.66592126207979,1.23234085185068
459,1.20488133207745,8.55144702947328,1.21038556305096
460,1.18123274379019,8.55725225609127,1.21935262312897
461,1.16480816305845,8.55450823213886,1.23898152106214
462,1.15591557198839,8.55857267654774,1.22844476283143
463,1.15472899570204,8.55571428299384,1.1954839170749
464,1.16127205622841,8.56369824384846,1.09896233960721
465,1.1754156774312,8.56063929209692,1.07938817435881
466,1.196890442788,8.61873864238087,1.06519126132647
467,1.22531095662922,8.67795915590546,1.08225681281249
468,1.26020737973799,8.6972223465405,1.12627432549138
469,1.30105873448078,8.71702877570605,1.18420396027761
470,1.34732346238886,8.67956151261411,1.28630895253632
471,1.39846440253245,8.63647030568313,1.46238813830816
472,1.45396710729971,8.57659306838934,1.48625233444011
473,1.51335174502846,8.59406506972596,1.48369285326983
474,1.57617960599801,8.60488222592789,1.44110297019494
475,1.64205550687531,8.62299409240883,1.44226829667841
476,3.08713059525628,8.66789964216683,1.59086243806848
477,2.99846107574418,8.56546900615715,1.62233922755169
478,2.91016456999439,8.47983074495193,1.49217683868255
479,2.82227608806447,8.44605226294973,1.51163555726408
480,2.73483496781478,8.4514699621362,1.46125390172333
481,2.64788552928871,8.506364878039,1.36431302501535
482,2.5614778434261,8.58184904740954,1.35008763858367
483,2.47566863687797,8.61460270988128,1.32256331049897
484,2.39052235881444,8.52138934517661,1.42607073116478
485,2.30611244033643,8.49569162906254,1.45274185760842
486,2.22252278235101,8.5069768502437,1.41459008453049
487,2.13984951334813,8.49778266295556,1.48931690128998
488,2.05820306398454,8.51945262599373,1.4708696404963
489,1.97771060990393,8.51109818550292,1.42174430069424
490,1.89851893632114,8.52524631703428,1.39871026675624
491,1.82079777507704,8.57070612648121,1.30598974047116
492,1.74474365308866,8.56501078638503,1.34197811870175
493,1.67058426407439,8.53465120650904,1.46453468483663
494,1.59858332371663,8.48163290437076,1.4862628712478
495,1.52904577873555,8.49054884459588,1.54213713966535
496,1.46232309534701,8.50637947371924,1.53425446802444
497,1.3988181325725,8.53118322710061,1.40605759264427
498,1.33898879455884,8.554096977112,1.3186598392519
499,1.28334925371342,8.6189519323161,1.20037478824951
500,1.23246708401141,8.66952446349122,1.17754428981288
501,1.1869542579428,8.74233142108742,1.16913616439916
502,1.14744986767946,8.67638176901142,1.11332540774173
503,1.11459296531911,8.62145191232621,1.12958411537244
504,1.08898542182722,8.60768397748943,1.088221803382
505,1.07114728710748,8.60411408920607,1.1613453242852
506,1.06147033096331,8.62034565122544,1.08526454258393
507,1.06017805460458,8.5784349415921,1.14172654166132
508,1.06730091470357,8.56297025141162,1.00108187190517
509,1.08267283548686,8.55279907116237,1.08211873679145
510,1.10594990211463,8.6010774468241,1.00510302667967
511,1.13664655649226,8.67908852392222,1.13561227677029
512,1.17418103114308,8.71760565301718,1.20128967574784
513,1.21792129652078,8.79415841462884,1.28398648671486
514,1.26722490752575,8.67439930749445,1.44835644304182
515,1.32146931069191,8.62118706243592,1.49798543024304
516,1.38007202821433,8.5912879660522,1.50534365306949
517,1.44250197855352,8.56681351952842,1.62667027935526
518,1.50828399325663,8.5733195344467,1.61271707403821
519,1.57699864984395,8.58057536846574,1.60841024676561
520,1.64827921482292,8.69753017557833,1.7014246196584
521,3.05595308491961,8.62271761876619,1.42208758905553
522,2.9663517606338,8.54926184327325,1.56653619894541
523,2.87706999732591,8.5208719238839,1.41431809339481
524,2.78813849410727,8.53100935717632,1.64378223930623
525,2.6995918666059,8.51213754132657,1.38194443618558
526,2.61146926485433,8.56597718246613,1.34543809457917
527,2.52381510563375,8.64451319974217,1.34150376875682
528,2.43667994301334,8.61335336200163,1.39046477281455
529,2.35012150601922,8.45953954396015,1.5591054912371
530,2.26420593863206,8.42646578946963,1.61361019212276
531,2.17900928477405,8.44315364470848,1.5838959257447
532,2.09461926966179,8.48696568350639,1.61870416679409
533,2.01113743877876,8.52398803706466,1.56506080086761
534,1.9286817263584,8.5222644549819,1.47941547053192
535,1.84738953570497,8.54864553068318,1.41937640858267
536,1.76742142195566,8.60236023107816,1.29755789494326
537,1.68896547035616,8.62256343506953,1.27435086776457
538,1.61224245336588,8.55765242675449,1.25155659428513
539,1.53751181716668,8.5305266011418,1.34068900284046
540,1.4650784752126,8.50328370364547,1.40364992218935
541,1.39530024734733,8.53079681272739,1.39301571306875
542,1.32859554156857,8.56119773166824,1.27708746569722
543,1.26545048777753,8.61958391525584,1.17619997504306
544,1.20642415926947,8.64723852512938,1.16429144886619
545,1.15214975512468,8.71891562972464,1.1724465151274
546,1.10332876129955,8.72426972559085,1.08988799975505
547,1.06071444974596,8.75788352922387,1.11276098079015
548,1.02508117893224,8.72285297118102,1.12672527304138
549,0.997177614076083,8.72166802212752,1.03118172489028
550,0.977665820073493,8.69121715880767,1.08086588569557
551,0.967053880907172,8.64106181581659,1.01573415064427
552,0.965635258535754,8.62528269061209,1.0825913403749
553,0.973450146432442,8.57340377746833,1.02984108543945
554,0.99027996736449,8.56246252622719,1.06297611219157
555,1.01567668627848,8.63050812789659,1.06818355342276
556,1.0490182741249,8.65938903810021,1.12550205955432
557,1.08957562333162,8.71201433150061,1.23430980206907
558,1.13657653925335,8.67502878686309,1.38876176033983
559,1.18925729399314,8.65757921562797,1.54037039109918
560,1.24689818516301,8.63151520697773,1.57595340397922
561,1.30884405034438,8.59380465426796,1.62681356106476
562,1.37451296945248,8.58309925200622,1.60335182416933
563,1.44339687867766,8.60017945455745,1.57807966688189
564,1.51505732124956,8.6015779086266,1.58043230232549
565,1.58911872277673,8.59548169157571,1.5486587665417
566,3.02741121973941,8.56048432326786,1.40130811264703
567,2.93693925779707,8.5218757327837,1.27907289691803
568,2.8467351836248,8.55878570302693,1.5802252578838
569,2.75682529343032,8.56400598844018,1.57860609464046
570,2.66723933729598,8.61073787799915,1.53417716849597
571,2.57801108559549,8.68461445889123,1.49386033615454
572,2.4891790059374,8.71484347976017,1.34194594159192
573,2.4007870752855,8.56423494174042,1.49869257738381
574,2.31288575792849,8.49070573579016,1.73385114165184
575,2.2255331875106,8.43438204652587,1.64275644908853
576,2.13879660073274,8.45084821007829,1.72334201119754
577,2.0527540819623,8.47153215767255,1.6805125184143
578,1.96749669220357,8.49536004596317,1.58925092006332
579,1.88313107291108,8.51404474531167,1.52833149609108
580,1.79978263487751,8.57751038172001,1.34391689103879
581,1.71759946406668,8.62676441948119,1.2467012848391
582,1.63675709750403,8.67392814693483,1.18665155816073
583,1.5574643381502,8.65583435483737,1.14661018395257
584,1.47997027811425,8.62577149017887,1.20130959809328
585,1.40457266622474,8.57790858912878,1.251435105192
586,1.33162765682525,8.55987604877404,1.20730465107117
587,1.26156075923845,8.61107118287461,1.1643101533365
588,1.19487839263701,8.64677330410083,1.18900615337775
589,1.13217873511361,8.70389947491871,1.20453489925817
590,1.07415943621432,8.72631120957108,1.14738555719211
591,1.02161822207966,8.75669124693394,1.16547818303988
592,0.975440710691471,8.87698057087474,1.08094392140032
593,0.936568662499182,8.82595319471029,1.07755918480349
594,0.905942950846725,8.67777907014647,1.02448498864593
595,0.884420653260866,8.70351177200769,1.08103411974972
596,0.872675566721119,8.632114205419,1.02792621500253
597,0.871103259494427,8.608838633497,1.08885560531798
598,0.879758275757463,8.58112834422543,1.05699694232744
599,0.898345061731747,8.59326897366696,1.11940556350157
600,0.926265926839604,8.69289665163203,1.11328619772751
601,0.962709081510289,8.64759093173058,1.19956076290346
602,1.00674945996155,8.65413974609294,1.29523901366555
603,1.05743825623793,8.63290028575322,1.46403202182446
604,1.11386819125527,8.62587440773425,1.56889916188657
605,1.17521254262249,8.60897473221739,1.60486232024168
606,1.24074259389137,8.61871338808737,1.63247305289017
607,1.30983027120596,8.6106359968905,1.59211841133934
608,1.38194210643964,8.59446195883218,1.61656181740687
609,1.45662902718788,8.59864513733252,1.59522720502884
610,1.53351483568107,8.59767590437985,1.56716459877657
611,1.6122849843541,8.62386929659663,1.67453892695081
612,3.09305441290922,8.62124258153399,1.43947910901278
613,3.00158018728313,8.45296447950473,1.74728443922402
614,2.91030533299793,8.47956005123454,1.27896099884657
615,2.81924921441398,8.54854424088991,1.54604309941686
616,2.72843373124283,8.6216894500339,1.52046177160264
617,2.63788373695765,8.68464104341169,1.47538180883872
618,2.54762754042654,8.69417908424758,1.48189473886118
619,2.45769751004594,8.68728720332823,1.39941218535047
620,2.3681308046948,8.58106634622507,1.55765332462561
621,2.27897026231475,8.50360320244965,1.69621593992993
622,2.19026548527745,8.49251130556789,1.74870955966804
623,2.10207417247643,8.48576013121435,1.82569128896407
624,2.01446376197226,8.49237573634968,1.77562455613354
625,1.92751346587217,8.51075928217196,1.66136857868595
626,1.84131680192459,8.50456010641196,1.56503392606163
627,1.75598475508564,8.55144946752571,1.3420833047004
628,1.67164973790824,8.61926289545345,1.20790061055435
629,1.58847056111102,8.66125645843304,1.05995602295611
630,1.50663867330431,8.70096139681268,1.06324808196062
631,1.42638597559992,8.65414384232304,1.09277452101228
632,1.34799454820567,8.61912183690106,1.08135243398463
633,1.27180861127312,8.66485209039137,1.11926779031303
634,1.19824892094123,8.66134814482408,1.20466370722288
635,1.12782946427079,8.65702117186914,1.18782244640097
636,1.06117558185722,8.68165987132286,1.24836815103226
637,0.999041251247817,8.70681668070189,1.18719233383393
638,0.942320921433746,8.68743911373476,1.20987498289743
639,0.892047928847338,8.68423583532378,1.14914985303827
640,0.849367874870512,8.64545088262365,1.1332908256778
641,0.815473823905718,8.64276016534245,1.02650221568803
642,0.791495305861583,8.58162852462288,1.08994247000021
643,0.778349260961022,8.617053506761,1.03277917883828
644,0.776586000381386,8.57209693988914,1.10947406694595
645,0.786282106530657,8.60506633986312,1.08366926859903
646,0.807024644744112,8.60776275785632,1.15751586343744
647,0.837993731784775,8.66046655588431,1.17935486538173
648,0.878108024623923,8.6860204843595,1.23770478400207
649,0.926180005409004,8.6442750459254,1.30336685873381
650,0.98104056646097,8.61921452531001,1.44203796562834
651,1.04161762407173,8.62547325365843,1.53510028732257
652,1.10697310158095,8.61867777045163,1.60141442725882
653,1.1763108056899,8.62009096344709,1.58120140387991
654,1.2489676803881,8.61335688028419,1.60929289385881
655,1.32439756600402,8.6077037057068,1.6296221723539
656,1.40215300525044,8.60363711226282,1.60290733382754
657,1.48186796933481,8.60029416389041,1.56450544397432
658,1.56324271885726,8.6246931792134,1.67329018875034
659,3.07069145627103,8.55039931816384,1.26288438699129
660,2.97853051672957,8.51483622698973,1.55115216891151
661,2.88652690090961,8.51280921959399,1.57097572141993
662,2.79469614651979,8.57234941306231,1.56061773158095
663,2.70305587145038,8.64307438720402,1.53597350596952
664,2.61162612716758,8.76251932538123,1.43384929371603
665,2.52042982507716,8.71114465233395,1.46325095300651
666,2.42949325359934,8.65057205848414,1.41843547357095
667,2.33884670864576,8.60496018844625,1.57872784954673
668,2.2485252666834,8.5381679252789,1.73475656663065
669,2.15856973813596,8.53785672689639,1.8032183655314
670,2.06902785022125,8.51606750349586,1.80007918054394
671,1.97995572341861,8.51633601862976,1.76437009693958
672,1.89141972589831,8.52157327270516,1.70894322517819
673,1.8034988171464,8.5035930877768,1.58649330230189
674,1.71628752791945,8.53850740398848,1.32558679516719
675,1.62989977135018,8.57484440644646,1.17182902167775
676,1.54447374270819,8.65221400669006,1.02805230200896
677,1.46017824606959,8.67433752139387,1.02857224916857
678,1.37722088634569,8.64322000299975,1.0732249669632
679,1.2958586807175,8.60299915281103,1.09315311229181
680,1.21641175681064,8.6866018240887,1.16970513017495
681,1.13928086744907,8.65952001429177,1.21299192606339
682,1.06496935114398,8.61616748100778,1.2755230461615
683,0.99410966896449,8.61348042693891,1.35714248101259
684,0.927493309999316,8.64102301537634,1.29385102203765
685,0.866099958070908,8.61500842732398,1.29533871242605
686,0.811116468677286,8.59109189040112,1.18349784058391
687,0.76392814142479,8.58426909285344,1.16325429665353
688,0.726056455018547,8.53489582107786,1.06331778114811
689,0.699017337123769,8.55523674995571,1.09425231639305
690,0.684096477433741,8.54420494970473,1.01830534066215
691,0.682089608766357,8.57237952194132,1.10438533612199
692,0.693108916007414,8.58426998929214,1.08080798765202
693,0.716553693468287,8.63528642449526,1.17739560625766
694,0.751261547604599,8.64929743493702,1.19794264953804
695,0.79576009029582,8.64478963460246,1.24902570880353
696,0.848510353984032,8.61071405860084,1.27003423624701
697,0.90807544369438,8.57949132584524,1.36912578382145
698,0.973204856736506,8.58135139172935,1.44318915527836
699,1.04285658938439,8.61505077064597,1.56148509202131
700,1.11618436200365,8.61975706206395,1.5598223466248
701,1.19251024526111,8.61145927117094,1.53307172070015
702,1.27129435271146,8.61697122464853,1.57573494366958
703,1.35210704773385,8.61370226754059,1.59996541174493
704,1.43460555447801,8.63455288356062,1.67199614842214
705,3.05109847909351,8.57361621942716,1.26606913595806
706,2.95832722135333,8.57712010271989,1.53207439521662
707,2.86567504424101,8.57239228550163,1.57518306669605
708,2.773153883376,8.63984855530446,1.57453192680848
709,2.68077730400964,8.76857552144723,1.51302054135089
710,2.58856078499524,8.82142422549182,1.42535960959072
711,2.49652206332115,8.72394940225815,1.21534994716242
712,2.40468155455053,8.61173620972023,1.37282845752297
713,2.31306286902322,8.58720790924633,1.51133620622531
714,2.22169344969653,8.56242766219225,1.71939410310081
715,2.13060536559616,8.54825857556962,1.75667286845501
716,2.03983630581034,8.54173905799098,1.78648001166984
717,1.94943083391254,8.53362105547344,1.73998440910392
718,1.85944198323799,8.53545737102943,1.6695387509261
719,1.76993330183917,8.52356822465779,1.52570120980549
720,1.68098149543732,8.54329595660372,1.26183843539491
721,1.59267987183809,8.57195906018769,1.13825405074926
722,1.50514286744677,8.60589056867836,1.07287580148829
723,1.41851204429349,8.66983047584543,1.01209055458766
724,1.332964095277,8.60377644999144,1.02236229602061
725,1.24872159823626,8.60993967926212,1.12961906125495
726,1.16606752446759,8.66126827967161,1.15829270343942
727,1.08536482550631,8.65069055278703,1.30183560892268
728,1.00708273164962,8.64003257728415,1.3067596604002
729,0.931831499488783,8.60764713474449,1.38690838271819
730,0.86040673498312,8.58185138108807,1.31883472963095
731,0.79384195333911,8.56660450779169,1.32584781760223
732,0.733461543143426,8.55623288997099,1.20026796048552
733,0.680912707159706,8.54505718335986,1.19022835889945
734,0.63813312512745,8.54948088940335,1.0584532015328
735,0.607191194855814,8.54256115136287,1.09830061820924
736,0.589952455667471,8.53358644307603,1.01061121097513
737,0.587624151901424,8.56426681848943,1.08687620027415
738,0.600379778939796,8.6263338425034,1.07087184186817
739,0.627299852649329,8.60883156645165,1.14988261102156
740,0.666670700136194,8.62195364058235,1.16429936034617
741,0.71644262213972,8.63005258383075,1.17414517946643
742,0.774613277919333,8.60190519711754,1.23020742197297
743,0.839438455725952,8.57223620516481,1.3106772502114
744,0.90949634561462,8.5863292968071,1.36422348921451
745,0.983669545901097,8.59811177692177,1.3979229077178
746,1.06109539603767,8.62382851683546,1.45738958204459
747,1.14111199913222,8.61646703654499,1.43171572083751
748,1.22321103688075,8.60578812830767,1.448374543734
749,1.30700014462217,8.62229142155685,1.43232037238888
750,1.39217420118676,8.6573435105049,1.38992885530996
751,3.03432913998295,8.65492596686052,1.44879686236808
752,2.941028960963,8.67080921508019,1.41183447646516
753,2.84781404937342,8.6468110960986,1.46095965278228
754,2.75469306121505,8.76026556863631,1.46967039243586
755,2.66167585447894,8.7896784469362,1.63021792546021
756,2.56877370319733,8.7988909213088,1.45816412210661
757,2.4759995584152,8.73416940039208,1.27053163398507
758,2.38336836838507,8.64702661367855,1.37764959145764
759,2.29089747406489,8.58499703727675,1.45529155563622
760,2.19860710110912,8.53515891247537,1.64223543383424
761,2.10652097652269,8.54089062366192,1.67834079453461
762,2.01466710776866,8.53871673906186,1.69193076166994
763,1.92307877551387,8.55610849658149,1.70136777331425
764,1.83179581003206,8.56572220970638,1.54618382539642
765,1.740866248045,8.54215062872508,1.41774711787947
766,1.65034850520296,8.55136999623283,1.20653484643837
767,1.56031425513618,8.54562330764417,1.09902898329351
768,1.47085228763763,8.63203844229676,1.05365731222269
769,1.38207373914298,8.60280671254121,0.99995622858907
770,1.29411926804318,8.56820066625819,1.06552407325348
771,1.20716901489588,8.57565441477747,1.19526545069951
772,1.12145658508965,8.65089434417971,1.19281605891132
773,1.03728887252747,8.66559983052831,1.33180094420113
774,0.955074357843316,8.63817205706815,1.30852792626665
775,0.875363549653788,8.59917979838889,1.35677433316603
776,0.798906221171972,8.5664827907982,1.32162546291027
777,0.726729968767094,8.54781916295274,1.33401878849233
778,0.660240286481599,8.5490236993928,1.21290423816197
779,0.601326463241497,8.54856184161757,1.15874949257812
780,0.552417673511531,8.55431527510812,1.01112051748083
781,0.51636474292248,8.56481310268031,1.06936346298964
782,0.495979133201233,8.58612275074156,0.971195778632507
783,0.493207405176398,8.54705949416977,1.05098154011644
784,0.508337761318954,8.60327535118607,1.03507060696943
785,0.539867118610531,8.64312567740285,1.10785800629876
786,0.58515059860095,8.63310693986201,1.11563071717372
787,0.641281086140395,8.60495688304426,1.17128420250239
788,0.705674947091011,8.60139600881379,1.14581535300759
789,0.7762785077371,8.59251329269775,1.20422472113479
790,0.85154859127904,8.59961617551838,1.21227029103322
791,0.930353253423793,8.59671212958344,1.28970674789416
792,1.01186700712855,8.64581859224703,1.35625579171305
793,1.09548527839789,8.63711707501479,1.33184557893737
794,1.18076104329786,8.6305992949086,1.28931637190938
795,1.2673597668639,8.63384536613756,1.25142029042638
796,1.35502782520248,8.71727582861209,1.17466807771605
797,3.02043046956635,8.80543821451272,1.30767601833356
798,2.92668724686431,8.69036364736558,1.26097133296106
799,2.83300048562364,8.70122740428364,1.33240833990802
800,2.73937597880274,8.7619817478245,1.42763753630656
801,2.64582033517986,8.78048561492503,1.44102413690726
802,2.55234112727379,8.69157741777723,1.51200319528122
803,2.45894707242904,8.74374696348862,1.45619659901201
804,2.36564825600799,8.62364090397504,1.35763199370076
805,2.27245640847344,8.56703847413569,1.56432412387348
806,2.17938525203383,8.51194899895311,1.53849231632472
807,2.08645093790035,8.52152178541957,1.54099333996676
808,1.99367260272595,8.53942672648146,1.52904745927724
809,1.90107308343657,8.56453298921148,1.53053325129174
810,1.80867984491068,8.58633614925314,1.40594751975974
811,1.71652619709615,8.58336739743012,1.30802381557105
812,1.62465291073532,8.4926354849685,1.20868642395093
813,1.53311038954026,8.57769470842806,1.04360780150869
814,1.35128631761139,8.57667086057207,1.03701979427039
815,1.26118657289701,8.54865303679332,1.11257760265808
816,1.1717951707785,8.57448396394256,1.15258779719857
817,1.08328747983905,8.62155834360621,1.19717983837579
818,0.995899139875326,8.64590448683155,1.32157724786059
819,0.909952702476855,8.67073123988118,1.2934522061972
820,0.825898441575954,8.63115743808096,1.3774839934304
821,0.744377620541073,8.58791313839682,1.27981674817974
822,0.666320748018047,8.55249602101503,1.28035590745408
823,0.593097064255432,8.57785170521976,1.12600790963309
824,0.526726121556199,8.60017564500277,1.0880009834779
825,0.470119322877715,8.57240430270953,1.02161984894271
826,0.427176122306137,8.56360489532059,1.02330252703598
827,0.402296150001656,8.60742589166302,0.98793472424575
828,0.398873960363351,8.60902246213573,1.00042793072189
829,0.417437625661457,8.5975026045899,0.971432213628811
830,0.455305828528415,8.60491306459988,1.04810977345123
831,0.508181183022511,8.58538296894166,1.04327248808816
832,0.571916360298002,8.61358366186482,1.06862819350242
833,0.643291553408724,8.61814060766053,1.0367040634726
834,0.720038341555258,8.63070634631072,1.07870701678616
835,0.800613449202813,8.58870412757164,1.16252643483132
836,0.883970626147354,8.60456859381948,1.20420595631245
837,0.969392455020363,8.64624908560901,1.26712029741186
838,1.05637819313048,8.63238345557801,1.24803342673088
839,1.14457133159317,8.64535381988527,1.20803046084149
840,1.2337129611058,8.6441251808112,1.21222132948292
841,1.32361146066664,8.71877043304456,1.17431475371039
842,3.00944224140156,8.78272202071114,1.18177112413635
843,2.91534571257089,8.71896922554968,1.2167611570446
844,2.82128235637467,8.69545923787864,1.27857164594066
845,2.72725560519888,8.78092924528792,1.39968583183084
846,2.63326938023791,8.84286935098749,1.81943747865685
847,2.53932818139375,8.71574116091746,1.82142374023648
848,2.44543719769178,8.65895229096792,1.31087196715353
849,2.35160244386692,8.61446885743382,1.36890975888513
850,2.25783093061887,8.50539756249885,1.39637833471493
851,2.16413087858147,8.5688821339076,1.42804407643152
852,2.07051198960849,8.52177824509044,1.43102217700392
853,1.97698579400746,8.55249175901813,1.37399748289471
854,1.88356609956069,8.58448236774064,1.36392625310732
855,1.79026957864825,8.62024865242742,1.26075264796135
856,1.69711654525098,8.6060371434548,1.21129737098864
857,1.60413199681572,8.55701526233637,1.13983812088044
858,1.51134703141387,8.67126012327024,0.995249327509966
859,1.32654328802758,8.81788140545147,1.09576881828984
860,1.23463920013215,8.57807835419954,1.17314514567956
861,1.14317378604788,8.60722200373152,1.19207901503852
862,1.05226144413985,8.62046460520168,1.20538696173249
863,0.962058979299951,8.66492697350602,1.30310180206049
864,0.872786516619145,8.65793741880585,1.27136548802246
865,0.784761504308691,8.6443655827992,1.3209922799526
866,0.698455742914065,8.57370339486224,1.21871198640571
867,0.614593948950508,8.58283803734758,1.18934424938227
868,0.534328092538341,8.55693474708584,1.04417778770167
869,0.459546287088565,8.58852008809203,1.03391208482156
870,0.393388561844712,8.57592162681189,0.951828862172918
871,0.340913218159339,8.5530561035637,0.97003343103456
872,0.309167551909001,8.57816332931331,0.914907033717002
873,0.304701196425603,8.56128691808579,0.92388004324277
874,0.328628291790473,8.55206200593262,0.920000059663232
875,0.37556062139047,8.56514435573185,0.967079259150964
876,0.438167202818067,8.5532950600883,0.942829039567656
877,0.510715876024785,8.55467472372705,0.967819637008206
878,0.589547627876035,8.61263567763684,1.00059706621375
879,0.672456389780703,8.62384139067735,1.0474585813538
880,0.758105716830889,8.58461859538642,1.11255688039881
881,0.845663319967583,8.58419224575014,1.10561462547799
882,0.934593020890728,8.6290166163334,1.21046783543913
883,1.02453758826549,8.62422317665611,1.19194507912034
884,1.11525150345212,8.66665473643591,1.16784992372072
885,1.2065612513452,8.69761822098967,1.18702241576509
886,1.2983411268443,8.71883703496461,1.17343794389866
887,1.39049804069444,8.71194516120664,1.13830552985345
888,3.09576774806027,8.6372495623169,1.51983444067989
889,2.90703947303177,8.62996373690252,1.26259009590353
890,2.81269835004581,8.62604033217461,1.27872231481081
891,2.7183747000824,8.71923336788992,1.40142576284788
892,2.62407040737438,8.72289737772677,1.52591282406638
893,2.52978763669599,8.77990535510018,1.49833353242429
894,2.43552888749323,8.72243260797497,1.37058851982873
895,2.34129706102414,8.68878448057462,1.48488176655707
896,2.24709554430128,8.55270923258026,1.41194144568279
897,2.15292831594301,8.58407640619794,1.41434286420425
898,2.05880008088981,8.53260204778622,1.36753756230331
899,1.96471644357823,8.54929889003164,1.30935649153839
900,1.87068413297747,8.58221747648955,1.28527322484709
901,1.77671129849302,8.60061937406944,1.1594043597394
902,1.68280790410671,8.63345255207287,1.10773469600911
903,1.58898626084916,8.63530305558647,1.06440435155501
904,1.49526175746019,8.71492802845232,1.00733313729991
905,1.40165388045358,8.77057716026143,1.09599540912279
906,1.30818766580732,8.66597718603142,1.08112080251109
907,1.21489580971471,8.6297573324947,1.20510780920346
908,1.12182181252927,8.6310970994376,1.22534571889107
909,1.02902479114095,8.64985421688421,1.21001106376561
910,0.936587077431167,8.68336806411668,1.25679303522227
911,0.844626649799527,8.68095407731054,1.23649381820057
912,0.753318320900422,8.66939817417045,1.25246432543801
913,0.66293159433612,8.61367453187485,1.15028836070732
914,0.573902078795652,8.55524486427969,1.11331643508186
915,0.48697472669026,8.54052581335125,0.972280265905155
916,0.403510426056474,8.5595202503185,1.00424993833757
917,0.326178531711764,8.5677813132281,0.920160452134969
918,0.260498937186217,8.55206104037324,0.94601233006692
919,0.217307268890841,8.50248527986979,0.88249207077836
920,0.21090446430217,8.46861122874025,0.888705535159978
921,0.244201613681228,8.47882632127219,0.868828818179261
922,0.304439902605732,8.51936875186968,0.893674300262622
923,0.378983339455445,8.51575690142111,0.841510300036715
924,0.460943141811607,8.56431634307082,0.932208557482095
925,0.546995685077726,8.56411748247215,0.920972771018798
926,0.635480503332941,8.58635950992436,1.00074851550847
927,0.725508202469873,8.60213524131534,1.06385918215046
928,0.816568628284229,8.58618543069013,1.04926614341051
929,0.908351247402153,8.54081424629777,1.09555362212272
930,1.0006573558058,8.60128815059477,1.15632400044026
931,1.09335437526522,8.64113955212369,1.14221497567697
932,1.18635067632091,8.66233491054,1.15126246926427
933,1.27958100783604,8.72667761928602,1.13138262666334
934,2.99631671279305,8.03653466732842,1.14249279120032
935,2.90179459349493,8.45666633840152,1.28217748165336
936,2.80727721705961,8.60713566089148,1.6335649615365
937,2.71276507923551,8.69827394102682,1.43283167406604
938,2.61825874732225,8.75452716373944,1.49913824769159
939,2.52375887355576,8.8288127989609,1.50986814466075
940,2.4292662116132,8.65048080501312,1.46483302154659
941,2.3347816371198,8.63907567657814,1.52143759677662
942,2.24030617333663,8.54307533899376,1.41473647083832
943,2.14584102362238,8.58961587715487,1.39097300581867
944,2.05138761284732,8.5517320372368,1.31966551281388
945,1.95694764077587,8.55607873770734,1.22805747770777
946,1.86252315165348,8.57001213929976,1.1745961440998
947,1.76811662603582,8.60209315945757,1.11133970651564
948,1.67373110361119,8.62010668989902,0.993843163452818
949,1.57937034993029,8.53818694034521,1.01364370850817
950,1.48503908648711,8.62761075458318,1.01394995278243
951,1.3907433140814,8.68566144625266,1.05986659553334
952,1.29649077668988,8.6243807969681,1.15762167622853
953,1.20229164246196,8.71735369468588,1.17715013411787
954,1.10815953009392,8.66435549631078,1.28270020514893
955,1.01411310308772,8.6541662662749,1.26012346691843
956,0.920178634115457,8.68743233367269,1.29721895419231
957,0.826394302148257,8.69319358011586,1.20987457947498
958,0.73281775202008,8.68920998507679,1.19536331111694
959,0.63954019720465,8.6644467656858,1.08279462873997
960,0.546714698099021,8.5857781585094,1.05510099632664
961,0.454618245901533,8.51477922536548,0.924557029531972
962,0.363804932632599,8.51255616849961,0.977519566211844
963,0.275546365646827,8.54556965417743,0.936969313928701
964,0.193372855764922,8.5206429986412,0.883133151425879
965,0.129444251260259,8.58438592025061,0.806239774930678
966,0.118380987215507,8.50479472299795,0.820508224108242
967,0.170785810874465,8.47038669227362,0.788380262199117
968,0.249433396661554,8.46243126065284,0.826487623839428
969,0.426616859787196,8.55020436357762,0.872861283258667
970,0.518399117056717,8.60126543915609,0.870706004823462
971,0.611039143744344,8.6002966932521,0.989832274796378
972,0.704198492559164,8.59316839697739,0.982943248577186
973,0.797695236145684,8.57425206016087,1.06132741267019
974,0.891423218078024,8.53094687374766,1.1102721115264
975,0.985316451095679,8.5809940924606,1.18297339279238
976,1.07933180949286,8.6270279310487,1.18253694625636
977,1.17343993978329,8.60183949780108,1.16845357197308
978,1.26762017997752,8.50305107786583,1.23365036162107
979,2.9942182117452,8.55570262870747,1.4169164159633
980,2.8996276862763,8.4961067122011,1.57408540080818
981,2.80503729558193,8.60189065198995,1.65904810793247
982,2.71044705377237,8.71087808561681,1.4619884331088
983,2.52126708383604,8.74371088172874,1.3193235152629
984,2.4266773957552,8.66372073671377,1.48559642117663
985,2.33208793771064,8.60146304294837,1.53686552857761
986,2.23749873887649,8.51590785107475,1.43257904702101
987,2.14290983357779,8.58312070831343,1.35654486014831
988,2.04832126247986,8.56356536053753,1.25498002343038
989,1.95373307412295,8.58160572872909,1.23224027229751
990,1.85914532692548,8.61351985134042,1.1349643275068
991,1.76455809183148,8.63535377976943,1.07661925433672
992,1.66997145585762,8.53629953991046,0.971309630997226
993,1.57538552691797,8.47554067168227,1.02709649690084
994,1.48080044049768,8.59997602643005,1.05504751901771
995,1.38621636905852,8.63032604351564,1.12921520923899
996,1.29163353557641,8.6149165045358,1.22349184981867
997,1.19705223349592,8.66185404657729,1.26363378606811
998,1.10247285695461,8.65437115246852,1.35039769009494
999,1.00789594802137,8.65291702805934,1.29966107693991
1000,0.913322273278311,8.67980852675265,1.31663211999295
1001,0.818752953464462,8.7168508923962,1.20263016451562
1002,0.724189694665312,8.77785938905356,1.12395831995349
1003,0.629635227750352,8.71123030989159,1.04100554514973
1004,0.535094213481307,8.59006854589845,0.948407618612712
1005,0.440575312166104,8.50333379784506,0.897134556075035
1006,0.346096641404513,8.54525862026144,0.896905323901022
1007,0.251703507732509,8.51956979532491,0.836043811877183
1008,0.157549730340472,8.51970939399421,0.877753233791459
1009,0.0646890281887362,8.5647174071473,0.818942209550454
1010,0.0379857120216557,8.55929325875342,0.816538504987162
1011,0.128827983682593,8.54343121759734,0.79115849095595
1012,0.222813544367918,8.45797390861581,0.794152695755606
1013,0.411619728922657,8.53279322176674,0.796711580123817
1014,0.50612893688156,8.59131034557184,0.846760060028186
1015,0.600664374981149,8.60137716390789,0.976288493596451
1016,0.695215342973868,8.57045001592,0.979105658512734
1017,0.789776263224715,8.56877313146019,1.11097044085068
1018,0.884343943221332,8.56722921963219,1.11918497541411
1019,0.978916423901171,8.61610189594327,1.18307100122707
1020,1.07349243647396,8.61087483734679,1.18710498587465
1021,1.16807112303245,8.58692856073704,1.2091509647832
1022,1.26265188269369,8.5599276552328,1.27332410010287
1023,2.99510718453321,8.56661218945838,1.170717492531
1024,2.90054564975555,8.54496600620464,1.52122004204035
1025,2.8059862039756,8.59151000294846,1.65440810526283
1026,2.71142906575096,8.69661530321192,1.47020217820059
1027,2.61687448522258,8.83671606175274,1.63973304872872
1028,2.42777419262275,8.56078678051676,1.48362465176799
1029,2.33322919930968,8.57398847545596,1.55046651312169
1030,2.2386882216534,8.57085853261636,1.33987982653248
1031,2.14415179083483,8.60126672936445,1.34356474564195
1032,2.04962053600731,8.56176970273035,1.22284992052287
1033,1.95509520796756,8.56796497154132,1.16892754832316
1034,1.860576710035,8.58087820129248,1.07323905334337
1035,1.76606613883619,8.5277540149138,1.05150697607483
1036,1.67156483890845,8.46791835257102,0.962514775605156
1037,1.5770744769092,8.49764257842511,0.989444227968733
1038,1.48259714416086,8.60325180508699,1.08007764248852
1039,1.38813550100183,8.6305164195892,1.19093326672547
1040,1.29369298425918,8.59921809195551,1.26666861021223
1041,1.19927411254199,8.60476665526615,1.32631325666271
1042,1.10488494768345,8.61865849853409,1.34923346886958
1043,1.01053381404766,8.62421318751002,1.32150162121719
1044,0.916232460766414,8.67440704434955,1.28274142999952
1045,0.821998020741288,8.77571331989685,1.19160141900897
1046,0.727856483899988,8.84781417361135,1.11191539669421
1047,0.633849246524797,8.73525205014321,1.06472906848683
1048,0.540046446703423,8.59610426345975,0.934330223787972
1049,0.446576928407722,8.5557935765482,0.952458301062549
1050,0.353705007721547,8.50161470524871,0.857674226301909
1051,0.262066791296922,8.50811801385075,0.789129321778507
1052,0.173626797546262,8.54979661237189,0.812034245619047
1053,0.0975141921148839,8.57419630383582,0.80560444774276
1054,0.511361758488717,8.55178417111763,0.899836747933083
1055,0.605080191931045,8.5728054128381,0.900004830441478
1056,0.69903413393202,8.52876400200727,0.982423480153441
1057,0.793139895131375,8.55501925457585,1.11817745618234
1058,0.887349174343488,8.56349184567529,1.15065802277921
1059,0.981632167504342,8.6076020995704,1.22019141975247
1060,1.07596949699451,8.60249466478208,1.19600230884514
1061,1.17034802334951,8.56712041575857,1.21720407183939
1062,1.2647585240534,8.51063951358284,1.28798598314984
1063,1.35919433624684,8.47199720998819,1.26236514617016
1064,3.09342599020716,8.67871082405585,1.06726060866926
1065,2.9989809744729,8.59143948222003,1.01594948344593
1066,2.90454555907182,8.58822863255005,1.41130220834666
1067,2.81012071187509,8.66176142418081,1.58562271603201
1068,2.71570753524879,8.6361341019873,1.87938769220141
1069,2.526921426111,8.71358099652121,1.48243612901147
1070,2.43255161687743,8.53796802515082,1.36949205451777
1071,2.33819980645779,8.57626634315585,1.54411369859568
1072,2.24386826533503,8.53894086374198,1.41961841271896
1073,2.14955966201178,8.64048277244124,1.32197091218016
1074,2.05527715406727,8.58244391639935,1.1882847191511
1075,1.96102450536083,8.60676723021612,1.11547317388427
1076,1.86680623856163,8.57844742182545,1.01490544645243
1077,1.77262783605351,8.53667729988579,1.00720393134559
1078,1.67849600806287,8.49400164204107,0.933526456316787
1079,1.58441905571928,8.60652776979476,0.997960568100712
1080,1.49040737058091,8.58735800113227,1.10685854102839
1081,1.39647413422146,8.63510227423693,1.22012950729561
1082,1.30263631759957,8.61692644412437,1.29498434068774
1083,1.20891614077294,8.62285638463851,1.33104613898465
1084,1.11534325928183,8.64556362907656,1.33966473736731
1085,1.02195813404545,8.64687289366594,1.36264515907757
1086,0.928817398938044,8.67518855010816,1.26605977880255
1087,0.836002741927651,8.72982579512783,1.24541023615763
1088,0.743636268321556,8.81959723652631,1.10007475173246
1089,0.651908510243584,8.77747945213759,1.05651990859466
1090,0.56113278553739,8.64012581552734,0.927158470069412
1091,0.471858868088788,8.56219626394196,0.863812642906651
1092,0.38513253679124,8.50292556390469,0.820139029551403
1093,0.30314821706324,8.54580746272326,0.818180107298406
1094,0.444943802004404,8.51651286194278,0.802962299880217
1095,0.533582876836045,8.56304935956269,0.881638401629836
1096,0.623972657313818,8.58180689593507,0.893313734703939
1097,0.715449899580708,8.58590131921125,1.08482462112442
1098,0.807645176830126,8.5763379975062,1.13552682800714
1099,0.900337934120309,8.57870143973857,1.19746100237661
1100,0.993388922168568,8.6226380824908,1.26896159074654
1101,1.08670612258815,8.58403685238297,1.24953801095026
1102,1.18022639106489,8.52503148489159,1.29934587540627
1103,1.27390500531778,8.50242142802903,1.28579477846243
1104,1.36770942897,8.44420492503792,1.26446155932596
1105,2.81742679493709,8.78210754213737,1.4505951113876
1106,2.53504383063863,8.67069008873462,1.82754347016342
1107,2.44098805779403,8.54907699033052,1.35316844952094
1108,2.34697542902335,8.60136616898949,1.40059936458173
1109,2.25301134522171,8.55963732427859,1.4106287608661
1110,2.15910214442677,8.64868801360329,1.31345475618856
1111,2.06525531340582,8.60763659377552,1.16677026671884
1112,1.97147975899977,8.58846754746567,1.08600381855162
1113,1.87778615977772,8.60971420421565,0.978056508808189
1114,1.78418742700195,8.66277946907455,0.973849787730775
1115,1.5973412514696,8.69010949953161,0.973830556990534
1116,1.50413744711113,8.76952954863152,1.09224641746629
1117,1.41111847024609,8.71375669743412,1.19264337770194
1118,1.318323444929,8.68016816632872,1.25871448959338
1119,1.22580323255465,8.65605910814849,1.2853965631204
1120,1.13362512125725,8.64900928989633,1.28962569213847
1121,1.04187991499105,8.67004412763605,1.30153512751926
1122,0.950692952582553,8.66325235676284,1.22955640191485
1123,0.860241776496962,8.70199414973435,1.220340519709
1124,0.770785462423434,8.70129179296912,1.12343909964549
1125,0.682715193362582,8.71560672523275,1.08842545765612
1126,0.59664506410851,8.62588996357951,0.948044803958769
1127,0.51358165944096,8.60469008612469,0.857155924665422
1128,0.435249813802779,8.56852583203583,0.870749239783462
1129,0.364711078840113,8.56882508065812,0.778925732056596
1130,0.307378321867736,8.52280460255836,0.778969514548244
1131,0.271742866680753,8.55725032377219,0.803031270702762
1132,0.488968625232982,8.52625558584279,0.846083264469645
1133,0.570811716744434,8.53607030258197,0.848530486068406
1134,0.656092376571596,8.59719360208202,1.03056061839402
1135,0.743628864642937,8.59567944890655,1.09546939013596
1136,0.832710070298819,8.59885929235782,1.21115843348627
1137,0.922888793482793,8.62199561588263,1.33125022766521
1138,1.01387222084804,8.60490088786402,1.32466295283449
1139,1.10546168020003,8.60069258591521,1.3172617672833
1140,1.19751812666287,8.53195346318044,1.29646305203286
1141,1.28994158476025,8.46875406884533,1.2147569679923
1142,2.82787987111577,8.81733078852812,1.33391980492179
1143,2.54665624768857,8.76337977963994,1.46737669240283
1144,2.45304576372422,8.68077266323927,1.50662529944706
1145,2.35951361196997,8.57387167035961,1.37148461300856
1146,2.26606949194635,8.5828824573757,1.32134304177733
1147,2.1727247618372,8.70668746827227,1.24343772499951
1148,2.07949280599458,8.67838870687484,1.2143608493817
1149,1.98638950379275,8.5996428569132,1.06560062983094
1150,1.89343383366966,8.65844087183775,0.942115820969076
1151,1.80064865959578,8.76688279720546,0.980314485485513
1152,1.70806176680919,8.77498608666738,1.01592355846738
1153,1.52362734303183,8.65262628082873,1.06146076280195
1154,1.43187504961219,8.74156837179962,1.16079923803732
1155,1.34051763363326,8.71875471229638,1.28656325280298
1156,1.24964170287874,8.67062135634702,1.31405591630093
1157,1.15936048586182,8.67048313388501,1.29079099483432
1158,1.06982455472568,8.65198564495629,1.24688514709417
1159,0.981237948064776,8.63284749516172,1.25990868269422
1160,0.893882953558736,8.67971437109264,1.19102987566828
1161,0.808159049764059,8.63041654315886,1.1010743899036
1162,0.72464533109677,8.65498509331358,1.05141474259276
1163,0.644201950600344,8.60801158264211,0.941175514847272
1164,0.568134615691009,8.59842721022182,0.942582270972265
1165,0.498450821092306,8.58705367981714,0.860914188100256
1166,0.438206562777144,8.57583865648447,0.828367589739325
1167,0.391780874196872,8.57184533570249,0.819789570535634
1168,0.38113906285742,8.60706501249269,0.783603705356454
1169,0.478811997234945,8.56078867811438,0.866196081710348
1170,0.545986389111003,8.53636264202212,0.863818130103192
1171,0.620352187555559,8.58147464652978,0.941739759616406
1172,0.699619916259968,8.58046340056608,0.99456256982659
1173,0.782300906916503,8.58392296016701,1.21585435087337
1174,0.867419668793199,8.5872843354286,1.28187864817904
1175,0.954324130350042,8.63081541326741,1.38004869790385
1176,1.04256783992197,8.62971306806026,1.36552716961928
1177,1.13183759745951,8.5872014336166,1.4460744520446
1178,1.22190854171595,8.54513729460076,1.37777219367814
1179,1.31261575212475,8.71575527002617,1.27984066046173
1180,2.84144520925639,8.92312138975853,1.15693798007397
1181,2.6548605183161,8.69267920779905,1.65510361586962
1182,2.56171121628407,8.81009183180532,1.37333887031404
1183,2.46867167332347,8.68299508127924,1.40556789210321
1184,2.37575478465602,8.57114252987541,1.2292904357477
1185,2.28297552638533,8.65500594984995,1.25937032851201
1186,2.19035138789302,8.55687039089351,1.26127542424427
1187,2.09790291527696,8.70051831482553,1.15280547185649
1188,2.00565440007056,8.61373023179025,1.05039113919319
1189,1.91363475988219,8.69453524196096,1.03662335708951
1190,1.82187867517254,8.71155038352332,1.02744700379197
1191,1.73042807159954,8.66732721967375,1.07743062883709
1192,1.63933407395292,8.65273985929945,1.01958823568473
1193,1.54865961146361,8.57263527456384,1.11838433353959
1194,1.4584829342321,8.55724468978794,1.2040547465509
1195,1.36890242085625,8.63606071279128,1.25509339417961
1196,1.2800432404095,8.63706059541767,1.25763159823127
1197,1.19206671286558,8.64814507879246,1.30824848776782
1198,1.10518364520942,8.60899062809066,1.19250155119113
1199,1.01967358623569,8.60857130045621,1.20125069368696
1200,0.93591294809254,8.63871505262026,1.15486508590278
1201,0.854416386465011,8.6494483138084,1.15776594597807
1202,0.775897652802692,8.62959359861493,1.04319320141003
1203,0.701357587042208,8.65576117110832,1.03075827100333
1204,0.6322050721805,8.59642564530481,0.939099118100866
1205,0.570402956507042,8.59301306814383,0.912155030573259
1206,0.518585868883196,8.60960032800213,0.89118622052207
1207,0.479998505342304,8.60599433985711,0.848748864903476
1208,0.457997072008647,8.64167946966778,0.820822913400063
1209,0.454994024046781,8.70386405571656,0.863330097360376
1210,0.471352624878883,8.65378724473927,0.864142177376091
1211,0.505195529626188,8.62267199095232,0.890913561944298
1212,0.553323811561095,8.56857527540207,0.895821785046529
1213,0.612378517617047,8.5471237090648,0.965530728669828
1214,0.679516849201952,8.54860719826887,0.985361862117689
1215,0.75257846034283,8.58149788260373,1.15024847935003
1216,0.830000614883365,8.59973979726435,1.20402820666204
1217,0.9106718363679,8.62828900307638,1.35414912603716
1218,0.993801216296672,8.63511150532418,1.37454310236708
1219,1.07882065821152,8.61796620764423,1.34955376338898
1220,1.16531654873999,8.57539116732153,1.41895171603257
1221,1.25298315873071,8.56041052561463,1.36228072294767
1222,1.34159100491558,8.53878716296485,1.3358533786957
1223,2.67265526669081,8.63509999342747,1.55494128721669
1224,2.48779855163681,8.64608747782962,1.3065229527344
1225,2.39562363481255,8.59234067163815,1.09919082927709
1226,2.30364473322839,8.63753015740461,1.16053531952757
1227,2.21188630026532,8.50307077030849,1.15124522527809
1228,2.12037695818081,8.64982635975861,1.08183025535695
1229,2.02915040728353,8.66215014431002,1.11437140822298
1230,1.93824657798895,8.65119816060338,1.05485070984389
1231,1.84771310270425,8.73443604219064,1.10549935303605
1232,1.75760721261499,8.63266638345277,1.12769208688201
1233,1.66799820409964,8.57125501422231,1.08827151756217
1234,1.57897067579963,8.49080394374026,1.15154319223488
1235,1.49062881774867,8.48511581922487,1.18298257734439
1236,1.40310214905495,8.5616378013169,1.21623736884561
1237,1.31655326522499,8.60924411250963,1.28252151774514
1238,1.2311883896377,8.61134719502604,1.25502429160364
1239,1.14727184768689,8.59958348094022,1.21586572912959
1240,1.06514601126948,8.5841927969899,1.17222791968928
1241,0.98525877274135,8.61595424493884,1.13746073473485
1242,0.908201059411654,8.63834807893664,1.15017766976762
1243,0.834756833144389,8.61206140953722,1.04136311451663
1244,0.76596623147381,8.63216516537229,1.04366123801076
1245,0.70319631408823,8.60641247739443,1.01169559078612
1246,0.648198531044692,8.59221592907469,0.981320646995135
1247,0.603102898568612,8.59153088502397,0.952546332241848
1248,0.57026341982225,8.63000672814935,0.919081572705756
1249,0.551872377298426,8.71614055314731,0.933357565858805
1250,0.54938271248266,8.67538560636612,0.930958669181249
1251,0.563005417235692,8.61908030761305,0.882529525186819
1252,0.591628537184277,8.58107945985575,0.982327910399145
1253,0.633221164599716,8.5500034049274,0.998266450286366
1254,0.685426328422956,8.57526152952587,1.10130131899754
1255,0.746019404041122,8.54198557643035,1.11543485434477
1256,0.813127383519032,8.57244055203419,1.24180807818091
1257,0.885269915654704,8.58684944849829,1.25051122126424
1258,0.961314202750696,8.60898686327257,1.33676464098805
1259,1.04040504630133,8.63677762622571,1.32324165373635
1260,1.12189830886782,8.58146298669043,1.39926422223182
1261,1.20530679149493,8.56218289542425,1.37054548118906
1262,1.29025912084329,8.62233502976984,1.37971874813115
1263,1.37646947925732,8.61000038032459,1.3334409717442
1264,1.46371559629823,8.57017504762701,1.28299529295633
1265,2.51034637599971,8.73900896737279,1.2550843467968
1266,2.41903077567053,8.57095859212431,1.02877450162846
1267,2.32797687937392,8.64956353778375,1.0668015695641
1268,2.23721664111236,8.48402371088688,1.10021781730712
1269,2.14678730636101,8.45307532781233,1.17445367178845
1270,2.05673252255795,8.63229129677294,1.09365543582702
1271,1.96710373164573,8.62072435389173,1.05853794669435
1272,1.87796192822795,8.65192599449865,1.10194192356577
1273,1.78937989476938,8.62465212246277,1.10823462575628
1274,1.70144506312966,8.48864191539119,1.08309739734007
1275,1.61426320313752,8.47812929060949,1.11817518924632
1276,1.52796320841553,8.46700112110265,1.21250056374474
1277,1.44270334256606,8.5324716496604,1.21287857225862
1278,1.35867943023483,8.61451651783837,1.21685061621139
1279,1.27613562944827,8.62333166096009,1.18782685391272
1280,1.19537859545148,8.61826723779937,1.18001475881178
1281,1.11679600612285,8.605873775974,1.24535929134396
1282,1.04088046539094,8.63330534890992,1.20959217194044
1283,0.968259499455137,8.66210126324125,1.23270623832104
1284,0.899731217892273,8.6470601876816,1.11462204450086
1285,0.836302314792237,8.63656906127398,1.12230762129944
1286,0.779219064266228,8.64537777052257,1.12935117630945
1287,0.729971663571375,8.60787045306138,1.06794782012324
1288,0.690239378933515,8.62102284981609,1.03019948614965
1289,0.661738363672556,8.64366249329237,1.03919456710676
1290,0.645956975961773,8.69724879073192,1.01692277633075
1291,0.643831234675259,8.68076939569575,0.941709117217729
1292,0.655494007451936,8.63653252767244,0.960013690922259
1293,0.680236444171782,8.64195690033523,1.09875022489654
1294,0.716705195506272,8.5958580839217,1.13912617200572
1295,0.76322116431873,8.58790172955467,1.2347456016637
1296,0.818072273808698,8.58042868451888,1.25155226002169
1297,0.879700764917918,8.57173615230762,1.3114405841123
1298,0.946784092352607,8.61077474894124,1.25899678367842
1299,1.01824471045956,8.61014439342981,1.360716018138
1300,1.0932245672038,8.61486370528888,1.27705287747477
1301,1.17104786811177,8.58390175149279,1.3334669466597
1302,1.25118414136069,8.57826709481061,1.3177252298214
1303,1.33321637136961,8.6221486815179,1.33715218263525
1304,1.41681527423147,8.58712546577387,1.33643841550975
1305,1.50171922835641,8.61178122718619,1.27829435414415
1306,2.44587462448956,8.78455495717847,1.35323468598518
1307,2.35585847112689,8.63922286912305,1.05354867347163
1308,2.26621514520376,8.65238219045826,1.10885768445712
1309,2.17699070366264,8.51778814971098,1.15844089295104
1310,2.08823884036965,8.64720023724507,1.0594005347204
1311,2.00002246890762,8.6711420783273,1.11506333823196
1312,1.91241569460054,8.63576222314611,1.04980147318863
1313,1.82550628398965,8.64570709532816,1.06036263333369
1314,1.73939877196952,8.623846848841,1.11605473977201
1315,1.65421838766368,8.52009557180594,1.09586368992991
1316,1.57011603117486,8.57541355609557,1.13449689349016
1317,1.48727459459647,8.60161961953258,1.21119722992571
1318,1.40591698873868,8.65195524831124,1.20218873603448
1319,1.32631630082275,8.72846187085041,1.22109308231899
1320,1.24880854078773,8.71996474633255,1.22573816308243
1321,1.17380837634289,8.69043597591024,1.25756768799018
1322,1.10182799397785,8.67778929670108,1.24399520253581
1323,1.03349854541064,8.68874396227411,1.27550390485399
1324,0.969592207853754,8.69897180057202,1.25188724468341
1325,0.911040255316777,8.66641437144424,1.16750556441719
1326,0.858938376833135,8.65671986656383,1.17354150175233
1327,0.814525269526959,8.66808183830889,1.15921465476072
1328,0.779116926597882,8.67014661486008,1.12755930070526
1329,0.753983054873806,8.7048320651769,1.10810431252811
1330,0.74017106122469,8.64627101391522,1.03993789801988
1331,0.738316628435438,8.6747375565913,1.01641471809639
1332,0.748508636480705,8.64600830513283,1.10696655499824
1333,0.770269047190834,8.66199855853938,1.15877889187097
1334,0.802657537400907,8.65528828195145,1.1850696490987
1335,0.844452089076013,8.61225090219466,1.32118091900664
1336,0.894334965354335,8.62860834616059,1.31318333381546
1337,0.951034290064231,8.63616444012154,1.35865051588683
1338,1.01340658307155,8.62368541985535,1.28950318639763
1339,1.08046984014348,8.62316180758366,1.32981572295018
1340,1.15140468099567,8.62411422504248,1.26350727251324
1341,1.22553902201845,8.69772529428609,1.27504703829484
1342,1.30232658756292,8.6728168561717,1.28361324467359
1343,1.38132497189067,8.66918050801119,1.34926558276632
1344,1.46217588079423,8.65003116964346,1.2620185164552
1345,2.21083169871126,8.56146246339336,1.11761642646094
1346,2.12349469757316,8.59052606518749,1.13297217868673
1347,2.03680587006428,8.69539625365325,1.02887201325006
1348,1.95085162561057,8.64266315547735,0.975100915750516
1349,1.86573349358333,8.69180602789851,0.995681335596741
1350,1.78157131884245,8.69839536623725,1.00499788588142
1351,1.69850721231249,8.74560220406613,1.07789162990463
1352,1.61671043404353,8.67077312960206,1.15346340358955
1353,1.53638341436148,8.64669320629467,1.09651563137913
1354,1.45776913652916,8.67633974619872,1.10790404542086
1355,1.38116009427621,8.73892446021921,1.17082264647589
1356,1.30690896688993,8.8432355582019,1.24332511754727
1357,1.23544096603832,8.75282484472569,1.29262650369855
1358,1.16726740916818,8.72982782952911,1.30761200153154
1359,1.10299932890227,8.73675918034969,1.27645286364817
1360,1.04335867549164,8.72953996473044,1.26937649103063
1361,0.989182805653538,8.69747415002436,1.2898137634089
1362,0.941415642205762,8.68112530510613,1.21632613843111
1363,0.901076961691348,8.6618487320916,1.22913171888516
1364,0.869201623045123,8.67997426703165,1.19562291390502
1365,0.846745961448758,8.66447903952474,1.14829902056249
1366,0.834470776041576,8.67628987780146,1.10893792213688
1367,0.832826344454364,8.64651641083185,1.13138730577629
1368,0.841874964041068,8.66769336374679,1.16398394066726
1369,0.861279676558794,8.69745106124602,1.15350310985823
1370,0.890363632758793,8.69912633509622,1.30668057653042
1371,0.928217435161497,8.68555105580617,1.35901766484118
1372,0.97381892898438,8.65251099333299,1.36431084974719
1373,1.02613571084478,8.64687027783496,1.43024905881195
1374,1.08419609794801,8.63724058927584,1.33420702214687
1375,1.14712830653446,8.65176423964346,1.28113040401854
1376,1.21417503499771,8.70879960074929,1.241268885087
1377,1.28469224745963,8.76157695050175,1.18151897854273
1378,1.35813946885665,8.80988210018359,1.12062786966516
1379,2.16231669695408,8.60267134333999,1.03717498333369
1380,2.07724864174547,8.70862493438555,0.933175484422797
1381,1.99303934543513,8.73193275300376,0.944642212433418
1382,1.90980240768089,8.80966893773217,0.835130854857151
1383,1.66737410164915,8.88915562814967,1.00943122721362
1384,1.58960931150711,8.72722968440625,1.10759338445048
1385,1.51376174569252,8.66797845146474,1.0241316041333
1386,1.44013435947003,8.76185917064714,1.12235203863664
1387,1.36908539362686,8.811543842197,1.19426977089324
1388,1.30103733531009,8.7916979036712,1.21259843510939
1389,1.23648573457654,8.80668569708311,1.25203568889865
1390,1.17600649949903,8.73777316139813,1.32034330092183
1391,1.12025938649437,8.74461782353219,1.26164680394793
1392,1.06998429442011,8.70845675594341,1.30623406883588
1393,1.02598595443348,8.67279277910112,1.33175435864564
1394,0.989102349707046,8.64243316973774,1.31295903251788
1395,0.960153752692434,8.66009653834951,1.29756813216003
1396,0.93987365668736,8.62404916878049,1.26705360265436
1397,0.928830040089422,8.63131751681371,1.21214401034695
1398,0.92735294646769,8.67432540561177,1.18024173199587
1399,0.935487692267641,8.64524197239779,1.13996252653598
1400,0.952988168110344,8.72293664405285,1.18959719036787
1401,0.979352421676958,8.70676930209891,1.31422360316226
1402,1.01388923174224,8.76049972081997,1.32300915767225
1403,1.05579689038819,8.72643822587576,1.41997504597703
1404,1.10423650744576,8.7061036205958,1.39224314262537
1405,1.15838894422849,8.75532635357017,1.39505489185573
1406,1.21749214328377,8.73485350469958,1.26757033985206
1407,1.28086095377944,8.75023013093914,1.17808707615336
1408,1.34789388973612,8.78358060623125,1.07337091254339
1409,2.20451644501547,8.7041229770058,0.937331302959355
1410,2.1211414799703,8.58723052619364,0.985448232728473
1411,2.03874596035644,8.74749664004089,0.828156839596243
1412,1.57345285316698,8.65898229510903,1.01708584259534
1413,1.50275288445685,8.67964610275827,0.958459357403923
1414,1.43480802669194,8.77387545533852,1.10367266965275
1415,1.37002825017881,8.73506544717703,1.2119035072232
1416,1.30888358161776,8.84488431379477,1.23365658629798
1417,1.25190676381318,8.78229461056087,1.25314459660655
1418,1.19969177351767,8.7394764200088,1.32766522634237
1419,1.15288579170832,8.69423447903456,1.36624515162826
1420,1.11217194583931,8.64436479380013,1.36975007707073
1421,1.07824056527902,8.6285504093689,1.3662237687008
1422,1.05174830032028,8.62001522834618,1.32430435059081
1423,1.03326751083739,8.60401189228474,1.28884471262566
1424,1.02323237917383,8.61617891043539,1.24596250187234
1425,1.02189174854264,8.63886073960809,1.19316122123585
1426,1.02927959311426,8.72175749269077,1.17034082920274
1427,1.04521084331131,8.78846110544068,1.23972755233995
1428,1.06930371001963,8.74617523511487,1.28086178420288
1429,1.1010225395786,8.689353736691,1.29311243927159
1430,1.13973081566245,8.73049375205007,1.39257580054971
1431,1.18474365277609,8.71980138883522,1.37142259548156
1432,1.23537209152871,8.72299739479558,1.37291234938681
1433,1.29095560627581,8.72474295554453,1.21372900074006
1434,1.35088268970107,8.72538284806086,1.14184216934232
1435,1.41460142669418,8.75944076092249,1.05970951284592
1436,2.41600023505701,8.93315521922765,1.20917543984578
1437,2.24990388814123,8.73495739033199,0.846799589730566
1438,2.16827487362188,8.2852259865357,0.909644850798348
1439,2.08774036709527,8.29698793578815,0.906081535254662
1440,1.63643778698387,8.6914627111985,0.818259088928558
1441,1.56857928753148,8.73781340806806,0.940893330914902
1442,1.44192654314198,8.82367851321865,1.04206506267034
1443,1.33020498225294,8.75747313331669,1.22584610932727
1444,1.28118503775815,8.71725272169724,1.32317262173389
1445,1.237465311939,8.66126803465044,1.33549646663096
1446,1.19962543597632,8.62655204467973,1.37504971649085
1447,1.16823690497373,8.59684342186498,1.38119377079745
1448,1.14383094762992,8.61466073951795,1.40829396318498
1449,1.12686134838385,8.59397357251514,1.3772939036899
1450,1.11766687851037,8.60241212834662,1.33684844774883
1451,1.11643965142273,8.65774330061556,1.30827731824706
1452,1.12320578271786,8.69893401514448,1.27558822453072
1453,1.13782268236527,8.74883042187686,1.28121829442506
1454,1.15999360937512,8.71291056740192,1.23553637662583
1455,1.1892961709303,8.69582335212039,1.32993105931813
1456,1.22521878931886,8.68697632968722,1.32521526263039
1457,1.26719859229823,8.69865504180839,1.27514710831918
1458,1.31465545070082,8.68916169940099,1.28677729109933
1459,1.3670190660354,8.6998638206146,1.20403272443527
1460,1.42374814867777,8.73942235393616,1.22793890488987
1461,2.62748910003602,9.08571622873972,1.35406044765348
1462,2.29829017891878,8.56972164458905,0.782135784532794
1463,2.21844228417633,8.02372238062118,0.83620951684483
1464,1.63722668617216,8.8518632947976,0.803646267694341
1465,1.46130805116492,8.73381316789356,1.06837941499245
1466,1.41050187360814,8.73426803906113,1.15836279595804
1467,1.36436994309346,8.63894172235044,1.22199135306589
1468,1.32340116325089,8.64000612676142,1.31335997746748
1469,1.28808828396305,8.63171094073088,1.36090890213001
1470,1.25890734638579,8.62415999658408,1.41325854763349
1471,1.23629263420821,8.62157161814125,1.43229599079143
1472,1.2206091672288,8.62926058845522,1.39532461079766
1473,1.21212602148482,8.60671289261323,1.37951513833025
1474,1.2109945234849,8.61905239852552,1.35299547926498
1475,1.21723517488296,8.65475453906193,1.31699818754794
1476,1.23073583564728,8.68040881354665,1.33494483863499
1477,1.25126152919069,8.66842618000631,1.26566585125562
1478,1.27847394296129,8.64383817585552,1.31443143065899
1479,1.31195705811642,8.63123360348159,1.27559258618865
1480,1.35124480127182,8.6472749711057,1.288796636909
1481,1.39584712440113,8.65398426846543,1.21750856495636
1482,1.44527207388291,8.66574929933288,1.25211503236199
1483,1.49904270503041,8.69521068846012,1.17909003214329
1484,1.55670876742443,8.73801007588518,1.10510893838009
1485,2.75532098609499,8.74756520669443,1.3651136076537
1486,2.67238932466094,8.84311444474316,1.22166625476944
1487,2.59025696791267,8.90832430237316,1.14532615488538
1488,2.50900241295035,8.79923892689061,1.04988703646864
1489,1.54058007002332,8.7536183336401,1.05586005912818
1490,1.49247487992452,8.58611993857608,1.1098443707507
1491,1.44895516610091,8.58991489295336,1.16339817643113
1492,1.41044545114211,8.60735568011284,1.24334271382005
1493,1.37736602217295,8.60506607240402,1.30484016190843
1494,1.35011608335645,8.60827407830351,1.35316841061377
1495,1.32905425365225,8.62325637399463,1.39418039036984
1496,1.31447802221134,8.64693204144287,1.4171409615379
1497,1.30660446337608,8.66262604148795,1.48382999653411
1498,1.3055548505,8.64272579086165,1.45402461789463
1499,1.31134556953002,8.64256495054265,1.42441297918294
1500,1.32388686408623,8.62983310265082,1.38052087732445
1501,1.3429896299623,8.62085799905477,1.30219271569322
1502,1.36837909754009,8.60231665716719,1.33339364318268
1503,1.39971320422976,8.61731827119387,1.26302008855538
1504,1.43660302266067,8.61457985266114,1.23110749014307
1505,1.47863278959062,8.64093380169987,1.27272623146359
1506,1.52537769070466,8.67140155687011,1.18321274478862
1507,1.57641833383735,8.59247934583625,1.04820089529321
1508,1.63135156184366,8.75149166282105,1.13431286251871
1509,1.68979778805426,8.78370762707626,1.11098115054502
1510,1.75140535051386,8.71764793063839,1.07555892386253
1511,2.80136662350384,8.59777236756696,1.42889390416271
1512,2.63918403728992,8.84226026094052,1.07570232224474
1513,2.55948321562312,8.72196184089865,1.0313936669809
1514,2.25223378796697,8.34257253808446,0.803393580991729
1515,1.67124185894153,8.76141774800084,0.856225631958968
1516,1.62149565988283,8.66386957542742,0.976758036380322
1517,1.57586245912247,8.70769767182861,1.06041921073433
1518,1.5347091894676,8.57207276872698,1.09609335461754
1519,1.49840501651364,8.5605751098158,1.22561094681224
1520,1.4673099133797,8.56652900998268,1.2420675098982
1521,1.44176095848222,8.57573352902722,1.35528392981338
1522,1.42205711278307,8.60414471697116,1.37576750383944
1523,1.40844371337389,8.64951052971625,1.43872223355597
1524,1.40109830011319,8.6688852367951,1.42719185782208
1525,1.40011952722968,8.65096541628383,1.44232587431167
1526,1.4055206955402,8.62846462414598,1.39691378221967
1527,1.41722886358057,8.60133532758532,1.37203139106878
1528,1.43508967282609,8.58081514507248,1.37505912805943
1529,1.45887716324934,8.58591612025773,1.34203280617918
1530,1.48830718501287,8.57907722372332,1.4230176273458
1531,1.52305268050175,8.59295337855029,1.34799347010638
1532,1.56275914629169,8.61325907430602,1.24380620825621
1533,1.60705890438567,8.61691823895353,1.17323928781753
1534,1.65558327671076,8.72411143175109,1.15822933699591
1535,1.7079722308034,8.72912040316428,1.07134474997083
1536,1.76388145502437,8.60107208032585,1.02696686696423
1537,1.8229870884552,8.49711226397558,0.95241363698638
1538,1.88498847558334,8.35085381744687,0.83720977692398
1539,2.84980905908786,8.50924430816743,1.35878440188103
1540,2.69054810339155,8.66065922890949,1.40309675219775
1541,2.61241479191847,8.83274505302341,1.00806074315133
1542,2.24085991386548,8.24583813626187,0.788297001094079
1543,2.10366785276767,8.72372028618134,0.780870351083276
1544,1.75122987213452,8.69461576049038,0.779962383105075
1545,1.70382067395509,8.68526730313579,0.986519291432249
1546,1.66045150608184,8.63259222315689,1.00906062605383
1547,1.62144657951295,8.71129146128628,1.08731807382707
1548,1.58712769098494,8.69354407947089,1.15516055438263
1549,1.55780457563851,8.49872844237513,1.1822321069323
1550,1.53376379386837,8.57353614519571,1.29704203064663
1551,1.51525679209659,8.60330394802193,1.34178457232118
1552,1.50248807240536,8.69690283106413,1.40290176498052
1553,1.49560461371247,8.67959312702143,1.46864027962458
1554,1.49468772809166,8.63726115716224,1.43257741031417
1555,1.4997483587488,8.60243230710864,1.43990261011001
1556,1.51072643643507,8.54346030707784,1.43698208742941
1557,1.52749438068689,8.55801993297593,1.43191052506227
1558,1.54986428161577,8.56248829318271,1.46226743519814
1559,1.5775978546318,8.5824180097617,1.42773404891859
1560,1.61041801454203,8.61150891568756,1.37660303427178
1561,1.64802089285794,8.63438484807789,1.27624136974888
1562,1.69008728654564,8.64431002537615,1.17062596881033
1563,1.7362928036775,8.72970986370093,1.14235063715588
1564,1.78631628083424,8.59725566775207,1.05591410896572
1565,1.83984632547308,8.53042249792136,0.958558883674479
1566,1.89658604831215,8.4167997800617,0.900464724329075
1567,1.95625618645921,8.28109498163526,0.870866873578244
1568,2.90052820678395,8.31731476105732,1.32073867492976
1569,2.30501743131355,8.51435885649459,0.824104650887762
1570,2.23744055869708,8.22458236237388,0.806960372455391
1571,2.17188181995665,8.73379060249501,0.788884557472038
1572,2.10852946792922,8.73876886770321,0.805718440139426
1573,1.78736037051482,8.6655679664594,0.841412986106877
1574,1.74606741254154,8.60540382775084,0.996429711236368
1575,1.70901761702574,8.61436133430519,1.04455832432648
1576,1.67649232404484,8.62150557511168,1.1151278114984
1577,1.64875932172356,8.5219469865381,1.13966215695886
1578,1.62606383038046,8.69198573205421,1.18670544965887
1579,1.60861908203432,8.73607311533992,1.31836287630392
1580,1.59659719804666,8.68173985220235,1.32594022929082
1581,1.5901211795483,8.68678758063727,1.40082857714789
1582,1.58925882397987,8.6311943874549,1.37331055709702
1583,1.59401924224892,8.58463544102,1.38930753456487
1584,1.60435238362209,8.54751593698094,1.40150443198408
1585,1.6201516250401,8.549694256212,1.4211646486473
1586,1.64125911924914,8.56550774975921,1.42714546314867
1587,1.66747329694629,8.58083103794857,1.39626239364632
1588,1.6985577372146,8.59580528611429,1.33384210666896
1589,1.73425057831513,8.64284734374607,1.34118561784925
1590,1.77427372218417,8.64942261847482,1.25205380545691
1591,1.81834125102862,8.61430446186246,1.14314869143572
1592,1.86616667537054,8.56336924384291,1.02914419474653
1593,1.91746882802482,8.52548872057026,0.930454149261343
1594,1.97197638011777,8.33805344971569,0.890652480913983
1595,2.02943107105169,8.19168148073331,0.860570509506659
1596,2.57893802104746,8.69534931626168,0.975613986000246
1597,2.30557757403756,8.34476193477215,0.832262342151243
1598,2.24201211773274,8.28535749742329,0.860658716662193
1599,2.18069810228929,8.77441713062455,0.813372867132831
1600,2.12183071466786,8.79455400282835,0.828930821782922
1601,2.06561914233962,8.91708903185397,0.785748781113596
1602,2.01228596173704,8.85580163199474,0.801482181383142
1603,1.96206590957597,8.88422223745047,0.794303909345211
1604,1.79730045109507,8.64142182138539,0.934644849691062
1605,1.7664014857284,8.5434636548557,0.999280284364973
1606,1.74010200769167,8.71301509091931,1.07685491590139
1607,1.71861318413242,8.76251230822004,1.17532607600082
1608,1.70211722489585,8.76609239617835,1.28197661737003
1609,1.69076027544199,8.74826879936505,1.24883496361523
1610,1.68464627202576,8.69718562280534,1.32075566499465
1611,1.68383232710389,8.66358195410684,1.36548000842938
1612,1.68832610619573,8.54297730571887,1.29261743803375
1613,1.69808547106325,8.54197390565913,1.33121208096762
1614,1.71302042729277,8.53840471515265,1.37647414924085
1615,1.73299717043066,8.56303541334498,1.39294431204377
1616,1.75784381906675,8.56832982060767,1.38130587591931
1617,1.78735729020635,8.58587980564922,1.34013344527193
1618,1.82131072708327,8.61677028949095,1.27054250682709
1619,1.85946092656864,8.65815585895268,1.20762940981595
1620,1.90155531115836,8.66128034286583,1.13021454534736
1621,1.9473381207345,8.52727384129808,1.00053454951467
1622,1.99655563474928,8.47627387400082,0.933717566719009
1623,2.04896035587431,8.30589626407021,0.881696011781769
1624,2.10431418004827,8.20740013709895,0.836682361786462
1625,2.25452598136337,8.52153579914109,0.906043274531275
1626,2.19763708765171,8.9441111330438,0.837654464539033
1627,2.14341447893641,8.90701251400591,0.885555274055569
1628,2.09206548155604,8.87903699450819,0.932526800128896
1629,2.04380669850026,8.83540066032893,0.986194370170982
1630,1.99886196463461,8.71580640084706,1.00555031495787
1631,1.85677607591703,8.62405689195838,0.897008070809742
1632,1.83177459980395,8.5139817034898,0.930924464712925
1633,1.81137364008317,8.49500492787671,0.998801025950462
1634,1.79573000047377,8.62888090029261,1.06299662484577
1635,1.78496876620489,8.64882115890047,1.15787433758343
1636,1.77917853212225,8.56801855301997,1.16362433015244
1637,1.7784078534224,8.54237238353378,1.1804521280502
1638,1.78266324026059,8.5522718051357,1.23901333300981
1639,1.79190888561625,8.64790592561394,1.19223246809358
1640,1.80606815254482,8.62388591960511,1.27917287986443
1641,1.82502667926664,8.64274506899645,1.34779175419489
1642,1.8486368165612,8.60117178264045,1.36036888473877
1643,1.87672301370452,8.58901567511459,1.33503572373378
1644,1.90908772766024,8.69234723503676,1.29584244841005
1645,1.94551744395928,8.69828879539725,1.25440712858576
1646,1.98578845517566,8.63783909337449,1.05471738746101
1647,2.02967212716244,8.44548605229728,0.933987475031871
1648,2.07693947672133,8.42153727873848,0.919892843765782
1649,2.8458202353746,8.59334259499162,1.03378270136431
1650,2.27485108247744,8.64277884652351,0.925298751198399
1651,2.17303397523942,8.77291143404818,1.03704203024802
1652,2.12661338735113,8.64820809253112,1.1086644841425
1653,2.08345574277195,8.50604306162759,1.14442770703414
1654,2.04376775980784,8.55005901833534,1.09862746090541
1655,1.97561908708319,8.62578440163723,0.974247160067426
1656,1.94755130215467,8.54036671835301,0.969844748841795
1657,1.92372993502555,8.53530190543903,0.891773917567203
1658,1.90431434968459,8.53100405023554,0.926641743512201
1659,1.88944037032874,8.61563099923541,0.963280624104485
1660,1.8792158403849,8.67766822917355,0.991548863580172
1661,1.87371687498169,8.53341014536468,0.971225614840552
1662,1.87298509645458,8.49107818470625,0.967223969382662
1663,1.87702608042693,8.6262644614082,1.0008915370121
1664,1.8858091453742,8.75230993955982,1.07194914416946
1665,1.89926850394123,8.69629790319749,1.1851131990021
1666,1.91730567684486,8.60059400522027,1.30136544340102
1667,1.93979296781178,8.57821656663144,1.26071403674023
1668,1.96657772503267,8.59535298721114,1.24798788841196
1669,2.30278059668727,8.55671905677581,0.992971268251246
1670,2.25506337540289,8.63876754898943,1.05708932837903
1671,2.21036618432324,8.4595927687345,1.15738013148862
1672,2.16887574600945,8.43299329431141,1.19226904525477
1673,2.1307793939234,8.45874083504959,1.15308461775603
1674,2.09626218317777,8.5354871623161,1.06970111349334
1675,2.06550355767935,8.56478056598912,1.00385925715788
1676,2.03867364824853,8.52744403508165,0.982678522739818
1677,2.0159293222859,8.42682294517861,0.977859895393519
1678,1.99741015115907,8.48650071387923,1.01282551737387
1679,1.98323450014532,8.58989390875323,1.03580614786531
1680,1.97349597017378,8.61356178063178,1.04672892752706
1681,1.96826042411308,8.59692926936808,0.899726165945619
1682,1.96756380864245,8.64932160250512,0.847463833670522
1683,1.97141093538144,8.67774381895373,0.813062926062776
1684,1.97977531611938,8.8607048014006,0.898100726412157
1685,1.99260006514148,8.80775015794098,1.0150029746794
1686,2.00979979798988,8.68389239378402,1.20047956710804
1687,2.03126338211239,8.59160899967487,1.32635306031015
1688,2.0568573402483,8.61480779140008,1.23767185964724
1689,2.3840990199927,8.51352504142257,0.888180997122314
1690,2.33804202009593,8.28458347623472,1.02742731126266
1691,2.29496150936143,8.26566940571709,1.13723828955254
1692,2.25502808458761,8.29707479055001,1.165507841023
1693,2.21841170349856,8.50077756890722,1.13898183245696
1694,2.18527911289886,8.53706137592832,1.06825411997186
1695,2.15579094706255,8.59882234008851,0.980923314817121
1696,2.13009856690102,8.51292167521279,0.975453270171281
1697,2.10834074406934,8.53077818730668,0.971558679509971
1698,2.09064032597768,8.59349242023469,0.981761618844869
1699,2.07710104309286,8.59608160660884,0.938132747916944
1700,2.06780463413325,8.67054186040146,0.938044226502819
1701,2.06280846366806,8.70572119173362,0.912502353931575
1702,2.0621437878408,8.74233698944279,0.909735540186847
1703,2.06581478763037,8.77947181114055,0.810269279705785
1704,2.42187234170118,8.19081951851687,0.940121409579792
1705,2.38030953474824,8.33372365007551,1.025452485044
1706,2.34183193548166,8.38693248750663,1.05171307311049
1707,2.30659394735664,8.65757962340543,1.04598966026726
1708,2.27474612935926,8.67092843110667,1.0031051170067
1709,2.24643267408568,8.63423594079355,0.96608894397425
1710,2.2217887065328,8.72125226369723,0.943871438906919
1711,2.15736040325754,8.77928743540815,0.890957897111187
1712,2.156724867361,8.80521896494229,0.853673458555859
1713,2.16023514658827,8.86270050662411,0.811318388253516
1714,2.46633211958334,8.43928294372398,0.879886315944812
1715,2.42921745772519,8.49950817739787,0.879987730624578
1716,2.39526538839799,8.62716138661159,0.875261226183586
1717,2.36461214492145,8.68174763019263,0.900040709078796
1718,2.33738751645396,8.79746344718821,0.909357035303874
1719,2.25649325272223,8.02843320600118,0.811325121809546
1720,2.2519157516254,8.60698197991569,0.822730994245857
1721,2.25130690852411,8.68788535217037,0.840129909063207
1722,2.55296107649053,8.03081961339524,0.890799926253812
1723,2.48437364638344,8.41744634532807,0.828276487398523
1724,2.45483334055435,8.69149078375387,0.898954707481832
1725,2.42862029474803,8.63784692055742,0.926814895701839
1726,2.64013671675825,8.42680139030245,0.785388822840297
1727,2.60549903396708,8.44177239565492,0.90397948775766
1728,2.57387335351682,8.31376436974716,1.01536848273382
1729,2.54537194826151,8.37972269723001,1.09156282538318
1730,2.98444539500578,8.0718941361993,1.34327845814215
1731,2.69429625917695,8.33306185095974,0.793479940479554
1732,2.66372505265754,8.28250688792666,1.01832271060326
1733,2.63619526424126,8.31888978408701,1.1139723120444
1734,2.5472395672872,8.65268476655254,0.805454583351345
1735,2.75389429054186,8.4241543452457,0.928281831859667
1736,2.72727484469969,8.57886850773671,1.10300595655834
