0,2.81968885554999,8.99681,1.1758207191874
1,2.76343852933991,9.00049,1.09218231574817
2,2.7002027076146,8.68487,1.17608860831366
3,2.61052578403138,8.89751,1.28981923564384
4,2.59625136467829,9.11235,1.57082771758907
5,2.71262432913075,8.96905,1.20247175232419
6,2.67558191665071,9.05223,1.39514320723709
7,2.64140907955142,8.95612,1.45812007249396
8,2.61021852523447,8.8453,1.44805284046506
9,2.58211832891714,8.59271,1.34254356032916
10,2.55721036887751,8.11146,1.37444045580953
11,2.53558872216525,8.81655,1.45751624084761
12,2.51733806954105,8.92583,1.6240375586148
13,2.50253216480066,9.08433,1.59984071716013
14,2.49123242722859,9.09655,1.61286348643528
15,2.48348671593,8.96876,1.64260503307145
16,2.71131759837835,8.21359,0.95946640148767
17,2.66755693074546,8.70395,1.17578450431415
18,2.62647526723025,8.72632,1.31828029334994
19,2.5882001798718,8.95297,1.48984019362925
20,2.55285790907305,8.8412,1.57590749064736
21,2.52057182557001,8.83792,1.57755835057085
22,2.49146074480615,8.64315,1.54746957100427
23,2.4656371284264,8.81673,1.53177112923837
24,2.44320521986012,8.83452,1.58293429318699
25,2.42425917235365,9.01174,1.56657374699803
26,2.40888123705633,9.07572,1.59438256885014
27,2.39714008452894,9.0902,1.61655897208928
28,2.38908933415662,9.063,1.56869626957057
29,2.38476636159993,8.98081,1.57955178666677
30,2.94911585821441,8.88781,0.988499745377739
31,2.8904200833081,8.91819,1.06936944542087
32,2.83366682267377,8.84144,1.04807452686608
33,2.67627704477482,8.80071,1.06171031397115
34,2.6285319455484,8.88498,1.21533806396681
35,2.58336932091801,8.77742,1.2894589057214
36,2.54092687790587,8.88221,1.48945587226062
37,2.50134308733942,8.88788,1.64274839246697
38,2.46475568229573,8.84358,1.67243645635922
39,2.43129993981607,8.90017,1.70582476978727
40,2.40110676822216,8.87148,1.68017915744396
41,2.37430063778096,8.90629,1.6526291134884
42,2.35099740872763,8.92199,1.55322380890304
43,2.3313021263305,8.99908,1.57851743527818
44,2.31530686599732,9.07297,1.59827975378913
45,2.30308872046816,9.06486,1.55447476717095
46,2.29470802414451,9.02507,1.55295352631637
47,2.29020690526224,8.88904,1.59124449074017
48,2.2896082444079,8.77718,1.69635758377443
49,2.29291509828047,8.76152,1.68096035573976
50,2.87630264502471,8.7465,1.19454520414577
51,2.81608963255704,8.70117,1.22910613579808
52,2.75780714019789,8.07046,1.14488277955843
53,2.70158011496418,8.32186,1.15572062544816
54,2.5465688188959,8.68668,1.30027594886495
55,2.49992592067541,8.73141,1.44702483930522
56,2.45604192950139,8.89759,1.55188877163919
57,2.41506724568596,8.86944,1.72004234731091
58,2.37715231611555,8.8948,1.79581109288023
59,2.34244572145312,8.88058,1.81005867062992
60,2.31109200877133,8.85478,1.67119763041483
61,2.28322930937116,8.90939,1.61803442686661
62,2.25898680307089,8.94974,1.58243849394427
63,2.23848211179753,9.01696,1.58265841161109
64,2.22181872445498,9.03353,1.54085216801611
65,2.20908356902859,9.04066,1.53855447964566
66,2.20034485403484,8.97937,1.55383433180499
67,2.19565029763741,8.88565,1.58788735226024
68,2.19502584801752,8.82401,1.61808187105941
69,2.19847497336835,8.85133,1.62719772911875
70,2.20597856623791,8.87129,1.63021258745693
71,2.21749546831268,8.79646,1.5805023337131
72,2.86836129798631,8.77698,1.25928423920831
73,2.80478964585451,8.81148,1.33639885478406
74,2.74300726763744,8.80321,1.38853885221327
75,2.68313776654182,8.48744,1.30996483838767
76,2.62531201370169,8.28308,1.31754003498533
77,2.41730379981114,8.70014,1.47381171895603
78,2.37189165249711,8.48036,1.63962221083492
79,2.3294372395284,8.77589,1.76427070409177
80,2.29010505997653,8.85733,1.83725933897965
81,2.25405856393986,8.86302,1.76279682399429
82,2.22145770266356,8.87565,1.72857698644334
83,2.1924561867659,8.87985,1.66263808521744
84,2.1671985207094,8.89132,1.55643539778532
85,2.14581691123779,8.96456,1.53205891656856
86,2.12842817498155,8.98614,1.52693191921838
87,2.11513079185867,8.98978,1.53195352991322
88,2.10600226220063,8.95969,1.54968438505806
89,2.1010969233312,8.89007,1.58366387581387
90,2.10044436374345,8.85267,1.61677767724992
91,2.10404854037248,8.85354,1.62698567240784
92,2.11188765951639,8.89901,1.63237051052764
93,2.12391482967275,8.94781,1.6230801224068
94,3.00473755262692,8.33542,1.03282566925888
95,2.93498035913989,8.94954,1.06878749536811
96,2.86664737071367,8.75967,1.20140051152707
97,2.79984286677207,8.87095,1.36462623875256
98,2.73467886603188,8.79731,1.45410880399357
99,2.67127542816919,8.75905,1.41680108063492
100,2.6097608735422,8.3653,1.42705701719392
101,2.55027188984138,8.88031,1.42340690168225
102,2.49295348899065,8.61327,1.30813909135863
103,2.43795877232129,8.83742,1.31687068180456
104,2.38544845761088,8.54584,1.38527619701674
105,2.33559011888004,8.49679,1.52622851046901
106,2.28855708996175,8.56675,1.64849629199167
107,2.24452698708,8.86768,1.65866035965424
108,2.20367981534496,8.84379,1.72273346471597
109,2.16619564040262,8.86912,1.74281749424937
110,2.13225183023769,8.83833,1.66999350518929
111,2.10201990326371,8.81551,1.61870859432869
112,2.07566205606638,8.88694,1.56079857067874
113,2.05332748468986,8.95813,1.52589934178108
114,2.03514865277306,8.96244,1.51789355538999
115,2.02123769247889,8.97566,1.5083626538578
116,2.01168314384321,8.96339,1.52077096792529
117,2.0065472394291,8.89938,1.55593323161625
118,2.00586392061135,8.88215,1.58309436672812
119,2.00963772931149,8.90099,1.60195585148983
120,2.01784365827641,8.90897,1.58510294329743
121,2.03042797127417,8.92867,1.40232069031287
122,2.04730993133206,8.92355,1.22278020014575
123,2.06838431014195,8.89427,1.11564964264312
124,2.09352450309616,8.9005,1.08820790586549
125,2.94244231788955,8.79405,0.957341313771946
126,2.73288110106446,8.80934,1.35910289515592
127,2.66608093167898,8.71371,1.45338964860515
128,2.60100585295023,8.70276,1.47141308601088
129,2.53778857492357,8.31874,1.45822810810806
130,2.47657136906167,8.69962,1.38170454048663
131,2.41750618038745,8.7449,1.36041263620176
132,2.36075454240359,8.90717,1.35131512405755
133,2.30648723774032,8.92718,1.39586935741365
134,2.25488364164339,8.97764,1.50099330084996
135,2.20613068242909,8.82199,1.50055658073264
136,2.16042135466007,8.86472,1.59146110420951
137,2.11795272905219,8.84909,1.59504155267734
138,2.07892342005187,8.86715,1.62278500104718
139,2.04353049928128,8.87262,1.61721600200998
140,2.01196588133537,8.90248,1.58787037698585
141,1.98441225679911,8.95674,1.43471814109797
142,1.96103870265827,8.95175,1.40600710959905
143,1.94199615674822,8.90992,1.37558617467734
144,1.92741299244304,8.96017,1.36132598488899
145,1.91739096304424,8.98989,1.36580090664866
146,1.91200179340956,8.96036,1.39378875760822
147,1.91128467318481,8.91628,1.42168547688948
148,1.91524485040767,8.90798,1.43880485482333
149,1.92385344119223,8.89831,1.4127417177431
150,1.93704847137943,8.86926,1.32683795779616
151,1.95473706387118,8.86711,1.24571014775449
152,1.97679859580642,8.92527,1.13470068647798
153,2.00308858491203,8.8837,1.12373018182462
154,2.03344303110258,8.87386,1.098732291321
155,2.95594567979553,8.62796,0.854324235285813
156,2.88190584842049,8.76362,1.06439402641496
157,2.66759322941266,8.57707,1.39488375668574
158,2.5991156302318,8.63504,1.4607213292696
159,2.53232027439942,8.66976,1.46887260070786
160,2.46734378959755,8.68437,1.45164727010643
161,2.40433364388326,8.68577,1.35748120984332
162,2.34344845415138,8.81127,1.39927056925762
163,2.28485809943028,9.04847,1.42563634124272
164,2.22874357047014,9.09473,1.47609873580854
165,2.17529647689779,9.12596,1.46789410995766
166,2.12471812554231,8.99325,1.54335774543431
167,2.0772180806849,8.99099,1.59006001443966
168,2.03301212184104,8.93779,1.59581561372576
169,1.99231953047024,8.91359,1.57484750711282
170,1.95535966679939,8.95915,1.47475650814352
171,1.92234784383852,8.9651,1.45798385471528
172,1.89349056770493,8.99754,1.41698305227342
173,1.86898028838632,9.00179,1.37282114652807
174,1.84898988582357,9.00714,1.35803724507999
175,1.83366719131123,9.03786,1.34454693407805
176,1.82312989943578,9.06706,1.3281494659628
177,1.81746124664444,9.02895,1.39244520657209
178,1.81670680821209,8.96563,1.40866282961152
179,1.82087269243791,8.92927,1.40350331021993
180,1.82992529580859,8.87624,1.35869042713159
181,1.84379264168354,8.85731,1.30398428451064
182,1.86236718021037,8.98684,1.20829327459151
183,1.88550980199924,8.93995,1.16697686361265
184,1.91305473106701,8.99905,1.18349266821273
185,1.94481492327487,9.00196,1.24448167005993
186,1.980587604384,9.04484,1.42128992336442
187,2.02015962799939,9.07464,1.54939379427366
188,3.05304412625933,8.95314,1.22000695554218
189,2.97540819248733,8.87288,0.985681306029833
190,2.89877989472588,8.74482,1.07418705449138
191,2.82324128181163,8.79291,1.16018994273278
192,2.60410515413134,8.59697,1.3848916397806
193,2.33369455740765,8.76897,1.3837230113028
194,2.27091626297176,8.95682,1.43277185222396
195,2.21040416003438,9.05113,1.39260560447555
196,2.15234939521377,9.11725,1.52203820145942
197,2.09695607454449,9.07086,1.53334914023223
198,2.04444054185323,9.04372,1.63815896568299
199,1.99503006766549,9.04736,1.62990427312574
200,1.94896082662473,9.03347,1.59450272060189
201,1.90647505298608,9.03813,1.49265210288578
202,1.86781729371771,9.05585,1.45242776628081
203,1.8332297316146,9.0701,1.46248170660496
204,1.80294662875879,9.06353,1.45558015672515
205,1.77718804141311,8.97654,1.38551112038827
206,1.75615307249766,8.95639,1.40681058975962
207,1.74001304151904,9.01037,1.40901898028991
208,1.72890504261566,9.06428,1.40808511360963
209,1.72292640563069,9.09709,1.40984159832743
210,1.72213055346257,9.11851,1.47777252313934
211,1.72652465323586,9.0776,1.44716098985527
212,1.73606929712074,9.04221,1.3877028136537
213,1.75068024541648,9.02557,1.29390187296834
214,1.77023205543507,9.04256,1.25724352399504
215,1.7945632420175,9.04887,1.24319490231098
216,1.82348249792067,8.99351,1.1939781615733
217,1.85677545814182,9.00272,1.33525880182414
218,1.89421151796854,9.01709,1.46740184753952
219,1.93555029352475,9.03927,1.53622115604325
220,1.9805474227685,9.01672,1.53593644000654
221,2.02895952153272,8.94796,1.52659080493273
222,3.08061746412012,9.04284,1.36750433059962
223,3.00071390575041,9.03347,1.45096711286826
224,2.92168776894417,9.00667,1.16454656576559
225,2.84361220727163,8.8496,1.17181475973231
226,2.76656770070834,8.83146,1.2866896995146
227,2.69064282114389,8.33906,1.32110408353699
228,2.61593505853182,8.63868,1.31067346614421
229,2.54255170272911,8.68166,1.33337866600338
230,2.33158763496206,8.68592,1.33694803391011
231,2.26480369890005,8.87546,1.25408766373914
232,2.20006049478347,9.0167,1.37172756478739
233,2.13754346341181,9.05736,1.49798743333084
234,2.07745359186538,9.08223,1.5521791947448
235,2.0200074964827,9.08396,1.69695679412677
236,1.96543700902634,9.09259,1.72390362265464
237,1.91398810815706,9.08022,1.76528678917927
238,1.86591902584089,9.07534,1.65930678489904
239,1.82149736067213,9.05443,1.56770320075831
240,1.78099605557907,9.04813,1.49419597485981
241,1.74468815441414,9.05052,1.479357862195
242,1.71284034674278,9.03054,1.47678741300446
243,1.68570544337349,8.99439,1.48952313025793
244,1.66351408810393,9.00034,1.44804894167811
245,1.64646618305194,9.03048,1.43703317755113
246,1.6347226534367,9.06205,1.46713510539855
247,1.62839826409167,9.06968,1.474336357925
248,1.6275561896434,9.06978,1.49721995010514
249,1.63220491529357,9.05881,1.44266195088266
250,1.64229781455209,9.0142,1.45768156963616
251,1.65773545204558,8.99241,1.33488497109327
252,1.67837035167067,8.98169,1.28610811572443
253,1.70401371381736,8.99784,1.28348027755697
254,1.7344434056781,8.99368,1.31777753752551
255,1.76941250397838,9.01259,1.40087775788432
256,1.80865772938994,9.04691,1.48565822279075
257,1.85190724552852,9.03405,1.52355427066038
258,1.89888746404631,9.01454,1.53026380736418
259,1.9493286657964,8.97182,1.52616978821912
260,2.00296939182581,8.89766,1.52545533876677
261,3.03171650367103,8.84702,1.70000622342019
262,2.95048893279627,8.99097,1.49262276040866
263,2.87008021100237,8.97524,1.38627210994456
264,2.79056112345414,8.96153,1.30104505613009
265,2.71200992641842,8.89582,1.31692756687306
266,2.63451319779624,8.76984,1.31830360829301
267,2.55816677111663,8.87852,1.27704846282997
268,2.48307675262769,8.91131,1.28607702902553
269,2.40936061666722,8.87612,1.37444634693811
270,2.33714836798312,8.84695,1.41769496180312
271,2.26658375047061,8.84923,1.32414354789914
272,2.19782546917192,8.83523,1.32630253843655
273,2.13104837558801,8.94659,1.43017171564908
274,2.06644454471055,9.05698,1.5483734465198
275,2.00422414533499,9.09386,1.70756644455682
276,1.94461597345999,9.11029,1.80228246032855
277,1.88786748338961,9.07265,1.82768931772271
278,1.83424411585701,9.09074,1.80854985062443
279,1.78402769299819,9.06851,1.75162865580643
280,1.73751363543569,9.06849,1.61732099309753
281,1.69500676941941,9.04391,1.52414198402949
282,1.65681554632446,9.0127,1.4304008557226
283,1.62324460628069,9.00315,1.43571871443274
284,1.59458578954173,9.02207,1.45117920026052
285,1.57110792745427,9.0421,1.4907588171313
286,1.55304600393003,9.05579,1.46123493378311
287,1.54059052056299,9.07043,1.49888831165257
288,1.53387806063135,9.07798,1.51030381582172
289,1.53298406672606,9.08718,1.47492663267074
290,1.53791868572363,9.07076,1.42599491615587
291,1.54862620088644,9.06877,1.40628476894421
292,1.56498812371155,9.07354,1.28492673758791
293,1.58682955472746,9.04593,1.20199118608136
294,1.61392804525699,9.03471,1.20387790741658
295,1.64602397488301,9.03498,1.25251336988001
296,1.68283142578942,9.02624,1.44150569555889
297,1.72404865954281,9.04534,1.49272226672444
298,1.7693675266689,9.03381,1.51536607629305
299,1.81848139927293,9.01091,1.51168371751482
300,1.87109145839667,8.99619,1.49914518453362
301,1.92691135836096,8.98211,1.48193198261394
302,3.06824330119419,8.78944,1.77294656984694
303,2.98501280535492,8.90537,1.65817910715384
304,2.90247849812102,8.90697,1.66454887747838
305,2.8207014920209,8.89384,1.53197606973716
306,2.73974960046264,8.97905,1.42881022208683
307,2.65969816529876,8.94027,1.29814398730739
308,2.58063098463615,8.94262,1.24298024093757
309,2.50264134832517,8.87219,1.28155433709701
310,2.4258331865447,8.92137,1.35377065543886
311,2.35032233335102,8.85561,1.45492398948747
312,2.27623790133362,8.93486,1.4198248400264
313,2.20372375478392,8.94092,1.4700007506033
314,2.13294005598899,8.92818,1.35594807163983
315,2.06406484118059,9.0261,1.49262694335454
316,1.9972955579647,9.08523,1.66904475937491
317,1.93285046349823,9.07437,1.77475698649617
318,1.8709697415344,9.08129,1.83378132106492
319,1.81191614716062,9.06787,1.84935680086377
320,1.75597493320879,9.06427,1.87231855300035
321,1.7034527580435,9.07371,1.82676394183733
322,1.65467523182844,9.07235,1.73615879838713
323,1.6099827445905,9.06832,1.60242090013181
324,1.56972425732801,9.05716,1.39610661837468
325,1.53424885247502,9.0547,1.38274822720447
326,1.503895052758,9.06066,1.40491744613903
327,1.47897823148659,9.04964,1.45634060954986
328,1.45977682534851,9.07112,1.52184094480699
329,1.44651845530919,9.08077,1.57038922306438
330,1.43936735908097,9.09589,1.56926335498993
331,1.43841462671148,9.09246,1.51243933030364
332,1.44367252983475,9.09662,1.43814321786782
333,1.45507374368914,9.07066,1.33022398385921
334,1.47247557428289,9.05785,1.21938004875902
335,1.49566858804285,9.02647,1.15916669402332
336,1.52438847567429,9.03215,1.16155929371819
337,1.55832968764354,9.03532,1.20765403478435
338,1.59715938375793,9.05492,1.33958376155024
339,1.64053048431686,9.05179,1.37857177504135
340,1.68809298734755,9.03591,1.3921111299249
341,1.73950311554857,9.02312,1.38288160065132
342,1.79443019791424,9.00914,1.47594142124577
343,1.85256143554863,9.03477,1.35134255266416
344,1.9136048444989,9.08615,1.322479333544
345,3.02506345981976,8.85552,1.87781166743231
346,2.94061106383462,8.88193,1.73665077476824
347,2.85679425452176,8.95054,1.68071405032773
348,2.77367065234909,8.95813,1.60329652630914
349,2.69130448924846,8.91273,1.46635773555214
350,2.6097674821921,8.91538,1.33190372898391
351,2.52913982600366,8.52391,1.29302598142428
352,2.44951131839812,8.83245,1.34467908259267
353,2.37098262953471,8.92015,1.42540948542473
354,2.29366672628399,8.90662,1.43499208971854
355,2.21769045722828,8.95603,1.51893251681408
356,2.14319629712554,8.9519,1.4355124904095
357,2.07034423781554,9.02372,1.42624161321582
358,1.99931379458342,9.04661,1.52981169180866
359,1.93030607067357,9.0891,1.63950848178118
360,1.86354578555479,9.0802,1.77573895410544
361,1.79928312234373,9.0671,1.83859875258124
362,1.73779518498443,9.06158,1.90631253685363
363,1.67938677697287,9.07064,1.83217785500546
364,1.62439012540082,9.07704,1.78767047167589
365,1.57316308863392,9.09068,1.69321453572146
366,1.52608532477475,9.08272,1.55323548331376
367,1.48355189483134,9.08556,1.43018165236124
368,1.44596387297007,9.08678,1.39062920898372
369,1.41371578130956,9.06132,1.34271048291246
370,1.38718008557826,9.03281,1.36815662896634
371,1.36668956257018,9.04132,1.42930890181104
372,1.35251899142444,9.07357,1.50373817455759
373,1.34486816268415,9.09001,1.49899757455385
374,1.34384843600431,9.10689,1.43282703451344
375,1.3494748437867,9.11148,1.32664635958845
376,1.36166500292371,9.0977,1.20906414755604
377,1.38024501356586,9.07137,1.12937786339032
378,1.40496138945944,9.04565,1.08850911866829
379,1.43549719797089,9.06399,1.19086184042025
380,1.47149019568766,9.07232,1.23272435241616
381,1.51255085129053,9.06353,1.28009405808213
382,1.55827861776597,9.07344,1.29907102842811
383,1.60827544734902,9.07679,1.39602755562766
384,1.66215615079236,9.06262,1.37889457120677
385,1.7195556739461,9.02551,1.35261359591682
386,1.78013366158154,9.05946,1.34336630821339
387,1.84357681735895,9.12985,1.33959433659586
388,3.07042462958544,8.79267,1.73476133613765
389,2.98425810004138,8.98383,1.66066409430537
390,2.89861706689111,8.92023,1.72728517189964
391,2.81354951696151,8.96619,1.66425132193601
392,2.72910907796454,8.86267,1.57041212560565
393,2.6453558032096,8.74737,1.44182147259494
394,2.56235707559136,8.40271,1.34011154780885
395,2.48018864830957,8.58922,1.33089425294705
396,2.39893584130263,8.84169,1.36197291723775
397,2.31869491336855,8.94219,1.53289535453922
398,2.23957462992152,9.02792,1.49369387757573
399,2.16169804454906,8.92399,1.44761461433323
400,2.08520450789329,8.96357,1.46984122353223
401,2.01025190828957,8.97348,1.48863062746212
402,1.93701913282688,9.0419,1.46473868500497
403,1.86570871204619,9.05321,1.57649665569991
404,1.79654957253755,9.06376,1.69084522342837
405,1.72979976473487,9.06652,1.81023450092245
406,1.66574895367847,9.06961,1.77629543730761
407,1.60472035520123,9.06808,1.79259370025269
408,1.54707166971202,9.07776,1.7478446215167
409,1.49319441974782,9.08976,1.65355994217633
410,1.44351095950765,9.09709,1.52318972491774
411,1.39846833942835,9.08879,1.32361206091446
412,1.35852824544079,9.07495,1.26807787196514
413,1.32415247688834,9.04175,1.29176911823001
414,1.29578395635644,9.02686,1.3297440517868
415,1.27382409781104,9.02992,1.38660290617023
416,1.25860839576479,9.05308,1.42327288473555
417,1.25038307999079,9.0928,1.43726413106985
418,1.2492862324852,9.1211,1.32690382240424
419,1.25533653883689,9.11382,1.23148864484618
420,1.26843172930712,9.10643,1.13538128034021
421,1.28835700378399,9.08837,1.09643148494878
422,1.31480187769779,9.06388,1.097238336357
423,1.34738252812931,9.062,1.11662204968792
424,1.38566621800878,9.09825,1.18572918024202
425,1.42919472062611,9.11372,1.32977907147834
426,1.47750455915116,9.0783,1.37939336737091
427,1.5301429300139,9.06891,1.38394983573564
428,1.58667909211117,9.0448,1.36187742087404
429,1.64671162852701,9.04813,1.40865760322559
430,1.709872312432,9.07923,1.33242407163248
431,1.77582739961663,9.12769,1.33810610418861
432,3.03318155882612,8.92844,1.68161735524857
433,2.94592589358601,9.00535,1.58433316021719
434,2.85913690880839,8.97985,1.63118843950429
435,2.77285842538568,8.9863,1.61479666168636
436,2.68713961718896,8.86925,1.52340057900817
437,2.60203579691224,8.43973,1.4093151000813
438,2.43393070855389,8.72506,1.35663771527306
439,2.35107978034016,8.90562,1.47984814760739
440,2.26914721076424,9.02748,1.41962445800156
441,2.18823615860494,8.97266,1.39261976742521
442,2.10846422749954,8.93714,1.46481511046318
443,2.02996571463078,8.90581,1.4328468313129
444,1.95289418495213,8.90076,1.4323324715484
445,1.8774253870062,8.97462,1.38622363164759
446,1.80376050545604,9.0188,1.44824761033046
447,1.73212970917967,9.04714,1.58952260920496
448,1.66279589514612,9.06164,1.60968147151963
449,1.59605843862902,9.0722,1.68469699883174
450,1.53225663034465,9.0784,1.68572715489782
451,1.4717723037425,9.07797,1.6286734847967
452,1.41503093181881,9.08394,1.53269423511447
453,1.36250022130519,9.09068,1.34528044662012
454,1.31468500380185,9.07536,1.22925849471945
455,1.27211711587354,9.06126,1.2193984299427
456,1.2353391214106,9.04619,1.23234085185068
457,1.20488133207745,9.04343,1.21038556305096
458,1.18123274379019,9.05288,1.21935262312897
459,1.16480816305845,9.09274,1.23898152106214
460,1.15591557198839,9.1184,1.22844476283143
461,1.15472899570204,9.12089,1.1954839170749
462,1.16127205622841,9.04369,1.09896233960721
463,1.1754156774312,9.08784,1.07938817435881
464,1.196890442788,9.0729,1.06519126132647
465,1.22531095662922,9.07236,1.08225681281249
466,1.26020737973799,9.11134,1.12627432549138
467,1.30105873448078,9.12876,1.18420396027761
468,1.34732346238886,9.13322,1.28630895253632
469,1.39846440253245,9.1152,1.46238813830816
470,1.45396710729971,9.07756,1.48625233444011
471,1.51335174502846,9.03983,1.48369285326983
472,1.57617960599801,9.02453,1.44110297019494
473,1.64205550687531,8.97065,1.44226829667841
474,3.08713059525628,8.77274,1.59086243806848
475,2.99846107574418,8.89823,1.62233922755169
476,2.91016456999439,8.94828,1.49217683868255
477,2.82227608806447,8.92904,1.51163555726408
478,2.73483496781478,8.90229,1.46125390172333
479,2.64788552928871,8.77202,1.36431302501535
480,2.5614778434261,8.64554,1.35008763858367
481,2.47566863687797,8.55903,1.32256331049897
482,2.39052235881444,8.9603,1.42607073116478
483,2.30611244033643,9.01566,1.45274185760842
484,2.22252278235101,9.01119,1.41459008453049
485,2.13984951334813,8.98666,1.48931690128998
486,2.05820306398454,8.93506,1.4708696404963
487,1.97771060990393,8.92972,1.42174430069424
488,1.89851893632114,8.92749,1.39871026675624
489,1.82079777507704,8.97426,1.30598974047116
490,1.74474365308866,9.0046,1.34197811870175
491,1.67058426407439,9.04937,1.46453468483663
492,1.59858332371663,9.06115,1.4862628712478
493,1.52904577873555,9.07027,1.54213713966535
494,1.46232309534701,9.08083,1.53425446802444
495,1.3988181325725,9.07338,1.40605759264427
496,1.33898879455884,9.07248,1.3186598392519
497,1.28334925371342,9.08089,1.20037478824951
498,1.23246708401141,9.08155,1.17754428981288
499,1.1869542579428,9.08168,1.16913616439916
500,1.14744986767946,9.0788,1.11332540774173
501,1.11459296531911,9.08812,1.12958411537244
502,1.08898542182722,9.0792,1.088221803382
503,1.07114728710748,9.11491,1.1613453242852
504,1.06147033096331,9.11483,1.08526454258393
505,1.06017805460458,9.13904,1.14172654166132
506,1.06730091470357,9.10053,1.00108187190517
507,1.08267283548686,9.0453,1.08211873679145
508,1.10594990211463,9.08058,1.00510302667967
509,1.13664655649226,9.11542,1.13561227677029
510,1.17418103114308,9.13789,1.20128967574784
511,1.21792129652078,9.1437,1.28398648671486
512,1.26722490752575,9.13916,1.44835644304182
513,1.32146931069191,9.12497,1.49798543024304
514,1.38007202821433,9.10608,1.50534365306949
515,1.44250197855352,9.08031,1.62667027935526
516,1.50828399325663,9.08144,1.61271707403821
517,1.57699864984395,9.10038,1.60841024676561
518,1.64827921482292,9.03543,1.7014246196584
519,3.05595308491961,8.75741,1.42208758905553
520,2.9663517606338,8.83944,1.56653619894541
521,2.87706999732591,8.88314,1.41431809339481
522,2.78813849410727,8.84001,1.64378223930623
523,2.6995918666059,8.83404,1.38194443618558
524,2.61146926485433,8.80764,1.34543809457917
525,2.52381510563375,8.74193,1.34150376875682
526,2.43667994301334,8.84529,1.39046477281455
527,2.35012150601922,9.03782,1.5591054912371
528,2.26420593863206,9.07674,1.61361019212276
529,2.17900928477405,9.03518,1.5838959257447
530,2.09461926966179,9.01173,1.61870416679409
531,2.01113743877876,8.96066,1.56506080086761
532,1.9286817263584,8.97134,1.47941547053192
533,1.84738953570497,8.99069,1.41937640858267
534,1.76742142195566,9.02669,1.29755789494326
535,1.68896547035616,9.043,1.27435086776457
536,1.61224245336588,9.04843,1.25155659428513
537,1.53751181716668,9.0634,1.34068900284046
538,1.4650784752126,9.0629,1.40364992218935
539,1.39530024734733,9.0789,1.39301571306875
540,1.32859554156857,9.03584,1.27708746569722
541,1.26545048777753,9.08836,1.17619997504306
542,1.20642415926947,9.097,1.16429144886619
543,1.15214975512468,9.10616,1.1724465151274
544,1.10332876129955,9.1195,1.08988799975505
545,1.06071444974596,9.13406,1.11276098079015
546,1.02508117893224,9.14774,1.12672527304138
547,0.997177614076083,9.13799,1.03118172489028
548,0.977665820073493,9.15636,1.08086588569557
549,0.967053880907172,9.17095,1.01573415064427
550,0.965635258535754,9.09954,1.0825913403749
551,0.973450146432442,9.14621,1.02984108543945
552,0.99027996736449,9.11757,1.06297611219157
553,1.01567668627848,9.16583,1.06818355342276
554,1.0490182741249,9.163,1.12550205955432
555,1.08957562333162,9.16069,1.23430980206907
556,1.13657653925335,9.14021,1.38876176033983
557,1.18925729399314,9.12847,1.54037039109918
558,1.24689818516301,9.12178,1.57595340397922
559,1.30884405034438,9.124,1.62681356106476
560,1.37451296945248,9.11649,1.60335182416933
561,1.44339687867766,9.13276,1.57807966688189
562,1.51505732124956,9.14554,1.58043230232549
563,1.58911872277673,9.16178,1.5486587665417
564,3.02741121973941,8.71419,1.40130811264703
565,2.93693925779707,8.73445,1.27907289691803
566,2.8467351836248,8.77885,1.5802252578838
567,2.75682529343032,8.74825,1.57860609464046
568,2.66723933729598,8.72195,1.53417716849597
569,2.57801108559549,8.73439,1.49386033615454
570,2.4891790059374,8.79344,1.34194594159192
571,2.4007870752855,9.01266,1.49869257738381
572,2.31288575792849,9.07528,1.73385114165184
573,2.2255331875106,9.07528,1.64275644908853
574,2.13879660073274,9.04632,1.72334201119754
575,2.0527540819623,9.01813,1.6805125184143
576,1.96749669220357,9.01745,1.58925092006332
577,1.88313107291108,9.01384,1.52833149609108
578,1.79978263487751,9.01133,1.34391689103879
579,1.71759946406668,9.05225,1.2467012848391
580,1.63675709750403,9.09663,1.18665155816073
581,1.5574643381502,9.09829,1.14661018395257
582,1.47997027811425,9.08267,1.20130959809328
583,1.40457266622474,9.07959,1.251435105192
584,1.33162765682525,9.02076,1.20730465107117
585,1.26156075923845,9.04956,1.1643101533365
586,1.19487839263701,9.11796,1.18900615337775
587,1.13217873511361,9.13034,1.20453489925817
588,1.07415943621432,9.16815,1.14738555719211
589,1.02161822207966,9.17769,1.16547818303988
590,0.975440710691471,9.17864,1.08094392140032
591,0.936568662499182,9.18711,1.07755918480349
592,0.905942950846725,9.18587,1.02448498864593
593,0.884420653260866,9.18806,1.08103411974972
594,0.872675566721119,9.17174,1.02792621500253
595,0.871103259494427,9.2022,1.08885560531798
596,0.879758275757463,9.18695,1.05699694232744
597,0.898345061731747,9.18672,1.11940556350157
598,0.926265926839604,9.17962,1.11328619772751
599,0.962709081510289,9.18936,1.19956076290346
600,1.00674945996155,9.16859,1.29523901366555
601,1.05743825623793,9.14537,1.46403202182446
602,1.11386819125527,9.13749,1.56889916188657
603,1.17521254262249,9.1324,1.60486232024168
604,1.24074259389137,9.12949,1.63247305289017
605,1.30983027120596,9.12838,1.59211841133934
606,1.38194210643964,9.14682,1.61656181740687
607,1.45662902718788,9.16085,1.59522720502884
608,1.53351483568107,9.17636,1.56716459877657
609,1.6122849843541,9.16237,1.67453892695081
610,3.09305441290922,8.66564,1.43947910901278
611,3.00158018728313,8.48382,1.74728443922402
612,2.91030533299793,8.65588,1.27896099884657
613,2.81924921441398,8.72281,1.54604309941686
614,2.72843373124283,8.73637,1.52046177160264
615,2.63788373695765,8.68975,1.47538180883872
616,2.54762754042654,8.73781,1.48189473886118
617,2.45769751004594,8.96835,1.39941218535047
618,2.3681308046948,9.03975,1.55765332462561
619,2.27897026231475,9.10458,1.69621593992993
620,2.19026548527745,9.06251,1.74870955966804
621,2.10207417247643,9.05394,1.82569128896407
622,2.01446376197226,9.03746,1.77562455613354
623,1.92751346587217,9.04155,1.66136857868595
624,1.84131680192459,9.04626,1.56503392606163
625,1.75598475508564,9.03438,1.3420833047004
626,1.67164973790824,9.07665,1.20790061055435
627,1.58847056111102,9.10831,1.05995602295611
628,1.50663867330431,9.12577,1.06324808196062
629,1.42638597559992,9.11083,1.09277452101228
630,1.34799454820567,9.08795,1.08135243398463
631,1.27180861127312,9.11635,1.11926779031303
632,1.19824892094123,9.12078,1.20466370722288
633,1.12782946427079,9.15703,1.18782244640097
634,1.06117558185722,9.18962,1.24836815103226
635,0.999041251247817,9.18541,1.18719233383393
636,0.942320921433746,9.19438,1.20987498289743
637,0.892047928847338,9.19856,1.14914985303827
638,0.849367874870512,9.20571,1.1332908256778
639,0.815473823905718,9.17974,1.02650221568803
640,0.791495305861583,9.20735,1.08994247000021
641,0.778349260961022,9.22322,1.03277917883828
642,0.776586000381386,9.20689,1.10947406694595
643,0.786282106530657,9.22108,1.08366926859903
644,0.807024644744112,9.21321,1.15751586343744
645,0.837993731784775,9.21144,1.17935486538173
646,0.878108024623923,9.18321,1.23770478400207
647,0.926180005409004,9.14416,1.30336685873381
648,0.98104056646097,9.14554,1.44203796562834
649,1.04161762407173,9.13251,1.53510028732257
650,1.10697310158095,9.13309,1.60141442725882
651,1.1763108056899,9.13164,1.58120140387991
652,1.2489676803881,9.14014,1.60929289385881
653,1.32439756600402,9.15115,1.6296221723539
654,1.40215300525044,9.17038,1.60290733382754
655,1.48186796933481,9.1734,1.56450544397432
656,1.56324271885726,9.17043,1.67329018875034
657,3.07069145627103,8.85038,1.26288438699129
658,2.97853051672957,8.76614,1.55115216891151
659,2.88652690090961,8.68769,1.57097572141993
660,2.79469614651979,8.71563,1.56061773158095
661,2.70305587145038,8.70174,1.53597350596952
662,2.61162612716758,8.56859,1.43384929371603
663,2.52042982507716,8.73295,1.46325095300651
664,2.42949325359934,8.98937,1.41843547357095
665,2.33884670864576,9.08877,1.57872784954673
666,2.2485252666834,9.10418,1.73475656663065
667,2.15856973813596,9.08728,1.8032183655314
668,2.06902785022125,9.06161,1.80007918054394
669,1.97995572341861,9.05983,1.76437009693958
670,1.89141972589831,9.05765,1.70894322517819
671,1.8034988171464,9.05273,1.58649330230189
672,1.71628752791945,9.07758,1.32558679516719
673,1.62989977135018,9.10225,1.17182902167775
674,1.54447374270819,9.12058,1.02805230200896
675,1.46017824606959,9.12143,1.02857224916857
676,1.37722088634569,9.11836,1.0732249669632
677,1.2958586807175,9.10199,1.09315311229181
678,1.21641175681064,9.14876,1.16970513017495
679,1.13928086744907,9.16272,1.21299192606339
680,1.06496935114398,9.19737,1.2755230461615
681,0.99410966896449,9.19496,1.35714248101259
682,0.927493309999316,9.19496,1.29385102203765
683,0.866099958070908,9.18532,1.29533871242605
684,0.811116468677286,9.19624,1.18349784058391
685,0.76392814142479,9.19822,1.16325429665353
686,0.726056455018547,9.16672,1.06331778114811
687,0.699017337123769,9.18688,1.09425231639305
688,0.684096477433741,9.18494,1.01830534066215
689,0.682089608766357,9.22559,1.10438533612199
690,0.693108916007414,9.2334,1.08080798765202
691,0.716553693468287,9.22889,1.17739560625766
692,0.751261547604599,9.22263,1.19794264953804
693,0.79576009029582,9.20749,1.24902570880353
694,0.848510353984032,9.16986,1.27003423624701
695,0.90807544369438,9.15196,1.36912578382145
696,0.973204856736506,9.13159,1.44318915527836
697,1.04285658938439,9.13069,1.56148509202131
698,1.11618436200365,9.13181,1.5598223466248
699,1.19251024526111,9.14452,1.53307172070015
700,1.27129435271146,9.14983,1.57573494366958
701,1.35210704773385,9.17453,1.59996541174493
702,1.43460555447801,9.16984,1.67199614842214
703,3.05109847909351,8.88383,1.26606913595806
704,2.95832722135333,8.70378,1.53207439521662
705,2.86567504424101,8.65055,1.57518306669605
706,2.773153883376,8.60473,1.57453192680848
707,2.68077730400964,8.64908,1.51302054135089
708,2.58856078499524,8.40844,1.42535960959072
709,2.49652206332115,8.75173,1.21534994716242
710,2.40468155455053,8.98185,1.37282845752297
711,2.31306286902322,9.08659,1.51133620622531
712,2.22169344969653,9.09943,1.71939410310081
713,2.13060536559616,9.06537,1.75667286845501
714,2.03983630581034,9.05349,1.78648001166984
715,1.94943083391254,9.0567,1.73998440910392
716,1.85944198323799,9.05889,1.6695387509261
717,1.76993330183917,9.06721,1.52570120980549
718,1.68098149543732,9.10412,1.26183843539491
719,1.59267987183809,9.12682,1.13825405074926
720,1.50514286744677,9.11691,1.07287580148829
721,1.41851204429349,9.1307,1.01209055458766
722,1.332964095277,9.11803,1.02236229602061
723,1.24872159823626,9.12829,1.12961906125495
724,1.16606752446759,9.17963,1.15829270343942
725,1.08536482550631,9.18494,1.30183560892268
726,1.00708273164962,9.18994,1.3067596604002
727,0.931831499488783,9.18513,1.38690838271819
728,0.86040673498312,9.18551,1.31883472963095
729,0.79384195333911,9.18232,1.32584781760223
730,0.733461543143426,9.18134,1.20026796048552
731,0.680912707159706,9.19404,1.19022835889945
732,0.63813312512745,9.19725,1.0584532015328
733,0.607191194855814,9.18044,1.09830061820924
734,0.589952455667471,9.1702,1.01061121097513
735,0.587624151901424,9.19205,1.08687620027415
736,0.600379778939796,9.21269,1.07087184186817
737,0.627299852649329,9.22381,1.14988261102156
738,0.666670700136194,9.22384,1.16429936034617
739,0.71644262213972,9.21121,1.17414517946643
740,0.774613277919333,9.19395,1.23020742197297
741,0.839438455725952,9.17213,1.3106772502114
742,0.90949634561462,9.14306,1.36422348921451
743,0.983669545901097,9.13896,1.3979229077178
744,1.06109539603767,9.13251,1.45738958204459
745,1.14111199913222,9.13971,1.43171572083751
746,1.22321103688075,9.14466,1.448374543734
747,1.30700014462217,9.15622,1.43232037238888
748,1.39217420118676,9.1518,1.38992885530996
749,3.03432913998295,8.78795,1.44879686236808
750,2.941028960963,8.69962,1.41183447646516
751,2.84781404937342,8.61256,1.46095965278228
752,2.75469306121505,8.33454,1.46967039243586
753,2.66167585447894,8.53106,1.63021792546021
754,2.56877370319733,8.54346,1.45816412210661
755,2.4759995584152,8.78973,1.27053163398507
756,2.38336836838507,8.94869,1.37764959145764
757,2.29089747406489,9.06298,1.45529155563622
758,2.19860710110912,9.05137,1.64223543383424
759,2.10652097652269,9.03713,1.67834079453461
760,2.01466710776866,9.00824,1.69193076166994
761,1.92307877551387,9.03118,1.70136777331425
762,1.83179581003206,9.06175,1.54618382539642
763,1.740866248045,9.09612,1.41774711787947
764,1.65034850520296,9.11454,1.20653484643837
765,1.56031425513618,9.1239,1.09902898329351
766,1.47085228763763,9.14064,1.05365731222269
767,1.38207373914298,9.17233,0.99995622858907
768,1.29411926804318,9.13707,1.06552407325348
769,1.20716901489588,9.12372,1.19526545069951
770,1.12145658508965,9.1519,1.19281605891132
771,1.03728887252747,9.173,1.33180094420113
772,0.955074357843316,9.17741,1.30852792626665
773,0.875363549653788,9.17712,1.35677433316603
774,0.798906221171972,9.17194,1.32162546291027
775,0.726729968767094,9.17256,1.33401878849233
776,0.660240286481599,9.18187,1.21290423816197
777,0.601326463241497,9.20655,1.15874949257812
778,0.552417673511531,9.17559,1.01112051748083
779,0.51636474292248,9.20932,1.06936346298964
780,0.495979133201233,9.18756,0.971195778632507
781,0.493207405176398,9.19488,1.05098154011644
782,0.508337761318954,9.20962,1.03507060696943
783,0.539867118610531,9.21232,1.10785800629876
784,0.58515059860095,9.21478,1.11563071717372
785,0.641281086140395,9.21323,1.17128420250239
786,0.705674947091011,9.19517,1.14581535300759
787,0.7762785077371,9.18197,1.20422472113479
788,0.85154859127904,9.16139,1.21227029103322
789,0.930353253423793,9.16032,1.28970674789416
790,1.01186700712855,9.14802,1.35625579171305
791,1.09548527839789,9.14648,1.33184557893737
792,1.18076104329786,9.13566,1.28931637190938
793,1.2673597668639,9.12181,1.25142029042638
794,1.35502782520248,9.08811,1.17466807771605
795,3.02043046956635,8.57959,1.30767601833356
796,2.92668724686431,8.87109,1.26097133296106
797,2.83300048562364,8.806,1.33240833990802
798,2.73937597880274,8.45547,1.42763753630656
799,2.64582033517986,8.50885,1.44102413690726
800,2.55234112727379,8.55379,1.51200319528122
801,2.45894707242904,8.50952,1.45619659901201
802,2.36564825600799,8.84414,1.35763199370076
803,2.27245640847344,8.96564,1.56432412387348
804,2.17938525203383,9.00509,1.53849231632472
805,2.08645093790035,8.98948,1.54099333996676
806,1.99367260272595,8.98097,1.52904745927724
807,1.90107308343657,8.97973,1.53053325129174
808,1.80867984491068,9.03036,1.40594751975974
809,1.71652619709615,9.08888,1.30802381557105
810,1.62465291073532,9.03725,1.20868642395093
811,1.53311038954026,9.12139,1.04360780150869
812,1.35128631761139,9.13187,1.03701979427039
813,1.26118657289701,9.1403,1.11257760265808
814,1.1717951707785,9.13981,1.15258779719857
815,1.08328747983905,9.13601,1.19717983837579
816,0.995899139875326,9.15338,1.32157724786059
817,0.909952702476855,9.17838,1.2934522061972
818,0.825898441575954,9.18301,1.3774839934304
819,0.744377620541073,9.16539,1.27981674817974
820,0.666320748018047,9.18249,1.28035590745408
821,0.593097064255432,9.18381,1.12600790963309
822,0.526726121556199,9.22915,1.0880009834779
823,0.470119322877715,9.19797,1.02161984894271
824,0.427176122306137,9.17558,1.02330252703598
825,0.402296150001656,9.14178,0.98793472424575
826,0.398873960363351,9.19906,1.00042793072189
827,0.417437625661457,9.20877,0.971432213628811
828,0.455305828528415,9.20222,1.04810977345123
829,0.508181183022511,9.20739,1.04327248808816
830,0.571916360298002,9.19806,1.06862819350242
831,0.643291553408724,9.19444,1.0367040634726
832,0.720038341555258,9.18637,1.07870701678616
833,0.800613449202813,9.17901,1.16252643483132
834,0.883970626147354,9.18162,1.20420595631245
835,0.969392455020363,9.14985,1.26712029741186
836,1.05637819313048,9.14186,1.24803342673088
837,1.14457133159317,9.14069,1.20803046084149
838,1.2337129611058,9.12416,1.21222132948292
839,1.32361146066664,9.1084,1.17431475371039
840,3.00944224140156,8.74419,1.18177112413635
841,2.91534571257089,8.81903,1.2167611570446
842,2.82128235637467,8.78195,1.27857164594066
843,2.72725560519888,8.702,1.39968583183084
844,2.63326938023791,8.6419,1.81943747865685
845,2.53932818139375,8.71674,1.82142374023648
846,2.44543719769178,8.74427,1.31087196715353
847,2.35160244386692,8.8095,1.36890975888513
848,2.25783093061887,8.94991,1.39637833471493
849,2.16413087858147,8.91729,1.42804407643152
850,2.07051198960849,8.95249,1.43102217700392
851,1.97698579400746,8.94455,1.37399748289471
852,1.88356609956069,8.97352,1.36392625310732
853,1.79026957864825,9.04812,1.26075264796135
854,1.69711654525098,9.08826,1.21129737098864
855,1.60413199681572,9.09224,1.13983812088044
856,1.51134703141387,9.1209,0.995249327509966
857,1.32654328802758,9.18408,1.09576881828984
858,1.23463920013215,9.13413,1.17314514567956
859,1.14317378604788,9.13578,1.19207901503852
860,1.05226144413985,9.14947,1.20538696173249
861,0.962058979299951,9.17308,1.30310180206049
862,0.872786516619145,9.18323,1.27136548802246
863,0.784761504308691,9.18754,1.3209922799526
864,0.698455742914065,9.19001,1.21871198640571
865,0.614593948950508,9.16976,1.18934424938227
866,0.534328092538341,9.1896,1.04417778770167
867,0.459546287088565,9.18246,1.03391208482156
868,0.393388561844712,9.19264,0.951828862172918
869,0.340913218159339,9.18724,0.97003343103456
870,0.309167551909001,9.19828,0.914907033717002
871,0.304701196425603,9.19481,0.92388004324277
872,0.328628291790473,9.21568,0.920000059663232
873,0.37556062139047,9.21166,0.967079259150964
874,0.438167202818067,9.19745,0.942829039567656
875,0.510715876024785,9.19527,0.967819637008206
876,0.589547627876035,9.19192,1.00059706621375
877,0.672456389780703,9.19808,1.0474585813538
878,0.758105716830889,9.19995,1.11255688039881
879,0.845663319967583,9.19101,1.10561462547799
880,0.934593020890728,9.16927,1.21046783543913
881,1.02453758826549,9.14971,1.19194507912034
882,1.11525150345212,9.14527,1.16784992372072
883,1.2065612513452,9.11312,1.18702241576509
884,1.2983411268443,9.1137,1.17343794389866
885,1.39049804069444,9.08922,1.13830552985345
886,3.09576774806027,8.05568,1.51983444067989
887,2.90703947303177,8.85406,1.26259009590353
888,2.81269835004581,8.83015,1.27872231481081
889,2.7183747000824,8.63776,1.40142576284788
890,2.62407040737438,8.81761,1.52591282406638
891,2.52978763669599,8.77958,1.49833353242429
892,2.43552888749323,8.74035,1.37058851982873
893,2.34129706102414,8.8074,1.48488176655707
894,2.24709554430128,8.94884,1.41194144568279
895,2.15292831594301,8.87644,1.41434286420425
896,2.05880008088981,8.92991,1.36753756230331
897,1.96471644357823,8.92222,1.30935649153839
898,1.87068413297747,8.9502,1.28527322484709
899,1.77671129849302,9.00761,1.1594043597394
900,1.68280790410671,9.04348,1.10773469600911
901,1.58898626084916,9.02484,1.06440435155501
902,1.49526175746019,9.06784,1.00733313729991
903,1.40165388045358,9.1258,1.09599540912279
904,1.30818766580732,9.13962,1.08112080251109
905,1.21489580971471,9.1484,1.20510780920346
906,1.12182181252927,9.1487,1.22534571889107
907,1.02902479114095,9.17605,1.21001106376561
908,0.936587077431167,9.18743,1.25679303522227
909,0.844626649799527,9.19877,1.23649381820057
910,0.753318320900422,9.19802,1.25246432543801
911,0.66293159433612,9.18723,1.15028836070732
912,0.573902078795652,9.20218,1.11331643508186
913,0.48697472669026,9.14239,0.972280265905155
914,0.403510426056474,9.19477,1.00424993833757
915,0.326178531711764,9.19855,0.920160452134969
916,0.260498937186217,9.17585,0.94601233006692
917,0.217307268890841,9.23089,0.88249207077836
918,0.304439902605732,9.17562,0.893674300262622
919,0.378983339455445,9.21817,0.841510300036715
920,0.460943141811607,9.19443,0.932208557482095
921,0.546995685077726,9.18781,0.920972771018798
922,0.635480503332941,9.20223,1.00074851550847
923,0.725508202469873,9.20032,1.06385918215046
924,0.816568628284229,9.19098,1.04926614341051
925,0.908351247402153,9.1805,1.09555362212272
926,1.0006573558058,9.16787,1.15632400044026
927,1.09335437526522,9.16684,1.14221497567697
928,1.18635067632091,9.13362,1.15126246926427
929,1.27958100783604,9.11423,1.13138262666334
930,2.99631671279305,8.40443,1.14249279120032
931,2.90179459349493,9.02418,1.28217748165336
932,2.80727721705961,8.84945,1.6335649615365
933,2.71276507923551,8.8457,1.43283167406604
934,2.61825874732225,8.86865,1.49913824769159
935,2.52375887355576,8.81296,1.50986814466075
936,2.4292662116132,8.51508,1.46483302154659
937,2.3347816371198,8.82473,1.52143759677662
938,2.24030617333663,8.94119,1.41473647083832
939,2.14584102362238,8.92997,1.39097300581867
940,2.05138761284732,8.94905,1.31966551281388
941,1.95694764077587,8.9156,1.22805747770777
942,1.86252315165348,8.88873,1.1745961440998
943,1.76811662603582,8.94426,1.11133970651564
944,1.67373110361119,8.97975,0.993843163452818
945,1.57937034993029,8.9648,1.01364370850817
946,1.48503908648711,8.98503,1.01394995278243
947,1.3907433140814,9.11223,1.05986659553334
948,1.29649077668988,9.12981,1.15762167622853
949,1.20229164246196,9.15626,1.17715013411787
950,1.10815953009392,9.17025,1.28270020514893
951,1.01411310308772,9.18862,1.26012346691843
952,0.920178634115457,9.20167,1.29721895419231
953,0.826394302148257,9.19865,1.20987457947498
954,0.73281775202008,9.1953,1.19536331111694
955,0.63954019720465,9.18735,1.08279462873997
956,0.546714698099021,9.17741,1.05510099632664
957,0.454618245901533,9.18015,0.924557029531972
958,0.363804932632599,9.17696,0.977519566211844
959,0.275546365646827,9.18309,0.936969313928701
960,0.193372855764922,9.17899,0.883133151425879
961,0.129444251260259,9.19253,0.806239774930678
962,0.249433396661554,9.19439,0.826487623839428
963,0.426616859787196,9.20182,0.872861283258667
964,0.518399117056717,9.18885,0.870706004823462
965,0.611039143744344,9.20315,0.989832274796378
966,0.704198492559164,9.19383,0.982943248577186
967,0.797695236145684,9.21102,1.06132741267019
968,0.891423218078024,9.19216,1.1102721115264
969,0.985316451095679,9.17662,1.18297339279238
970,1.07933180949286,9.18199,1.18253694625636
971,1.17343993978329,9.1804,1.16845357197308
972,1.26762017997752,9.17077,1.23365036162107
973,2.9942182117452,8.68105,1.4169164159633
974,2.8996276862763,8.82856,1.57408540080818
975,2.80503729558193,8.89104,1.65904810793247
976,2.71044705377237,8.93205,1.4619884331088
977,2.52126708383604,8.92781,1.3193235152629
978,2.4266773957552,8.6052,1.48559642117663
979,2.33208793771064,8.88519,1.53686552857761
980,2.23749873887649,8.9745,1.43257904702101
981,2.14290983357779,8.97691,1.35654486014831
982,2.04832126247986,8.98824,1.25498002343038
983,1.95373307412295,8.98874,1.23224027229751
984,1.85914532692548,8.95484,1.1349643275068
985,1.76455809183148,8.97644,1.07661925433672
986,1.66997145585762,8.98752,0.971309630997226
987,1.57538552691797,8.91168,1.02709649690084
988,1.48080044049768,9.0088,1.05504751901771
989,1.38621636905852,9.10594,1.12921520923899
990,1.29163353557641,9.13841,1.22349184981867
991,1.19705223349592,9.14913,1.26363378606811
992,1.10247285695461,9.16874,1.35039769009494
993,1.00789594802137,9.18345,1.29966107693991
994,0.913322273278311,9.20049,1.31663211999295
995,0.818752953464462,9.19039,1.20263016451562
996,0.724189694665312,9.17218,1.12395831995349
997,0.629635227750352,9.18196,1.04100554514973
998,0.535094213481307,9.16,0.948407618612712
999,0.440575312166104,9.16493,0.897134556075035
1000,0.346096641404513,9.15387,0.896905323901022
1001,0.251703507732509,9.14483,0.836043811877183
1002,0.157549730340472,9.23203,0.877753233791459
1003,0.0646890281887362,9.18807,0.818942209550454
1004,0.0379857120216557,9.19287,0.816538504987162
1005,0.128827983682593,9.1491,0.79115849095595
1006,0.411619728922657,9.23736,0.796711580123817
1007,0.50612893688156,9.19277,0.846760060028186
1008,0.600664374981149,9.17286,0.976288493596451
1009,0.695215342973868,9.17504,0.979105658512734
1010,0.789776263224715,9.19964,1.11097044085068
1011,0.884343943221332,9.20071,1.11918497541411
1012,0.978916423901171,9.18859,1.18307100122707
1013,1.07349243647396,9.18873,1.18710498587465
1014,1.16807112303245,9.20771,1.2091509647832
1015,1.26265188269369,9.21754,1.27332410010287
1016,2.99510718453321,8.52956,1.170717492531
1017,2.90054564975555,8.79586,1.52122004204035
1018,2.8059862039756,8.84512,1.65440810526283
1019,2.71142906575096,8.90612,1.47020217820059
1020,2.61687448522258,9.04075,1.63973304872872
1021,2.42777419262275,8.57178,1.48362465176799
1022,2.33322919930968,8.89115,1.55046651312169
1023,2.2386882216534,8.95152,1.33987982653248
1024,2.14415179083483,8.98093,1.34356474564195
1025,2.04962053600731,9.02131,1.22284992052287
1026,1.95509520796756,9.01194,1.16892754832316
1027,1.860576710035,8.94695,1.07323905334337
1028,1.76606613883619,8.81792,1.05150697607483
1029,1.67156483890845,8.90797,0.962514775605156
1030,1.5770744769092,8.97224,0.989444227968733
1031,1.48259714416086,9.07125,1.08007764248852
1032,1.38813550100183,9.13164,1.19093326672547
1033,1.29369298425918,9.16724,1.26666861021223
1034,1.19927411254199,9.13492,1.32631325666271
1035,1.10488494768345,9.1339,1.34923346886958
1036,1.01053381404766,9.15713,1.32150162121719
1037,0.916232460766414,9.17162,1.28274142999952
1038,0.821998020741288,9.19154,1.19160141900897
1039,0.727856483899988,9.16827,1.11191539669421
1040,0.633849246524797,9.16274,1.06472906848683
1041,0.540046446703423,9.15658,0.934330223787972
1042,0.446576928407722,9.15499,0.952458301062549
1043,0.353705007721547,9.16864,0.857674226301909
1044,0.262066791296922,9.21469,0.789129321778507
1045,0.173626797546262,9.18475,0.812034245619047
1046,0.0975141921148839,9.16036,0.80560444774276
1047,0.511361758488717,9.14237,0.899836747933083
1048,0.605080191931045,9.14697,0.900004830441478
1049,0.69903413393202,9.16055,0.982423480153441
1050,0.793139895131375,9.1815,1.11817745618234
1051,0.887349174343488,9.19357,1.15065802277921
1052,0.981632167504342,9.19435,1.22019141975247
1053,1.07596949699451,9.19292,1.19600230884514
1054,1.17034802334951,9.20367,1.21720407183939
1055,1.2647585240534,9.20766,1.28798598314984
1056,1.35919433624684,9.21499,1.26236514617016
1057,3.09342599020716,8.58334,1.06726060866926
1058,2.9989809744729,8.66029,1.01594948344593
1059,2.90454555907182,8.8384,1.41130220834666
1060,2.81012071187509,8.88825,1.58562271603201
1061,2.71570753524879,8.80861,1.87938769220141
1062,2.526921426111,8.82461,1.48243612901147
1063,2.43255161687743,8.89256,1.36949205451777
1064,2.33819980645779,8.91122,1.54411369859568
1065,2.24386826533503,9.01093,1.41961841271896
1066,2.14955966201178,8.98553,1.32197091218016
1067,2.05527715406727,9.02296,1.1882847191511
1068,1.96102450536083,8.99761,1.11547317388427
1069,1.86680623856163,8.93743,1.01490544645243
1070,1.77262783605351,8.85885,1.00720393134559
1071,1.67849600806287,8.95165,0.933526456316787
1072,1.58441905571928,9.0348,0.997960568100712
1073,1.49040737058091,9.11915,1.10685854102839
1074,1.39647413422146,9.1427,1.22012950729561
1075,1.30263631759957,9.15155,1.29498434068774
1076,1.20891614077294,9.11154,1.33104613898465
1077,1.11534325928183,9.11467,1.33966473736731
1078,1.02195813404545,9.13616,1.36264515907757
1079,0.928817398938044,9.15118,1.26605977880255
1080,0.836002741927651,9.17577,1.24541023615763
1081,0.743636268321556,9.15039,1.10007475173246
1082,0.651908510243584,9.1511,1.05651990859466
1083,0.56113278553739,9.16714,0.927158470069412
1084,0.471858868088788,9.17585,0.863812642906651
1085,0.38513253679124,9.19354,0.820139029551403
1086,0.30314821706324,9.14221,0.818180107298406
1087,0.444943802004404,9.2023,0.802962299880217
1088,0.533582876836045,9.14988,0.881638401629836
1089,0.623972657313818,9.14634,0.893313734703939
1090,0.715449899580708,9.16471,1.08482462112442
1091,0.807645176830126,9.16884,1.13552682800714
1092,0.900337934120309,9.1739,1.19746100237661
1093,0.993388922168568,9.18221,1.26896159074654
1094,1.08670612258815,9.18863,1.24953801095026
1095,1.18022639106489,9.20314,1.29934587540627
1096,1.27390500531778,9.20032,1.28579477846243
1097,2.81742679493709,8.88552,1.4505951113876
1098,2.53504383063863,8.47442,1.82754347016342
1099,2.44098805779403,8.79909,1.35316844952094
1100,2.34697542902335,8.97169,1.40059936458173
1101,2.25301134522171,9.02245,1.4106287608661
1102,2.15910214442677,9.02208,1.31345475618856
1103,2.06525531340582,8.98044,1.16677026671884
1104,1.97147975899977,8.90213,1.08600381855162
1105,1.87778615977772,8.84744,0.978056508808189
1106,1.78418742700195,8.84911,0.973849787730775
1107,1.5973412514696,9.07543,0.973830556990534
1108,1.50413744711113,9.11698,1.09224641746629
1109,1.41111847024609,9.11661,1.19264337770194
1110,1.318323444929,9.12651,1.25871448959338
1111,1.22580323255465,9.09455,1.2853965631204
1112,1.13362512125725,9.10317,1.28962569213847
1113,1.04187991499105,9.1275,1.30153512751926
1114,0.950692952582553,9.15257,1.22955640191485
1115,0.860241776496962,9.1712,1.220340519709
1116,0.770785462423434,9.18412,1.12343909964549
1117,0.682715193362582,9.20225,1.08842545765612
1118,0.59664506410851,9.18876,0.948044803958769
1119,0.51358165944096,9.21303,0.857155924665422
1120,0.435249813802779,9.21647,0.870749239783462
1121,0.364711078840113,9.21618,0.778925732056596
1122,0.307378321867736,9.20932,0.778969514548244
1123,0.271742866680753,9.19381,0.803031270702762
1124,0.488968625232982,9.14843,0.846083264469645
1125,0.570811716744434,9.13007,0.848530486068406
1126,0.656092376571596,9.12705,1.03056061839402
1127,0.743628864642937,9.12772,1.09546939013596
1128,0.832710070298819,9.16692,1.21115843348627
1129,0.922888793482793,9.17491,1.33125022766521
1130,1.01387222084804,9.17066,1.32466295283449
1131,1.10546168020003,9.16989,1.3172617672833
1132,1.19751812666287,9.19603,1.29646305203286
1133,2.82787987111577,8.72697,1.33391980492179
1134,2.54665624768857,8.5588,1.46737669240283
1135,2.45304576372422,8.62635,1.50662529944706
1136,2.35951361196997,8.86099,1.37148461300856
1137,2.26606949194635,9.00234,1.32134304177733
1138,2.1727247618372,8.96877,1.24343772499951
1139,2.07949280599458,8.9415,1.2143608493817
1140,1.98638950379275,8.87131,1.06560062983094
1141,1.89343383366966,8.80328,0.942115820969076
1142,1.80064865959578,8.9014,0.980314485485513
1143,1.70806176680919,9.00918,1.01592355846738
1144,1.52362734303183,9.10159,1.06146076280195
1145,1.43187504961219,9.10157,1.16079923803732
1146,1.34051763363326,9.09324,1.28656325280298
1147,1.24964170287874,9.10672,1.31405591630093
1148,1.15936048586182,9.08845,1.29079099483432
1149,1.06982455472568,9.11891,1.24688514709417
1150,0.981237948064776,9.15528,1.25990868269422
1151,0.893882953558736,9.17025,1.19102987566828
1152,0.808159049764059,9.17915,1.1010743899036
1153,0.72464533109677,9.19587,1.05141474259276
1154,0.644201950600344,9.20265,0.941175514847272
1155,0.568134615691009,9.20279,0.942582270972265
1156,0.498450821092306,9.21683,0.860914188100256
1157,0.438206562777144,9.21016,0.828367589739325
1158,0.391780874196872,9.18371,0.819789570535634
1159,0.38113906285742,9.22223,0.783603705356454
1160,0.478811997234945,9.17241,0.866196081710348
1161,0.545986389111003,9.14775,0.863818130103192
1162,0.620352187555559,9.14159,0.941739759616406
1163,0.699619916259968,9.13202,0.99456256982659
1164,0.782300906916503,9.17105,1.21585435087337
1165,0.867419668793199,9.16916,1.28187864817904
1166,0.954324130350042,9.16596,1.38004869790385
1167,1.04256783992197,9.13814,1.36552716961928
1168,1.13183759745951,9.13069,1.4460744520446
1169,1.22190854171595,9.12555,1.37777219367814
1170,1.31261575212475,9.13016,1.27984066046173
1171,2.84144520925639,8.62866,1.15693798007397
1172,2.6548605183161,8.74245,1.65510361586962
1173,2.56171121628407,8.62962,1.37333887031404
1174,2.46867167332347,8.68692,1.40556789210321
1175,2.37575478465602,8.90322,1.2292904357477
1176,2.28297552638533,9.01129,1.25937032851201
1177,2.19035138789302,9.0753,1.26127542424427
1178,2.09790291527696,8.95434,1.15280547185649
1179,2.00565440007056,8.91832,1.05039113919319
1180,1.91363475988219,8.85579,1.03662335708951
1181,1.82187867517254,8.95986,1.02744700379197
1182,1.73042807159954,9.01971,1.07743062883709
1183,1.63933407395292,9.03688,1.01958823568473
1184,1.54865961146361,9.03055,1.11838433353959
1185,1.4584829342321,9.05894,1.2040547465509
1186,1.36890242085625,9.05738,1.25509339417961
1187,1.2800432404095,9.1021,1.25763159823127
1188,1.19206671286558,9.12942,1.30824848776782
1189,1.10518364520942,9.13108,1.19250155119113
1190,1.01967358623569,9.16297,1.20125069368696
1191,0.93591294809254,9.16121,1.15486508590278
1192,0.854416386465011,9.175,1.15776594597807
1193,0.775897652802692,9.16423,1.04319320141003
1194,0.701357587042208,9.19919,1.03075827100333
1195,0.6322050721805,9.18603,0.939099118100866
1196,0.570402956507042,9.20469,0.912155030573259
1197,0.518585868883196,9.18408,0.89118622052207
1198,0.479998505342304,9.18074,0.848748864903476
1199,0.457997072008647,9.21532,0.820822913400063
1200,0.454994024046781,9.22099,0.863330097360376
1201,0.471352624878883,9.20153,0.864142177376091
1202,0.505195529626188,9.16908,0.890913561944298
1203,0.553323811561095,9.15606,0.895821785046529
1204,0.612378517617047,9.15584,0.965530728669828
1205,0.679516849201952,9.14542,0.985361862117689
1206,0.75257846034283,9.15259,1.15024847935003
1207,0.830000614883365,9.15218,1.20402820666204
1208,0.9106718363679,9.15292,1.35414912603716
1209,0.993801216296672,9.13828,1.37454310236708
1210,1.07882065821152,9.13808,1.34955376338898
1211,1.16531654873999,9.11236,1.41895171603257
1212,1.25298315873071,9.09897,1.36228072294767
1213,1.34159100491558,9.09484,1.3358533786957
1214,2.67265526669081,8.89754,1.55494128721669
1215,2.48779855163681,8.62295,1.3065229527344
1216,2.39562363481255,8.83314,1.09919082927709
1217,2.30364473322839,8.9878,1.16053531952757
1218,2.21188630026532,8.94425,1.15124522527809
1219,2.12037695818081,8.92218,1.08183025535695
1220,2.02915040728353,8.87379,1.11437140822298
1221,1.93824657798895,8.90609,1.05485070984389
1222,1.84771310270425,8.98433,1.10549935303605
1223,1.75760721261499,9.08347,1.12769208688201
1224,1.66799820409964,9.07837,1.08827151756217
1225,1.57897067579963,8.99867,1.15154319223488
1226,1.49062881774867,9.05241,1.18298257734439
1227,1.40310214905495,9.06372,1.21623736884561
1228,1.31655326522499,9.10315,1.28252151774514
1229,1.2311883896377,9.14267,1.25502429160364
1230,1.14727184768689,9.14944,1.21586572912959
1231,1.06514601126948,9.16717,1.17222791968928
1232,0.98525877274135,9.14941,1.13746073473485
1233,0.908201059411654,9.14428,1.15017766976762
1234,0.834756833144389,9.1327,1.04136311451663
1235,0.76596623147381,9.16149,1.04366123801076
1236,0.70319631408823,9.1868,1.01169559078612
1237,0.648198531044692,9.18994,0.981320646995135
1238,0.603102898568612,9.16655,0.952546332241848
1239,0.57026341982225,9.17794,0.919081572705756
1240,0.551872377298426,9.23067,0.933357565858805
1241,0.54938271248266,9.22753,0.930958669181249
1242,0.563005417235692,9.19337,0.882529525186819
1243,0.591628537184277,9.16389,0.982327910399145
1244,0.633221164599716,9.15241,0.998266450286366
1245,0.685426328422956,9.1579,1.10130131899754
1246,0.746019404041122,9.1549,1.11543485434477
1247,0.813127383519032,9.15395,1.24180807818091
1248,0.885269915654704,9.14804,1.25051122126424
1249,0.961314202750696,9.15864,1.33676464098805
1250,1.04040504630133,9.14322,1.32324165373635
1251,1.12189830886782,9.12181,1.39926422223182
1252,1.20530679149493,9.10571,1.37054548118906
1253,1.29025912084329,9.1204,1.37971874813115
1254,1.37646947925732,9.12089,1.3334409717442
1255,1.46371559629823,9.11569,1.28299529295633
1256,2.51034637599971,8.60489,1.2550843467968
1257,2.41903077567053,8.83223,1.02877450162846
1258,2.32797687937392,8.93815,1.0668015695641
1259,2.23721664111236,8.96771,1.10021781730712
1260,2.14678730636101,8.84821,1.17445367178845
1261,2.05673252255795,8.78166,1.09365543582702
1262,1.96710373164573,8.81402,1.05853794669435
1263,1.87796192822795,8.95021,1.10194192356577
1264,1.78937989476938,9.06074,1.10823462575628
1265,1.70144506312966,9.07148,1.08309739734007
1266,1.61426320313752,9.02712,1.11817518924632
1267,1.52796320841553,9.00953,1.21250056374474
1268,1.44270334256606,9.08557,1.21287857225862
1269,1.35867943023483,9.09468,1.21685061621139
1270,1.27613562944827,9.12894,1.18782685391272
1271,1.19537859545148,9.17107,1.18001475881178
1272,1.11679600612285,9.17163,1.24535929134396
1273,1.04088046539094,9.18122,1.20959217194044
1274,0.968259499455137,9.17876,1.23270623832104
1275,0.899731217892273,9.1495,1.11462204450086
1276,0.836302314792237,9.14982,1.12230762129944
1277,0.779219064266228,9.16873,1.12935117630945
1278,0.729971663571375,9.14527,1.06794782012324
1279,0.690239378933515,9.17405,1.03019948614965
1280,0.661738363672556,9.20275,1.03919456710676
1281,0.645956975961773,9.2069,1.01692277633075
1282,0.643831234675259,9.21298,0.941709117217729
1283,0.655494007451936,9.19323,0.960013690922259
1284,0.680236444171782,9.19359,1.09875022489654
1285,0.716705195506272,9.1792,1.13912617200572
1286,0.76322116431873,9.16823,1.2347456016637
1287,0.818072273808698,9.1692,1.25155226002169
1288,0.879700764917918,9.1651,1.3114405841123
1289,0.946784092352607,9.15587,1.25899678367842
1290,1.01824471045956,9.15596,1.360716018138
1291,1.0932245672038,9.14438,1.27705287747477
1292,1.17104786811177,9.1174,1.3334669466597
1293,1.25118414136069,9.1214,1.3177252298214
1294,1.33321637136961,9.15035,1.33715218263525
1295,1.41681527423147,9.10589,1.33643841550975
1296,1.50171922835641,9.12263,1.27829435414415
1297,2.44587462448956,8.79274,1.35323468598518
1298,2.35585847112689,9.00433,1.05354867347163
1299,2.26621514520376,8.90207,1.10885768445712
1300,2.17699070366264,8.6801,1.15844089295104
1301,2.08823884036965,8.73541,1.0594005347204
1302,2.00002246890762,8.759,1.11506333823196
1303,1.91241569460054,8.90662,1.04980147318863
1304,1.82550628398965,9.052,1.06036263333369
1305,1.73939877196952,9.11556,1.11605473977201
1306,1.65421838766368,9.03546,1.09586368992991
1307,1.57011603117486,9.02573,1.13449689349016
1308,1.48727459459647,9.04948,1.21119722992571
1309,1.40591698873868,9.10405,1.20218873603448
1310,1.32631630082275,9.14147,1.22109308231899
1311,1.24880854078773,9.17732,1.22573816308243
1312,1.17380837634289,9.1832,1.25756768799018
1313,1.10182799397785,9.17192,1.24399520253581
1314,1.03349854541064,9.16841,1.27550390485399
1315,0.969592207853754,9.15636,1.25188724468341
1316,0.911040255316777,9.14752,1.16750556441719
1317,0.858938376833135,9.15258,1.17354150175233
1318,0.814525269526959,9.15521,1.15921465476072
1319,0.779116926597882,9.16174,1.12755930070526
1320,0.753983054873806,9.17824,1.10810431252811
1321,0.74017106122469,9.20404,1.03993789801988
1322,0.738316628435438,9.19209,1.01641471809639
1323,0.748508636480705,9.19637,1.10696655499824
1324,0.770269047190834,9.19164,1.15877889187097
1325,0.802657537400907,9.17836,1.1850696490987
1326,0.844452089076013,9.16291,1.32118091900664
1327,0.894334965354335,9.15953,1.31318333381546
1328,0.951034290064231,9.16501,1.35865051588683
1329,1.01340658307155,9.15333,1.28950318639763
1330,1.08046984014348,9.15969,1.32981572295018
1331,1.15140468099567,9.13448,1.26350727251324
1332,1.22553902201845,9.1368,1.27504703829484
1333,1.30232658756292,9.13691,1.28361324467359
1334,1.38132497189067,9.14155,1.34926558276632
1335,1.46217588079423,9.1495,1.2620185164552
1336,2.21083169871126,8.70248,1.11761642646094
1337,2.12349469757316,8.76099,1.13297217868673
1338,2.03680587006428,8.75313,1.02887201325006
1339,1.95085162561057,8.94091,0.975100915750516
1340,1.86573349358333,9.06248,0.995681335596741
1341,1.78157131884245,9.10835,1.00499788588142
1342,1.69850721231249,9.12826,1.07789162990463
1343,1.61671043404353,9.06367,1.15346340358955
1344,1.53638341436148,9.0353,1.09651563137913
1345,1.45776913652916,9.09475,1.10790404542086
1346,1.38116009427621,9.09811,1.17082264647589
1347,1.30690896688993,9.16544,1.24332511754727
1348,1.23544096603832,9.18885,1.29262650369855
1349,1.16726740916818,9.16953,1.30761200153154
1350,1.10299932890227,9.17023,1.27645286364817
1351,1.04335867549164,9.15401,1.26937649103063
1352,0.989182805653538,9.15141,1.2898137634089
1353,0.941415642205762,9.14725,1.21632613843111
1354,0.901076961691348,9.14117,1.22913171888516
1355,0.869201623045123,9.14685,1.19562291390502
1356,0.846745961448758,9.16479,1.14829902056249
1357,0.834470776041576,9.18199,1.10893792213688
1358,0.832826344454364,9.18295,1.13138730577629
1359,0.841874964041068,9.18817,1.16398394066726
1360,0.861279676558794,9.17975,1.15350310985823
1361,0.890363632758793,9.17739,1.30668057653042
1362,0.928217435161497,9.1632,1.35901766484118
1363,0.97381892898438,9.15723,1.36431084974719
1364,1.02613571084478,9.15072,1.43024905881195
1365,1.08419609794801,9.16539,1.33420702214687
1366,1.14712830653446,9.16717,1.28113040401854
1367,1.21417503499771,9.16031,1.241268885087
1368,1.28469224745963,9.14276,1.18151897854273
1369,1.35813946885665,9.15935,1.12062786966516
1370,2.16231669695408,8.92506,1.03717498333369
1371,2.07724864174547,8.69382,0.933175484422797
1372,1.99303934543513,8.87123,0.944642212433418
1373,1.90980240768089,9.05872,0.835130854857151
1374,1.66737410164915,9.11367,1.00943122721362
1375,1.58960931150711,9.08722,1.10759338445048
1376,1.51376174569252,9.02167,1.0241316041333
1377,1.44013435947003,9.11529,1.12235203863664
1378,1.36908539362686,9.15541,1.19426977089324
1379,1.30103733531009,9.17677,1.21259843510939
1380,1.23648573457654,9.184,1.25203568889865
1381,1.17600649949903,9.165,1.32034330092183
1382,1.12025938649437,9.16611,1.26164680394793
1383,1.06998429442011,9.15238,1.30623406883588
1384,1.02598595443348,9.14475,1.33175435864564
1385,0.989102349707046,9.13099,1.31295903251788
1386,0.960153752692434,9.14611,1.29756813216003
1387,0.93987365668736,9.15673,1.26705360265436
1388,0.928830040089422,9.16645,1.21214401034695
1389,0.92735294646769,9.16831,1.18024173199587
1390,0.935487692267641,9.1489,1.13996252653598
1391,0.952988168110344,9.17717,1.18959719036787
1392,0.979352421676958,9.17408,1.31422360316226
1393,1.01388923174224,9.16746,1.32300915767225
1394,1.05579689038819,9.15817,1.41997504597703
1395,1.10423650744576,9.15639,1.39224314262537
1396,1.15838894422849,9.1709,1.39505489185573
1397,1.21749214328377,9.16965,1.26757033985206
1398,1.28086095377944,9.17226,1.17808707615336
1399,1.34789388973612,9.17053,1.07337091254339
1400,2.20451644501547,8.94096,0.937331302959355
1401,2.1211414799703,9.0836,0.985448232728473
1402,2.03874596035644,8.92602,0.828156839596243
1403,1.57345285316698,9.07143,1.01708584259534
1404,1.50275288445685,9.07218,0.958459357403923
1405,1.43480802669194,9.13042,1.10367266965275
1406,1.37002825017881,9.16605,1.2119035072232
1407,1.30888358161776,9.20427,1.23365658629798
1408,1.25190676381318,9.1781,1.25314459660655
1409,1.19969177351767,9.18453,1.32766522634237
1410,1.15288579170832,9.16741,1.36624515162826
1411,1.11217194583931,9.14335,1.36975007707073
1412,1.07824056527902,9.12106,1.3662237687008
1413,1.05174830032028,9.12509,1.32430435059081
1414,1.03326751083739,9.14471,1.28884471262566
1415,1.02323237917383,9.15131,1.24596250187234
1416,1.02189174854264,9.14815,1.19316122123585
1417,1.02927959311426,9.15133,1.17034082920274
1418,1.04521084331131,9.14281,1.23972755233995
1419,1.06930371001963,9.16,1.28086178420288
1420,1.1010225395786,9.15526,1.29311243927159
1421,1.13973081566245,9.16683,1.39257580054971
1422,1.18474365277609,9.16997,1.37142259548156
1423,1.23537209152871,9.18242,1.37291234938681
1424,1.29095560627581,9.16664,1.21372900074006
1425,1.35088268970107,9.17387,1.14184216934232
1426,1.41460142669418,9.18049,1.05970951284592
1427,2.41600023505701,8.57731,1.20917543984578
1428,2.24990388814123,8.96131,0.846799589730566
1429,2.16827487362188,8.93914,0.909644850798348
1430,2.08774036709527,9.0138,0.906081535254662
1431,1.63643778698387,9.11091,0.818259088928558
1432,1.56857928753148,9.12543,0.940893330914902
1433,1.44192654314198,9.14917,1.04206506267034
1434,1.33020498225294,9.15889,1.22584610932727
1435,1.28118503775815,9.16543,1.32317262173389
1436,1.237465311939,9.16431,1.33549646663096
1437,1.19962543597632,9.13849,1.37504971649085
1438,1.16823690497373,9.11906,1.38119377079745
1439,1.14383094762992,9.12956,1.40829396318498
1440,1.12686134838385,9.14904,1.3772939036899
1441,1.11766687851037,9.14965,1.33684844774883
1442,1.11643965142273,9.14936,1.30827731824706
1443,1.12320578271786,9.1404,1.27558822453072
1444,1.13782268236527,9.11834,1.28121829442506
1445,1.15999360937512,9.1145,1.23553637662583
1446,1.1892961709303,9.12951,1.32993105931813
1447,1.22521878931886,9.13941,1.32521526263039
1448,1.26719859229823,9.14123,1.27514710831918
1449,1.31465545070082,9.15425,1.28677729109933
1450,1.3670190660354,9.15264,1.20403272443527
1451,1.42374814867777,9.17122,1.22793890488987
1452,2.62748910003602,8.83704,1.35406044765348
1453,2.29829017891878,9.13456,0.782135784532794
1454,2.21844228417633,8.64034,0.83620951684483
1455,1.63722668617216,9.1409,0.803646267694341
1456,1.46130805116492,9.09502,1.06837941499245
1457,1.41050187360814,9.11702,1.15836279595804
1458,1.36436994309346,9.13497,1.22199135306589
1459,1.32340116325089,9.14311,1.31335997746748
1460,1.28808828396305,9.14043,1.36090890213001
1461,1.25890734638579,9.11622,1.41325854763349
1462,1.23629263420821,9.13739,1.43229599079143
1463,1.2206091672288,9.13935,1.39532461079766
1464,1.21212602148482,9.14336,1.37951513833025
1465,1.2109945234849,9.12805,1.35299547926498
1466,1.21723517488296,9.10658,1.31699818754794
1467,1.23073583564728,9.09229,1.33494483863499
1468,1.25126152919069,9.05752,1.26566585125562
1469,1.27847394296129,9.06686,1.31443143065899
1470,1.31195705811642,9.05426,1.27559258618865
1471,1.35124480127182,9.06837,1.288796636909
1472,1.39584712440113,9.11711,1.21750856495636
1473,1.44527207388291,9.15486,1.25211503236199
1474,1.49904270503041,9.14818,1.17909003214329
1475,1.55670876742443,9.14244,1.10510893838009
1476,2.75532098609499,8.46683,1.3651136076537
1477,2.67238932466094,8.22096,1.22166625476944
1478,2.59025696791267,8.41638,1.14532615488538
1479,2.50900241295035,8.71948,1.04988703646864
1480,1.54058007002332,8.88889,1.05586005912818
1481,1.49247487992452,9.01739,1.1098443707507
1482,1.44895516610091,9.10406,1.16339817643113
1483,1.41044545114211,9.14305,1.24334271382005
1484,1.37736602217295,9.12553,1.30484016190843
1485,1.35011608335645,9.12976,1.35316841061377
1486,1.32905425365225,9.11443,1.39418039036984
1487,1.31447802221134,9.12328,1.4171409615379
1488,1.30660446337608,9.11692,1.48382999653411
1489,1.3055548505,9.11173,1.45402461789463
1490,1.31134556953002,9.10375,1.42441297918294
1491,1.32388686408623,9.06198,1.38052087732445
1492,1.3429896299623,9.02431,1.30219271569322
1493,1.36837909754009,8.97451,1.33339364318268
1494,1.39971320422976,9.06108,1.26302008855538
1495,1.43660302266067,9.05979,1.23110749014307
1496,1.47863278959062,9.11126,1.27272623146359
1497,1.52537769070466,9.13651,1.18321274478862
1498,1.57641833383735,9.10892,1.04820089529321
1499,1.63135156184366,9.02408,1.13431286251871
1500,1.68979778805426,9.02701,1.11098115054502
1501,1.75140535051386,9.03137,1.07555892386253
1502,2.80136662350384,8.72415,1.42889390416271
1503,2.63918403728992,8.2372,1.07570232224474
1504,2.55948321562312,8.60025,1.0313936669809
1505,1.67124185894153,9.02426,0.856225631958968
1506,1.62149565988283,8.98602,0.976758036380322
1507,1.57586245912247,8.91694,1.06041921073433
1508,1.5347091894676,9.05975,1.09609335461754
1509,1.49840501651364,9.09729,1.22561094681224
1510,1.4673099133797,9.14035,1.2420675098982
1511,1.44176095848222,9.14602,1.35528392981338
1512,1.42205711278307,9.11645,1.37576750383944
1513,1.40844371337389,9.11044,1.43872223355597
1514,1.40109830011319,9.1094,1.42719185782208
1515,1.40011952722968,9.1059,1.44232587431167
1516,1.4055206955402,9.09257,1.39691378221967
1517,1.41722886358057,9.08141,1.37203139106878
1518,1.43508967282609,9.02893,1.37505912805943
1519,1.45887716324934,8.99134,1.34203280617918
1520,1.48830718501287,9.02487,1.4230176273458
1521,1.52305268050175,9.06375,1.34799347010638
1522,1.56275914629169,9.10981,1.24380620825621
1523,1.60705890438567,9.11576,1.17323928781753
1524,1.65558327671076,9.01291,1.15822933699591
1525,1.7079722308034,8.97586,1.07134474997083
1526,1.76388145502437,9.09848,1.02696686696423
1527,1.8229870884552,9.00908,0.95241363698638
1528,1.88498847558334,9.05783,0.83720977692398
1529,2.84980905908786,8.61677,1.35878440188103
1530,2.69054810339155,8.37971,1.40309675219775
1531,2.61241479191847,8.40122,1.00806074315133
1532,2.10366785276767,8.98747,0.780870351083276
1533,1.75122987213452,8.93954,0.779962383105075
1534,1.70382067395509,8.96733,0.986519291432249
1535,1.66045150608184,8.96467,1.00906062605383
1536,1.62144657951295,9.01218,1.08731807382707
1537,1.58712769098494,9.04733,1.15516055438263
1538,1.55780457563851,9.11674,1.1822321069323
1539,1.53376379386837,9.15966,1.29704203064663
1540,1.51525679209659,9.12827,1.34178457232118
1541,1.50248807240536,9.11852,1.40290176498052
1542,1.49560461371247,9.10875,1.46864027962458
1543,1.49468772809166,9.10764,1.43257741031417
1544,1.4997483587488,9.10079,1.43990261011001
1545,1.51072643643507,9.08335,1.43698208742941
1546,1.52749438068689,9.07443,1.43191052506227
1547,1.54986428161577,9.04462,1.46226743519814
1548,1.5775978546318,9.04937,1.42773404891859
1549,1.61041801454203,9.09169,1.37660303427178
1550,1.64802089285794,9.09417,1.27624136974888
1551,1.69008728654564,9.104,1.17062596881033
1552,1.7362928036775,9.01577,1.14235063715588
1553,1.78631628083424,9.10297,1.05591410896572
1554,1.83984632547308,9.0276,0.958558883674479
1555,1.89658604831215,8.90325,0.900464724329075
1556,1.95625618645921,8.93567,0.870866873578244
1557,2.90052820678395,8.43409,1.32073867492976
1558,2.30501743131355,9.12877,0.824104650887762
1559,2.17188181995665,8.96451,0.788884557472038
1560,2.10852946792922,8.89385,0.805718440139426
1561,1.78736037051482,8.96086,0.841412986106877
1562,1.74606741254154,8.84588,0.996429711236368
1563,1.70901761702574,8.86714,1.04455832432648
1564,1.67649232404484,8.95793,1.1151278114984
1565,1.64875932172356,9.12226,1.13966215695886
1566,1.62606383038046,9.10133,1.18670544965887
1567,1.60861908203432,9.0935,1.31836287630392
1568,1.59659719804666,9.11058,1.32594022929082
1569,1.5901211795483,9.08881,1.40082857714789
1570,1.58925882397987,9.09128,1.37331055709702
1571,1.59401924224892,9.09739,1.38930753456487
1572,1.60435238362209,9.10053,1.40150443198408
1573,1.6201516250401,9.09494,1.4211646486473
1574,1.64125911924914,9.08766,1.42714546314867
1575,1.66747329694629,9.07766,1.39626239364632
1576,1.6985577372146,9.0842,1.33384210666896
1577,1.73425057831513,9.10652,1.34118561784925
1578,1.77427372218417,9.10339,1.25205380545691
1579,1.81834125102862,9.10191,1.14314869143572
1580,1.86616667537054,9.08241,1.02914419474653
1581,1.91746882802482,9.01785,0.930454149261343
1582,1.97197638011777,8.73714,0.890652480913983
1583,2.02943107105169,8.6239,0.860570509506659
1584,2.57893802104746,8.23859,0.975613986000246
1585,2.30557757403756,9.02886,0.832262342151243
1586,2.24201211773274,9.08121,0.860658716662193
1587,2.18069810228929,8.7237,0.813372867132831
1588,2.12183071466786,8.72981,0.828930821782922
1589,2.06561914233962,8.76167,0.785748781113596
1590,2.01228596173704,8.80998,0.801482181383142
1591,1.96206590957597,8.92967,0.794303909345211
1592,1.79730045109507,8.94926,0.934644849691062
1593,1.7664014857284,8.95126,0.999280284364973
1594,1.74010200769167,9.07052,1.07685491590139
1595,1.71861318413242,9.09326,1.17532607600082
1596,1.70211722489585,9.1038,1.28197661737003
1597,1.69076027544199,8.98329,1.24883496361523
1598,1.68464627202576,8.9751,1.32075566499465
1599,1.68383232710389,8.96313,1.36548000842938
1600,1.68832610619573,9.05498,1.29261743803375
1601,1.69808547106325,9.07084,1.33121208096762
1602,1.71302042729277,9.07917,1.37647414924085
1603,1.73299717043066,9.09061,1.39294431204377
1604,1.75784381906675,9.07991,1.38130587591931
1605,1.78735729020635,9.05277,1.34013344527193
1606,1.82131072708327,9.08216,1.27054250682709
1607,1.85946092656864,9.11724,1.20762940981595
1608,1.90155531115836,9.09501,1.13021454534736
1609,1.9473381207345,9.03668,1.00053454951467
1610,1.99655563474928,8.94337,0.933717566719009
1611,2.04896035587431,8.64271,0.881696011781769
1612,2.10431418004827,8.77557,0.836682361786462
1613,2.25452598136337,9.00811,0.906043274531275
1614,2.19763708765171,8.87315,0.837654464539033
1615,2.14341447893641,8.83044,0.885555274055569
1616,2.09206548155604,8.91062,0.932526800128896
1617,2.04380669850026,8.86164,0.986194370170982
1618,1.99886196463461,8.85828,1.00555031495787
1619,1.85677607591703,8.89049,0.897008070809742
1620,1.83177459980395,8.90864,0.930924464712925
1621,1.81137364008317,8.91585,0.998801025950462
1622,1.79573000047377,9.0469,1.06299662484577
1623,1.78496876620489,8.92183,1.15787433758343
1624,1.77917853212225,8.83015,1.16362433015244
1625,1.7784078534224,8.79414,1.1804521280502
1626,1.78266324026059,8.88475,1.23901333300981
1627,1.79190888561625,8.98916,1.19223246809358
1628,1.80606815254482,9.02793,1.27917287986443
1629,1.82502667926664,9.07538,1.34779175419489
1630,1.8486368165612,9.0518,1.36036888473877
1631,1.87672301370452,9.03096,1.33503572373378
1632,1.90908772766024,9.09724,1.29584244841005
1633,1.94551744395928,9.13808,1.25440712858576
1634,1.98578845517566,9.13881,1.05471738746101
1635,2.02967212716244,8.80424,0.933987475031871
1636,2.07693947672133,8.85264,0.919892843765782
1637,2.8458202353746,8.85981,1.03378270136431
1638,2.27485108247744,9.13866,0.925298751198399
1639,2.17303397523942,8.91371,1.03704203024802
1640,2.12661338735113,8.9471,1.1086644841425
1641,2.08345574277195,8.66091,1.14442770703414
1642,2.04376775980784,8.6259,1.09862746090541
1643,1.97561908708319,8.89045,0.974247160067426
1644,1.94755130215467,8.94563,0.969844748841795
1645,1.92372993502555,8.85877,0.891773917567203
1646,1.90431434968459,8.86728,0.926641743512201
1647,1.88944037032874,8.93381,0.963280624104485
1648,1.8792158403849,8.84613,0.991548863580172
1649,1.87371687498169,8.58502,0.971225614840552
1650,1.87298509645458,8.53096,0.967223969382662
1651,1.87702608042693,8.76255,1.0008915370121
1652,1.8858091453742,8.97833,1.07194914416946
1653,1.89926850394123,9.10638,1.1851131990021
1654,1.91730567684486,9.16197,1.30136544340102
1655,1.93979296781178,9.11493,1.26071403674023
1656,1.96657772503267,9.08537,1.24798788841196
1657,2.30278059668727,9.11414,0.992971268251246
1658,2.25506337540289,8.95376,1.05708932837903
1659,2.21036618432324,8.87826,1.15738013148862
1660,2.16887574600945,8.72416,1.19226904525477
1661,2.1307793939234,8.61364,1.15308461775603
1662,2.09626218317777,8.82341,1.06970111349334
1663,2.06550355767935,9.00383,1.00385925715788
1664,2.03867364824853,9.05326,0.982678522739818
1665,2.0159293222859,8.91665,0.977859895393519
1666,1.99741015115907,8.85902,1.01282551737387
1667,1.98323450014532,8.89952,1.03580614786531
1668,1.97349597017378,8.8714,1.04672892752706
1669,1.96826042411308,8.59536,0.899726165945619
1670,1.96756380864245,8.77284,0.847463833670522
1671,1.97141093538144,8.7871,0.813062926062776
1672,1.97977531611938,8.98002,0.898100726412157
1673,1.99260006514148,9.04009,1.0150029746794
1674,2.00979979798988,9.17471,1.20047956710804
1675,2.03126338211239,9.18942,1.32635306031015
1676,2.0568573402483,9.15689,1.23767185964724
1677,2.3840990199927,8.69915,0.888180997122314
1678,2.33804202009593,8.34584,1.02742731126266
1679,2.29496150936143,8.52153,1.13723828955254
1680,2.25502808458761,8.72082,1.165507841023
1681,2.21841170349856,8.88377,1.13898183245696
1682,2.18527911289886,8.94167,1.06825411997186
1683,2.15579094706255,9.0811,0.980923314817121
1684,2.13009856690102,9.14622,0.975453270171281
1685,2.10834074406934,9.09869,0.971558679509971
1686,2.09064032597768,9.06418,0.981761618844869
1687,2.07710104309286,9.0204,0.938132747916944
1688,2.06780463413325,8.92711,0.938044226502819
1689,2.06280846366806,8.81053,0.912502353931575
1690,2.0621437878408,8.88584,0.909735540186847
1691,2.06581478763037,8.86953,0.810269279705785
1692,2.42187234170118,8.79572,0.940121409579792
1693,2.38030953474824,8.67544,1.025452485044
1694,2.34183193548166,8.73721,1.05171307311049
1695,2.30659394735664,9.03632,1.04598966026726
1696,2.27474612935926,9.05787,1.0031051170067
1697,2.24643267408568,9.10928,0.96608894397425
1698,2.2217887065328,9.14174,0.943871438906919
1699,2.15736040325754,8.97997,0.890957897111187
1700,2.156724867361,8.90878,0.853673458555859
1701,2.16023514658827,8.85815,0.811318388253516
1702,2.46633211958334,8.5088,0.879886315944812
1703,2.42921745772519,8.69784,0.879987730624578
1704,2.39526538839799,8.84002,0.875261226183586
1705,2.36461214492145,9.01562,0.900040709078796
1706,2.33738751645396,9.08115,0.909357035303874
1707,2.25649325272223,9.1168,0.811325121809546
1708,2.2519157516254,9.07474,0.822730994245857
1709,2.25130690852411,8.83771,0.840129909063207
1710,2.59175662753266,8.85626,0.844380700388188
1711,2.45483334055435,9.03103,0.898954707481832
1712,2.42862029474803,9.05585,0.926814895701839
1713,2.64013671675825,8.98354,0.785388822840297
1714,2.60549903396708,8.94853,0.90397948775766
1715,2.98444539500578,8.66993,1.34327845814215
1716,2.5472395672872,9.09112,0.805454583351345
1717,2.75389429054186,9.14048,0.928281831859667
1718,2.72727484469969,8.98596,1.10300595655834
