0,2.73036551367554,-0.635321888164992,1.24537735246689
1,2.7002027076146,-1.30554205345041,1.17608860831366
2,2.61052578403138,-0.974003789386803,1.28981923564384
3,2.59625136467829,-0.290776278959278,1.57082771758907
4,2.71262432913075,-0.808439259071984,1.20247175232419
5,2.67558191665071,-0.705100507017951,1.39514320723709
6,2.64140907955142,-0.905314789902635,1.45812007249396
7,2.61021852523447,-1.05573873637799,1.44805284046506
8,2.58211832891714,-1.340316702193,1.34254356032916
9,2.55721036887751,-1.80874743305436,1.37444045580953
10,2.53558872216525,-1.03064225279186,1.45751624084761
11,2.51733806954105,-0.865604352923054,1.6240375586148
12,2.50253216480066,-0.752351887720322,1.59984071716013
13,2.49123242722859,-0.696261072941126,1.61286348643528
14,2.48348671593,-0.84581986346358,1.64260503307145
15,2.71131759837835,-1.60086651988166,0.95946640148767
16,2.66755693074546,-1.16944345266675,1.17578450431415
17,2.62647526723025,-1.37714910658414,1.31828029334994
18,2.5882001798718,-1.03190249697731,1.48984019362925
19,2.55285790907305,-1.01141678375855,1.57590749064736
20,2.52057182557001,-1.11980364992448,1.57755835057085
21,2.49146074480615,-1.25345635191779,1.54746957100427
22,2.4656371284264,-1.06001674385301,1.53177112923837
23,2.44320521986012,-0.991666944706507,1.58293429318699
24,2.42425917235365,-0.854326484630811,1.56657374699803
25,2.40888123705633,-0.788401789663942,1.59438256885014
26,2.39714008452894,-0.760859920110214,1.61655897208928
27,2.38908933415662,-0.771611455760072,1.56869626957057
28,2.38476636159993,-0.941950714123684,1.57955178666677
29,2.94911585821441,-1.23597150053545,0.988499745377739
30,2.8904200833081,-1.13664330327396,1.06936944542087
31,2.83366682267377,-1.19781185595255,1.04807452686608
32,2.67627704477482,-1.07784302897737,1.06171031397115
33,2.6285319455484,-1.03104241224184,1.21533806396681
34,2.58336932091801,-1.30515321596961,1.2894589057214
35,2.54092687790587,-1.16660687088797,1.48945587226062
36,2.50134308733942,-1.10054133447754,1.64274839246697
37,2.46475568229573,-0.958868354045324,1.67243645635922
38,2.43129993981607,-1.02265663271936,1.70582476978727
39,2.40110676822216,-1.06744298769556,1.68017915744396
40,2.37430063778096,-1.10094550071413,1.6526291134884
41,2.35099740872763,-0.97679884773752,1.55322380890304
42,2.3313021263305,-0.891912066095058,1.57851743527818
43,2.31530686599732,-0.805105742916124,1.59827975378913
44,2.30308872046816,-0.799134990257074,1.55447476717095
45,2.29470802414451,-0.81975512085916,1.55295352631637
46,2.29020690526224,-0.978186663528455,1.59124449074017
47,2.2896082444079,-1.0889475636365,1.69635758377443
48,2.29291509828047,-1.1737757243687,1.68096035573976
49,2.87630264502471,-1.163636758939,1.19454520414577
50,2.81608963255704,-1.25796409790798,1.22910613579808
51,2.75780714019789,-1.90940165378408,1.14488277955843
52,2.70158011496418,-1.82026113531925,1.15572062544816
53,2.5465688188959,-1.44111737919444,1.30027594886495
54,2.49992592067541,-1.27284608639927,1.44702483930522
55,2.45604192950139,-1.13952311815479,1.55188877163919
56,2.41506724568596,-1.16893421597615,1.72004234731091
57,2.37715231611555,-1.08531863420479,1.79581109288023
58,2.34244572145312,-1.04489013048146,1.81005867062992
59,2.31109200877133,-1.04256101364881,1.67119763041483
60,2.28322930937116,-1.03728717650781,1.61803442686661
61,2.25898680307089,-0.986024953878747,1.58243849394427
62,2.23848211179753,-0.913741337782789,1.58265841161109
63,2.22181872445498,-0.874542502409776,1.54085216801611
64,2.20908356902859,-0.8481484209594,1.53855447964566
65,2.20034485403484,-0.891203757189645,1.55383433180499
66,2.19565029763741,-0.990404844772927,1.58788735226024
67,2.19502584801752,-1.01174171333358,1.61808187105941
68,2.19847497336835,-1.04368030505531,1.62719772911875
69,2.20597856623791,-1.03580184124547,1.63021258745693
70,2.21749546831268,-1.14276382483335,1.5805023337131
71,2.86836129798631,-1.06282813635127,1.25928423920831
72,2.80478964585451,-1.13523033929932,1.33639885478406
73,2.74300726763744,-1.17805484232273,1.38853885221327
74,2.68313776654182,-1.62360874492832,1.30996483838767
75,2.62531201370169,-1.90769199367437,1.31754003498533
76,2.46551025166991,-1.94676045686741,1.36419938228353
77,2.41730379981114,-1.39101760932712,1.47381171895603
78,2.37189165249711,-1.48397594261935,1.63962221083492
79,2.3294372395284,-1.3234220753232,1.76427070409177
80,2.29010505997653,-1.17325450970819,1.83725933897965
81,2.25405856393986,-1.01957293051685,1.76279682399429
82,2.22145770266356,-1.04769310539199,1.72857698644334
83,2.1924561867659,-1.09394321600929,1.66263808521744
84,2.1671985207094,-1.03176742206407,1.55643539778532
85,2.14581691123779,-0.970506869123125,1.53205891656856
86,2.12842817498155,-0.946776048862255,1.52693191921838
87,2.11513079185867,-0.888786604633851,1.53195352991322
88,2.10600226220063,-0.916897370724346,1.54968438505806
89,2.1010969233312,-0.973729972204729,1.58366387581387
90,2.10044436374345,-1.01057120001675,1.61677767724992
91,2.10404854037248,-1.02758348382282,1.62698567240784
92,2.11188765951639,-0.992187882230636,1.63237051052764
93,2.12391482967275,-0.964388118476395,1.6230801224068
94,3.00473755262692,-0.754120713759874,1.03282566925888
95,2.93498035913989,-0.937311338936912,1.06878749536811
96,2.86664737071367,-1.44310409434249,1.20140051152707
97,2.79984286677207,-1.14330354225605,1.36462623875256
98,2.73467886603188,-1.22220879103174,1.45410880399357
99,2.67127542816919,-1.30424307163064,1.41680108063492
100,2.6097608735422,-1.9837065581847,1.42705701719392
101,2.55027188984138,-2.23133240475783,1.42340690168225
102,2.49295348899065,-1.62008487510894,1.30813909135863
103,2.43795877232129,-1.38111237710955,1.31687068180456
104,2.38544845761088,-1.45683347119072,1.38527619701674
105,2.33559011888004,-1.48212150390831,1.52622851046901
106,2.28855708996175,-1.41626032836835,1.64849629199167
107,2.24452698708,-1.18016909620495,1.65866035965424
108,2.20367981534496,-1.23025592075718,1.72273346471597
109,2.16619564040262,-1.11412368523277,1.74281749424937
110,2.13225183023769,-1.02257897889435,1.66999350518929
111,2.10201990326371,-1.0475556824122,1.61870859432869
112,2.07566205606638,-1.00220631623035,1.56079857067874
113,2.05332748468986,-0.961597720403659,1.52589934178108
114,2.03514865277306,-0.959122216791862,1.51789355538999
115,2.02123769247889,-0.951306478742742,1.5083626538578
116,2.01168314384321,-0.948754362871705,1.52077096792529
117,2.0065472394291,-0.98357481232367,1.55593323161625
118,2.00586392061135,-0.979907402439511,1.58309436672812
119,2.00963772931149,-0.999380346780843,1.60195585148983
120,2.01784365827641,-0.987312454796012,1.58510294329743
121,2.03042797127417,-1.06126938811489,1.40232069031287
122,2.04730993133206,-1.10745514335403,1.22278020014575
123,2.06838431014195,-1.15057982095705,1.11564964264312
124,2.09352450309616,-1.08994775172706,1.08820790586549
125,2.94244231788955,-0.606117611834185,0.957341313771946
126,2.73288110106446,-1.33132171908917,1.35910289515592
127,2.66608093167898,-1.47119016792738,1.45338964860515
128,2.60100585295023,-1.62828691909845,1.47141308601088
129,2.53778857492357,-2.00522012967036,1.45822810810806
130,2.47657136906167,-1.41865876763281,1.38170454048663
131,2.41750618038745,-1.45493775965391,1.36041263620176
132,2.36075454240359,-1.26788376763691,1.35131512405755
133,2.30648723774032,-1.13220350002901,1.39586935741365
134,2.25488364164339,-1.02112172813208,1.50099330084996
135,2.20613068242909,-1.17275490820069,1.50055658073264
136,2.16042135466007,-1.20026369104851,1.59146110420951
137,2.11795272905219,-1.11738952531175,1.59504155267734
138,2.07892342005187,-1.07629954967113,1.62278500104718
139,2.04353049928128,-1.02593187722466,1.61721600200998
140,2.01196588133537,-0.971208770383498,1.58787037698585
141,1.98441225679911,-0.948389882496658,1.43471814109797
142,1.96103870265827,-0.917473058681682,1.40600710959905
143,1.94199615674822,-0.967648024515187,1.37558617467734
144,1.92741299244304,-0.960466486285478,1.36132598488899
145,1.91739096304424,-0.945411740950556,1.36580090664866
146,1.91200179340956,-0.954721545658117,1.39378875760822
147,1.91128467318481,-0.997388945580178,1.42168547688948
148,1.91524485040767,-0.982695844536792,1.43880485482333
149,1.92385344119223,-1.00790865308607,1.4127417177431
150,1.93704847137943,-1.06648360361328,1.32683795779616
151,1.95473706387118,-1.0554501484637,1.24571014775449
152,1.97679859580642,-1.09423583141383,1.13470068647798
153,2.00308858491203,-1.14259551359843,1.12373018182462
154,2.03344303110258,-1.04916057104711,1.098732291321
155,2.95594567979553,-0.785474305096,0.854324235285813
156,2.88190584842049,-1.11972847510846,1.06439402641496
157,2.66759322941266,-1.78668256717278,1.39488375668574
158,2.5991156302318,-1.70572342580776,1.4607213292696
159,2.53232027439942,-1.67073713568331,1.46887260070786
160,2.46734378959755,-1.65378159765435,1.45164727010643
161,2.40433364388326,-1.27539914698911,1.35748120984332
162,2.34344845415138,-1.2956292687633,1.39927056925762
163,2.28485809943028,-0.911487487538412,1.42563634124272
164,2.22874357047014,-0.862826630657019,1.47609873580854
165,2.17529647689779,-0.825673954763507,1.46789410995766
166,2.12471812554231,-0.878157530292977,1.54335774543431
167,2.0772180806849,-1.00218918249711,1.59006001443966
168,2.03301212184104,-1.00974848565529,1.59581561372576
169,1.99231953047024,-1.00827252135479,1.57484750711282
170,1.95535966679939,-0.928459918556872,1.47475650814352
171,1.92234784383852,-0.911551353911537,1.45798385471528
172,1.89349056770493,-0.926141602497522,1.41698305227342
173,1.86898028838632,-0.930288829492016,1.37282114652807
174,1.84898988582357,-0.910687317457161,1.35803724507999
175,1.83366719131123,-0.898181399753425,1.34454693407805
176,1.82312989943578,-0.904213050407437,1.3281494659628
177,1.81746124664444,-0.895777943021236,1.39244520657209
178,1.81670680821209,-0.955703106088678,1.40866282961152
179,1.82087269243791,-0.975936729442852,1.40350331021993
180,1.82992529580859,-1.05273716736192,1.35869042713159
181,1.84379264168354,-1.04130152719375,1.30398428451064
182,1.86236718021037,-1.05809493108891,1.20829327459151
183,1.88550980199924,-1.03648639412301,1.16697686361265
184,1.91305473106701,-0.990115591051581,1.18349266821273
185,1.94481492327487,-0.94917331674444,1.24448167005993
186,1.980587604384,-0.885291007692376,1.42128992336442
187,2.02015962799939,-0.791561885228327,1.54939379427366
188,3.05304412625933,-0.767117855938634,1.22000695554218
189,2.97540819248733,-0.860224775020746,0.985681306029833
190,2.89877989472588,-0.90765802757535,1.07418705449138
191,2.82324128181163,-1.13209699576831,1.16018994273278
192,2.60410515413134,-1.76934744344935,1.3848916397806
193,2.33369455740765,-1.41738883614391,1.3837230113028
194,2.27091626297176,-1.04946947399808,1.43277185222396
195,2.21040416003438,-0.939687822964162,1.39260560447555
196,2.15234939521377,-0.866747714267714,1.52203820145942
197,2.09695607454449,-0.863527231912193,1.53334914023223
198,2.04444054185323,-0.916386735593859,1.63815896568299
199,1.99503006766549,-0.943844495620424,1.62990427312574
200,1.94896082662473,-0.947570524110829,1.59450272060189
201,1.90647505298608,-0.949716663092415,1.49265210288578
202,1.86781729371771,-0.905729522343918,1.45242776628081
203,1.8332297316146,-0.882098496065304,1.46248170660496
204,1.80294662875879,-0.892879214101301,1.45558015672515
205,1.77718804141311,-0.877508374589622,1.38551112038827
206,1.75615307249766,-0.913732578971944,1.40681058975962
207,1.74001304151904,-0.869046259696107,1.40901898028991
208,1.72890504261566,-0.832045448124395,1.40808511360963
209,1.72292640563069,-0.816405087619451,1.40984159832743
210,1.72213055346257,-0.863908860495667,1.47777252313934
211,1.72652465323586,-0.90565994160593,1.44716098985527
212,1.73606929712074,-0.981137932589239,1.3877028136537
213,1.75068024541648,-1.00698285466014,1.29390187296834
214,1.77023205543507,-0.930734843736377,1.25724352399504
215,1.7945632420175,-0.89479561978355,1.24319490231098
216,1.82348249792067,-0.898771118262348,1.1939781615733
217,1.85677545814182,-0.825193518717438,1.33525880182414
218,1.89421151796854,-0.829536052737398,1.46740184753952
219,1.93555029352475,-0.823761933806513,1.53622115604325
220,1.9805474227685,-0.862795226277579,1.53593644000654
221,2.02895952153272,-0.93608418904136,1.52659080493273
222,3.08061746412012,-0.947274594517042,1.36750433059962
223,3.00071390575041,-0.973422552088187,1.45096711286826
224,2.92168776894417,-1.02258578093155,1.16454656576559
225,2.84361220727163,-0.978100574115,1.17181475973231
226,2.76656770070834,-1.26722316097255,1.2866896995146
227,2.69064282114389,-1.9492635002166,1.32110408353699
228,2.61593505853182,-1.59757137657098,1.31067346614421
229,2.54255170272911,-1.7047436317613,1.33337866600338
230,2.33158763496206,-1.28361719207648,1.33694803391011
231,2.26480369890005,-1.132448949411,1.25408766373914
232,2.20006049478347,-0.965190118665517,1.37172756478739
233,2.13754346341181,-0.935787937331569,1.49798743333084
234,2.07745359186538,-0.903488786532158,1.5521791947448
235,2.0200074964827,-0.864513534106308,1.69695679412677
236,1.96543700902634,-0.901601350987569,1.72390362265464
237,1.91398810815706,-0.915603447085453,1.76528678917927
238,1.86591902584089,-0.874271544761102,1.65930678489904
239,1.82149736067213,-0.856640327942786,1.56770320075831
240,1.78099605557907,-0.805453975360612,1.49419597485981
241,1.74468815441414,-0.781973776797259,1.479357862195
242,1.71284034674278,-0.836996180608883,1.47678741300446
243,1.68570544337349,-0.887929479347803,1.48952313025793
244,1.66351408810393,-0.879914435866825,1.44804894167811
245,1.64646618305194,-0.855722174693976,1.43703317755113
246,1.6347226534367,-0.829430166723895,1.46713510539855
247,1.62839826409167,-0.854022076128945,1.474336357925
248,1.6275561896434,-0.909663042868187,1.49721995010514
249,1.63220491529357,-0.929331513929629,1.44266195088266
250,1.64229781455209,-0.986568983469012,1.45768156963616
251,1.65773545204558,-1.01171179562287,1.33488497109327
252,1.67837035167067,-1.04039111499362,1.28610811572443
253,1.70401371381736,-0.942504860931256,1.28348027755697
254,1.7344434056781,-0.895310139514787,1.31777753752551
255,1.76941250397838,-0.88356805260038,1.40087775788432
256,1.80865772938994,-0.827645388172039,1.48565822279075
257,1.85190724552852,-0.827565876297948,1.52355427066038
258,1.89888746404631,-0.838487811514693,1.53026380736418
259,1.9493286657964,-0.885387431701216,1.52616978821912
260,2.00296939182581,-1.02149998458085,1.52545533876677
261,3.03171650367103,-1.08075796898712,1.70000622342019
262,2.95048893279627,-1.09116848143242,1.49262276040866
263,2.87008021100237,-1.12080801633167,1.38627210994456
264,2.79056112345414,-1.02791812204916,1.30104505613009
265,2.71200992641842,-0.997992907164776,1.31692756687306
266,2.63451319779624,-1.31329644847209,1.31830360829301
267,2.55816677111663,-1.38520431049539,1.27704846282997
268,2.48307675262769,-1.2359959045878,1.28607702902553
269,2.40936061666722,-1.12308497385236,1.37444634693811
270,2.33714836798312,-1.165503179717,1.41769496180312
271,2.26658375047061,-1.19024439226354,1.32414354789914
272,2.19782546917192,-1.09615321050858,1.32630253843655
273,2.13104837558801,-1.04870978281029,1.43017171564908
274,2.06644454471055,-0.946464764378995,1.5483734465198
275,2.00422414533499,-0.836732952353901,1.70756644455682
276,1.94461597345999,-0.86194234976459,1.80228246032855
277,1.88786748338961,-0.872790568984143,1.82768931772271
278,1.83424411585701,-0.866517631163296,1.80854985062443
279,1.78402769299819,-0.852535023879749,1.75162865580643
280,1.73751363543569,-0.77802488787979,1.61732099309753
281,1.69500676941941,-0.730301838374908,1.52414198402949
282,1.65681554632446,-0.749786477097796,1.4304008557226
283,1.62324460628069,-0.773642577340701,1.43571871443274
284,1.59458578954173,-0.848104145506346,1.45117920026052
285,1.57110792745427,-0.868658871619695,1.4907588171313
286,1.55304600393003,-0.888692993892196,1.46123493378311
287,1.54059052056299,-0.885950214664425,1.49888831165257
288,1.53387806063135,-0.878220776587083,1.51030381582172
289,1.53298406672606,-0.87173626965902,1.47492663267074
290,1.53791868572363,-0.901465273178815,1.42599491615587
291,1.54862620088644,-0.917766622555633,1.40628476894421
292,1.56498812371155,-0.928600077878048,1.28492673758791
293,1.58682955472746,-0.949736234902347,1.20199118608136
294,1.61392804525699,-0.917679714466375,1.20387790741658
295,1.64602397488301,-0.881851288822897,1.25251336988001
296,1.68283142578942,-0.871835005946424,1.44150569555889
297,1.72404865954281,-0.789626110118356,1.49272226672444
298,1.7693675266689,-0.808571503082287,1.51536607629305
299,1.81848139927293,-0.867661619069524,1.51168371751482
300,1.87109145839667,-0.88252098791933,1.49914518453362
301,1.92691135836096,-0.958517086033557,1.48193198261394
302,3.06824330119419,-1.07736057545926,1.77294656984694
303,2.98501280535492,-1.02920990220636,1.65817910715384
304,2.90247849812102,-1.12351330470644,1.66454887747838
305,2.8207014920209,-1.12575229129154,1.53197606973716
306,2.73974960046264,-1.06867527043458,1.42881022208683
307,2.65969816529876,-0.980107250154267,1.29814398730739
308,2.58063098463615,-1.04673664842268,1.24298024093757
309,2.50264134832517,-1.22074179287105,1.28155433709701
310,2.4258331865447,-1.09758676852596,1.35377065543886
311,2.35032233335102,-1.10942164730264,1.45492398948747
312,2.27623790133362,-1.06194108216905,1.4198248400264
313,2.20372375478392,-1.06163221968002,1.4700007506033
314,2.13294005598899,-1.12955808885668,1.35594807163983
315,2.06406484118059,-0.951934018000596,1.49262694335454
316,1.9972955579647,-0.847989547315795,1.66904475937491
317,1.93285046349823,-0.854295947024707,1.77475698649617
318,1.8709697415344,-0.857522091949003,1.83378132106492
319,1.81191614716062,-0.858955423364222,1.84935680086377
320,1.75597493320879,-0.865155783902588,1.87231855300035
321,1.7034527580435,-0.832299945727258,1.82676394183733
322,1.65467523182844,-0.778331470016592,1.73615879838713
323,1.6099827445905,-0.742845233161767,1.60242090013181
324,1.56972425732801,-0.784637720495201,1.39610661837468
325,1.53424885247502,-0.843831303643668,1.38274822720447
326,1.503895052758,-0.879790500301469,1.40491744613903
327,1.47897823148659,-0.924707018110343,1.45634060954986
328,1.45977682534851,-0.900014028873911,1.52184094480699
329,1.44651845530919,-0.890323178526049,1.57038922306438
330,1.43936735908097,-0.838629768218615,1.56926335498993
331,1.43841462671148,-0.839029531674585,1.51243933030364
332,1.44367252983475,-0.846935063598825,1.43814321786782
333,1.45507374368914,-0.871920273095412,1.33022398385921
334,1.47247557428289,-0.881184046002897,1.21938004875902
335,1.49566858804285,-0.959785196726556,1.15916669402332
336,1.52438847567429,-0.921340888817143,1.16155929371819
337,1.55832968764354,-0.894542527098669,1.20765403478435
338,1.59715938375793,-0.853311910398864,1.33958376155024
339,1.64053048431686,-0.854534231848637,1.37857177504135
340,1.68809298734755,-0.853914113170229,1.3921111299249
341,1.73950311554857,-0.879682885950462,1.38288160065132
342,1.79443019791424,-0.936875714462009,1.47594142124577
343,1.85256143554863,-0.952601419967888,1.35134255266416
344,1.9136048444989,-1.0013210388667,1.322479333544
345,3.02506345981976,-1.01140589371511,1.87781166743231
346,2.94061106383462,-1.03842404403323,1.73665077476824
347,2.85679425452176,-1.11318896796182,1.68071405032773
348,2.77367065234909,-1.15597294436191,1.60329652630914
349,2.69130448924846,-1.13920195486575,1.46635773555214
350,2.6097674821921,-1.10392600373469,1.33190372898391
351,2.52913982600366,-1.28258574547071,1.29302598142428
352,2.44951131839812,-1.1909365688995,1.34467908259267
353,2.37098262953471,-1.12066210193492,1.42540948542473
354,2.29366672628399,-1.12897765233432,1.43499208971854
355,2.21769045722828,-1.06125724150308,1.51893251681408
356,2.14319629712554,-1.0740728008161,1.4355124904095
357,2.07034423781554,-0.996258006516179,1.42624161321582
358,1.99931379458342,-0.931317240558552,1.52981169180866
359,1.93030607067357,-0.83686053144387,1.63950848178118
360,1.86354578555479,-0.848696538290396,1.77573895410544
361,1.79928312234373,-0.859736762173189,1.83859875258124
362,1.73779518498443,-0.873055437958387,1.90631253685363
363,1.67938677697287,-0.866530878484722,1.83217785500546
364,1.62439012540082,-0.839029531899521,1.78767047167589
365,1.57316308863392,-0.801183091779337,1.69321453572146
366,1.52608532477475,-0.765672222790495,1.55323548331376
367,1.48355189483134,-0.794291893486592,1.43018165236124
368,1.44596387297007,-0.847393388724317,1.39062920898372
369,1.41371578130956,-0.920760521055734,1.34271048291246
370,1.38718008557826,-0.992067050257349,1.36815662896634
371,1.36668956257018,-0.96934808888245,1.42930890181104
372,1.35251899142444,-0.910845672857665,1.50373817455759
373,1.34486816268415,-0.858705177055124,1.49899757455385
374,1.34384843600431,-0.789963836923407,1.43282703451344
375,1.3494748437867,-0.771996963007602,1.32664635958845
376,1.36166500292371,-0.785856730419312,1.20906414755604
377,1.38024501356586,-0.843542832455674,1.12937786339032
378,1.40496138945944,-0.928790311058118,1.08850911866829
379,1.43549719797089,-0.862915178233655,1.19086184042025
380,1.47149019568766,-0.834575442538211,1.23272435241616
381,1.51255085129053,-0.847067491961579,1.28009405808213
382,1.55827861776597,-0.816128591954207,1.29907102842811
383,1.60827544734902,-0.812053898147898,1.39602755562766
384,1.66215615079236,-0.865744658492852,1.37889457120677
385,1.7195556739461,-0.98055226079794,1.35261359591682
386,1.78013366158154,-0.95998316195673,1.34336630821339
387,1.84357681735895,-0.920046117799206,1.33959433659586
388,3.07042462958544,-1.02031459333606,1.73476133613765
389,2.98425810004138,-0.970316418110161,1.66066409430537
390,2.89861706689111,-1.00749322433161,1.72728517189964
391,2.81354951696151,-1.10748354531332,1.66425132193601
392,2.72910907796454,-1.20759916330605,1.57041212560565
393,2.6453558032096,-1.26138170544354,1.44182147259494
394,2.56235707559136,-1.46138157063412,1.34011154780885
395,2.48018864830957,-1.27906001731586,1.33089425294705
396,2.39893584130263,-1.28652193582618,1.36197291723775
397,2.31869491336855,-1.0921421785786,1.53289535453922
398,2.23957462992152,-0.956534830481548,1.49369387757573
399,2.16169804454906,-1.1325759329977,1.44761461433323
400,2.08520450789329,-1.07312160796405,1.46984122353223
401,2.01025190828957,-1.08193353342502,1.48863062746212
402,1.93701913282688,-0.973359307856345,1.46473868500497
403,1.86570871204619,-0.921681025857289,1.57649665569991
404,1.79654957253755,-0.871469781319487,1.69084522342837
405,1.72979976473487,-0.859436531739426,1.81023450092245
406,1.66574895367847,-0.876513122073984,1.77629543730761
407,1.60472035520123,-0.862260913905031,1.79259370025269
408,1.54707166971202,-0.838025828081409,1.7478446215167
409,1.49319441974782,-0.798631254685119,1.65355994217633
410,1.44351095950765,-0.772163515303778,1.52318972491774
411,1.39846833942835,-0.818084812211923,1.32361206091446
412,1.35852824544079,-0.904940970511866,1.26807787196514
413,1.32415247688834,-1.00431003360955,1.29176911823001
414,1.29578395635644,-1.0238467429288,1.3297440517868
415,1.27382409781104,-1.01569800350468,1.38660290617023
416,1.25860839576479,-0.939982660442679,1.42327288473555
417,1.25038307999079,-0.860123868920343,1.43726413106985
418,1.2492862324852,-0.789781155184216,1.32690382240424
419,1.25533653883689,-0.715351786157192,1.23148864484618
420,1.26843172930712,-0.731907532641131,1.13538128034021
421,1.28835700378399,-0.824191348147052,1.09643148494878
422,1.31480187769779,-0.923090203509698,1.097238336357
423,1.34738252812931,-0.946920603906969,1.11662204968792
424,1.38566621800878,-0.915214399997001,1.18572918024202
425,1.42919472062611,-0.791765528614699,1.32977907147834
426,1.47750455915116,-0.838569995329143,1.37939336737091
427,1.5301429300139,-0.857838422656391,1.38394983573564
428,1.58667909211117,-0.92998568153722,1.36187742087404
429,1.64671162852701,-0.954942681347814,1.40865760322559
430,1.709872312432,-0.983136993496329,1.33242407163248
431,1.77582739961663,-0.89642564817583,1.33810610418861
432,3.03318155882612,-0.942107745360044,1.68161735524857
433,2.94592589358601,-0.94602205140191,1.58433316021719
434,2.85913690880839,-0.993291758460057,1.63118843950429
435,2.77285842538568,-1.07597308602265,1.61479666168636
436,2.68713961718896,-1.15851796417901,1.52340057900817
437,2.60203579691224,-1.46673672461397,1.4093151000813
438,2.43393070855389,-1.45031285894067,1.35663771527306
439,2.35107978034016,-1.21274465123674,1.47984814760739
440,2.26914721076424,-1.02615550249133,1.41962445800156
441,2.18823615860494,-1.07698053635662,1.39261976742521
442,2.10846422749954,-1.10116526468241,1.46481511046318
443,2.02996571463078,-1.15979761861214,1.4328468313129
444,1.95289418495213,-1.17045575638695,1.4323324715484
445,1.8774253870062,-1.06627410903219,1.38622363164759
446,1.80376050545604,-0.965504643262386,1.44824761033046
447,1.73212970917967,-0.902468429136219,1.58952260920496
448,1.66279589514612,-0.891544270631455,1.60968147151963
449,1.59605843862902,-0.858366959645237,1.68469699883174
450,1.53225663034465,-0.83660433589738,1.68572715489782
451,1.4717723037425,-0.810665105269774,1.6286734847967
452,1.41503093181881,-0.773686500991819,1.53269423511447
453,1.36250022130519,-0.796076528478497,1.34528044662012
454,1.31468500380185,-0.876323975431782,1.22925849471945
455,1.27211711587354,-0.98529511736835,1.2193984299427
456,1.2353391214106,-1.03787259477949,1.23234085185068
457,1.20488133207745,-0.993862383842401,1.21038556305096
458,1.18123274379019,-0.932804181986689,1.21935262312897
459,1.16480816305845,-0.819375400658817,1.23898152106214
460,1.15591557198839,-0.751188056516455,1.22844476283143
461,1.15472899570204,-0.743843235249247,1.1954839170749
462,1.16127205622841,-0.741781064323273,1.09896233960721
463,1.1754156774312,-0.768395278572932,1.07938817435881
464,1.196890442788,-0.8414076019721,1.06519126132647
465,1.22531095662922,-0.907653361961101,1.08225681281249
466,1.26020737973799,-0.852212786878677,1.12627432549138
467,1.30105873448078,-0.817779584319672,1.18420396027761
468,1.34732346238886,-0.808512271683191,1.28630895253632
469,1.39846440253245,-0.772863192364074,1.46238813830816
470,1.45396710729971,-0.852690220614016,1.48625233444011
471,1.51335174502846,-0.931615329625637,1.48369285326983
472,1.57617960599801,-0.985944955593526,1.44110297019494
473,1.64205550687531,-1.1248910793506,1.44226829667841
474,3.08713059525628,-0.828763768642866,1.59086243806848
475,2.99846107574418,-0.864031683459347,1.62233922755169
476,2.91016456999439,-0.931479017650377,1.49217683868255
477,2.82227608806447,-0.970300818016356,1.51163555726408
478,2.73483496781478,-0.984828731835759,1.46125390172333
479,2.64788552928871,-1.17628238370401,1.36431302501535
480,2.5614778434261,-1.27100206412327,1.35008763858367
481,2.47566863687797,-1.35138919874333,1.32256331049897
482,2.39052235881444,-1.21851754961581,1.42607073116478
483,2.30611244033643,-1.08916845940838,1.45274185760842
484,2.22252278235101,-1.03269534663295,1.41459008453049
485,2.13984951334813,-1.03857515286241,1.48931690128998
486,2.05820306398454,-1.09339064923392,1.4708696404963
487,1.97771060990393,-1.11413901500747,1.42174430069424
488,1.89851893632114,-1.12211779381917,1.39871026675624
489,1.82079777507704,-1.02526603930252,1.30598974047116
490,1.74474365308866,-0.997150087399373,1.34197811870175
491,1.67058426407439,-0.900797759289292,1.46453468483663
492,1.59858332371663,-0.885133132308893,1.4862628712478
493,1.52904577873555,-0.859741548884858,1.54213713966535
494,1.46232309534701,-0.821314615453644,1.53425446802444
495,1.3988181325725,-0.760405498778129,1.40605759264427
496,1.33898879455884,-0.747255641925875,1.3186598392519
497,1.28334925371342,-0.80923291100452,1.20037478824951
498,1.23246708401141,-0.886486082705063,1.17754428981288
499,1.1869542579428,-1.02448043958269,1.16913616439916
500,1.14744986767946,-0.955056267410443,1.11332540774173
501,1.11459296531911,-0.880954904208822,1.12958411537244
502,1.08898542182722,-0.88618246256691,1.088221803382
503,1.07114728710748,-0.757199081595801,1.1613453242852
504,1.06147033096331,-0.639587497261835,1.08526454258393
505,1.06017805460458,-0.648322766661472,1.14172654166132
506,1.06730091470357,-0.705487694710595,1.00108187190517
507,1.08267283548686,-0.725815263023522,1.08211873679145
508,1.10594990211463,-0.865875094603385,1.00510302667967
509,1.13664655649226,-0.861494053283091,1.13561227677029
510,1.17418103114308,-0.823049075229449,1.20128967574784
511,1.21792129652078,-0.876809813640368,1.28398648671486
512,1.26722490752575,-0.809657159997132,1.44835644304182
513,1.32146931069191,-0.798834093653435,1.49798543024304
514,1.38007202821433,-0.822792493146001,1.50534365306949
515,1.44250197855352,-0.86049714631891,1.62667027935526
516,1.50828399325663,-0.877623288893633,1.61271707403821
517,1.57699864984395,-0.834356480242079,1.60841024676561
518,1.64827921482292,-1.05424098827401,1.7014246196584
519,3.05595308491961,-0.931436213173861,1.42208758905553
520,2.9663517606338,-0.87843134820426,1.56653619894541
521,2.87706999732591,-0.845887966402303,1.41431809339481
522,2.78813849410727,-0.821066748440223,1.64378223930623
523,2.6995918666059,-0.902133904348838,1.38194443618558
524,2.61146926485433,-1.02037178765538,1.34543809457917
525,2.52381510563375,-1.12493482596793,1.34150376875682
526,2.43667994301334,-1.19542471924777,1.39046477281455
527,2.35012150601922,-1.05044807352408,1.5591054912371
528,2.26420593863206,-0.948751089997219,1.61361019212276
529,2.17900928477405,-0.985466896949021,1.5838959257447
530,2.09461926966179,-0.995816211518299,1.61870416679409
531,2.01113743877876,-1.06049776044736,1.56506080086761
532,1.9286817263584,-1.04441690530849,1.47941547053192
533,1.84738953570497,-1.01186592712786,1.41937640858267
534,1.76742142195566,-0.934284972612658,1.29755789494326
535,1.68896547035616,-0.927652964569956,1.27435086776457
536,1.61224245336588,-0.941978042714029,1.25155659428513
537,1.53751181716668,-0.912443676345889,1.34068900284046
538,1.4650784752126,-0.877193134560166,1.40364992218935
539,1.39530024734733,-0.77995736301245,1.39301571306875
540,1.32859554156857,-0.745515660975943,1.27708746569722
541,1.26545048777753,-0.744911387316328,1.17619997504306
542,1.20642415926947,-0.787614350342904,1.16429144886619
543,1.15214975512468,-0.870557009822608,1.1724465151274
544,1.10332876129955,-0.881361584027146,1.08988799975505
545,1.06071444974596,-0.909619993155131,1.11276098079015
546,1.02508117893224,-0.792196298547224,1.12672527304138
547,0.997177614076083,-0.858407837162671,1.03118172489028
548,0.977665820073493,-0.738762393230096,1.08086588569557
549,0.967053880907172,-0.631054122808009,1.01573415064427
550,0.965635258535754,-0.427877572826942,1.0825913403749
551,0.973450146432442,-0.554244376976422,1.02984108543945
552,0.99027996736449,-0.680752225374757,1.06297611219157
553,1.01567668627848,-0.697566089750066,1.06818355342276
554,1.0490182741249,-0.767863251251182,1.12550205955432
555,1.08957562333162,-0.808601347195003,1.23430980206907
556,1.13657653925335,-0.861530392358618,1.38876176033983
557,1.18925729399314,-0.839746173532862,1.54037039109918
558,1.24689818516301,-0.825317395559762,1.57595340397922
559,1.30884405034438,-0.796211657006046,1.62681356106476
560,1.37451296945248,-0.804335735448754,1.60335182416933
561,1.44339687867766,-0.763067976783153,1.57807966688189
562,1.51505732124956,-0.735082462265882,1.58043230232549
563,1.58911872277673,-0.67934378860508,1.5486587665417
564,3.02741121973941,-1.05291863493943,1.40130811264703
565,2.93693925779707,-0.914347296342497,1.27907289691803
566,2.8467351836248,-0.807449451285414,1.5802252578838
567,2.75682529343032,-0.817509332301877,1.57860609464046
568,2.66723933729598,-0.772518015832184,1.53417716849597
569,2.57801108559549,-0.903711263568297,1.49386033615454
570,2.4891790059374,-1.03175205813102,1.34194594159192
571,2.4007870752855,-0.996224592529948,1.49869257738381
572,2.31288575792849,-0.886522600248838,1.73385114165184
573,2.2255331875106,-0.930150579628314,1.64275644908853
574,2.13879660073274,-0.951634330632082,1.72334201119754
575,2.0527540819623,-0.994605884115948,1.6805125184143
576,1.96749669220357,-0.983476590461085,1.58925092006332
577,1.88313107291108,-0.98082114715267,1.52833149609108
578,1.79978263487751,-0.954281131762997,1.34391689103879
579,1.71759946406668,-0.900843316046311,1.2467012848391
580,1.63675709750403,-0.828081776053993,1.18665155816073
581,1.5574643381502,-0.89949222354342,1.14661018395257
582,1.47997027811425,-0.909372744221957,1.20130959809328
583,1.40457266622474,-0.834653908855818,1.251435105192
584,1.33162765682525,-0.758058582330316,1.20730465107117
585,1.26156075923845,-0.705323017279235,1.1643101533365
586,1.19487839263701,-0.69766822394999,1.18900615337775
587,1.13217873511361,-0.792763162654186,1.20453489925817
588,1.07415943621432,-0.726968650895996,1.14738555719211
589,1.02161822207966,-0.734807359353175,1.16547818303988
590,0.975440710691471,-0.901673077363532,1.08094392140032
591,0.936568662499182,-0.816743118271958,1.07755918480349
592,0.905942950846725,-0.717312915846744,1.02448498864593
593,0.884420653260866,-0.680287046715186,1.08103411974972
594,0.872675566721119,-0.611341914165086,1.02792621500253
595,0.871103259494427,-0.475992550372226,1.08885560531798
596,0.879758275757463,-0.506521949727817,1.05699694232744
597,0.898345061731747,-0.522996144632863,1.11940556350157
598,0.926265926839604,-0.694681297198083,1.11328619772751
599,0.962709081510289,-0.71289039656231,1.19956076290346
600,1.00674945996155,-0.772335359134781,1.29523901366555
601,1.05743825623793,-0.804508216763072,1.46403202182446
602,1.11386819125527,-0.821427249569583,1.56889916188657
603,1.17521254262249,-0.816165539319536,1.60486232024168
604,1.24074259389137,-0.811357909384487,1.63247305289017
605,1.30983027120596,-0.801919849115524,1.59211841133934
606,1.38194210643964,-0.73648373238664,1.61656181740687
607,1.45662902718788,-0.693366751317078,1.59522720502884
608,1.53351483568107,-0.624859903178051,1.56716459877657
609,1.6122849843541,-0.573967913521752,1.67453892695081
610,3.09305441290922,-1.27605818082083,1.43947910901278
611,3.00158018728313,-1.79363558194191,1.74728443922402
612,2.91030533299793,-1.2492146347012,1.27896099884657
613,2.81924921441398,-0.931770061781841,1.54604309941686
614,2.72843373124283,-0.774124054975397,1.52046177160264
615,2.63788373695765,-0.79388100622401,1.47538180883872
616,2.54762754042654,-0.758418494114177,1.48189473886118
617,2.45769751004594,-0.964337610631933,1.39941218535047
618,2.3681308046948,-0.943872940526512,1.55765332462561
619,2.27897026231475,-0.809613640463,1.69621593992993
620,2.19026548527745,-0.913312597498259,1.74870955966804
621,2.10207417247643,-0.919444932635912,1.82569128896407
622,2.01446376197226,-0.939683671679965,1.77562455613354
623,1.92751346587217,-0.937870795155084,1.66136857868595
624,1.84131680192459,-0.920449723912204,1.56503392606163
625,1.75598475508564,-0.911273312838518,1.3420833047004
626,1.67164973790824,-0.797578697023428,1.20790061055435
627,1.58847056111102,-0.835332928338049,1.05995602295611
628,1.50663867330431,-0.852784150218205,1.06324808196062
629,1.42638597559992,-0.834552833118217,1.09277452101228
630,1.34799454820567,-0.75383467850707,1.08135243398463
631,1.27180861127312,-0.712988982951747,1.11926779031303
632,1.19824892094123,-0.623928811431949,1.20466370722288
633,1.12782946427079,-0.527644009889993,1.18782244640097
634,1.06117558185722,-0.569925716231246,1.24836815103226
635,0.999041251247817,-0.714019888851118,1.18719233383393
636,0.942320921433746,-0.662414871636002,1.20987498289743
637,0.892047928847338,-0.714296239179947,1.14914985303827
638,0.849367874870512,-0.711270419120831,1.1332908256778
639,0.815473823905718,-0.729220804084336,1.02650221568803
640,0.791495305861583,-0.573256424712412,1.08994247000021
641,0.778349260961022,-0.52226417907054,1.03277917883828
642,0.776586000381386,-0.465916274584391,1.10947406694595
643,0.786282106530657,-0.454766253715384,1.08366926859903
644,0.807024644744112,-0.52618068817865,1.15751586343744
645,0.837993731784775,-0.588784027044486,1.17935486538173
646,0.878108024623923,-0.741812442113237,1.23770478400207
647,0.926180005409004,-0.802754271926759,1.30336685873381
648,0.98104056646097,-0.795557906904135,1.44203796562834
649,1.04161762407173,-0.816182350826746,1.53510028732257
650,1.10697310158095,-0.810838851919051,1.60141442725882
651,1.1763108056899,-0.804677720728122,1.58120140387991
652,1.2489676803881,-0.766432377140993,1.60929289385881
653,1.32439756600402,-0.736943966137265,1.6296221723539
654,1.40215300525044,-0.66380739412774,1.60290733382754
655,1.48186796933481,-0.593252467605233,1.56450544397432
656,1.56324271885726,-0.557995811012022,1.67329018875034
657,3.07069145627103,-0.955754657206167,1.26288438699129
658,2.97853051672957,-1.14884525299938,1.55115216891151
659,2.88652690090961,-1.26533074579068,1.57097572141993
660,2.79469614651979,-1.05815750925975,1.56061773158095
661,2.70305587145038,-0.927657658855967,1.53597350596952
662,2.61162612716758,-0.994966764709459,1.43384929371603
663,2.52042982507716,-0.775100529645746,1.46325095300651
664,2.42949325359934,-0.907393670996971,1.41843547357095
665,2.33884670864576,-0.87685430755469,1.57872784954673
666,2.2485252666834,-0.808874452591284,1.73475656663065
667,2.15856973813596,-0.836844033983484,1.8032183655314
668,2.06902785022125,-0.884064880913912,1.80007918054394
669,1.97995572341861,-0.906624947973874,1.76437009693958
670,1.89141972589831,-0.91282913048954,1.70894322517819
671,1.8034988171464,-0.907113246350826,1.58649330230189
672,1.71628752791945,-0.822478060832633,1.32558679516719
673,1.62989977135018,-0.738570415067501,1.17182902167775
674,1.54447374270819,-0.772286285972346,1.02805230200896
675,1.46017824606959,-0.762778575267983,1.02857224916857
676,1.37722088634569,-0.757513568008291,1.0732249669632
677,1.2958586807175,-0.645533797680455,1.09315311229181
678,1.21641175681064,-0.636880254161187,1.16970513017495
679,1.13928086744907,-0.553680198789413,1.21299192606339
680,1.06496935114398,-0.583337019068511,1.2755230461615
681,0.99410966896449,-0.613137714856929,1.35714248101259
682,0.927493309999316,-0.630934220550962,1.29385102203765
683,0.866099958070908,-0.653444501400966,1.29533871242605
684,0.811116468677286,-0.614030381298115,1.18349784058391
685,0.76392814142479,-0.620377114685627,1.16325429665353
686,0.726056455018547,-0.656152236308304,1.06331778114811
687,0.699017337123769,-0.60185636434588,1.09425231639305
688,0.684096477433741,-0.49905921360364,1.01830534066215
689,0.682089608766357,-0.461830419491498,1.10438533612199
690,0.693108916007414,-0.458993548326138,1.08080798765202
691,0.716553693468287,-0.445884335520718,1.17739560625766
692,0.751261547604599,-0.55551240649352,1.19794264953804
693,0.79576009029582,-0.606549899066231,1.24902570880353
694,0.848510353984032,-0.699777495745844,1.27003423624701
695,0.90807544369438,-0.750615745087354,1.36912578382145
696,0.973204856736506,-0.808973537883449,1.44318915527836
697,1.04285658938439,-0.814553641920765,1.56148509202131
698,1.11618436200365,-0.808977002816004,1.5598223466248
699,1.19251024526111,-0.755524600533678,1.53307172070015
700,1.27129435271146,-0.735551606973477,1.57573494366958
701,1.35210704773385,-0.660011969914041,1.59996541174493
702,1.43460555447801,-0.637519728114083,1.67199614842214
703,3.05109847909351,-0.853299942085624,1.26606913595806
704,2.95832722135333,-1.20702051647145,1.53207439521662
705,2.86567504424101,-1.24010979737449,1.57518306669605
706,2.773153883376,-1.26865560311608,1.57453192680848
707,2.68077730400964,-1.05649359819374,1.51302054135089
708,2.58856078499524,-1.28788828054909,1.42535960959072
709,2.49652206332115,-0.73548176663149,1.21534994716242
710,2.40468155455053,-0.919231803556205,1.37282845752297
711,2.31306286902322,-0.837193615983503,1.51133620622531
712,2.22169344969653,-0.792049558345109,1.71939410310081
713,2.13060536559616,-0.877902062892742,1.75667286845501
714,2.03983630581034,-0.893704508479221,1.78648001166984
715,1.94943083391254,-0.899882828777507,1.73998440910392
716,1.85944198323799,-0.904450119750853,1.6695387509261
717,1.76993330183917,-0.889789783854008,1.52570120980549
718,1.68098149543732,-0.764930767192276,1.26183843539491
719,1.59267987183809,-0.719620354292782,1.13825405074926
720,1.50514286744677,-0.760346626513556,1.07287580148829
721,1.41851204429349,-0.799941936577754,1.01209055458766
722,1.332964095277,-0.622321218391796,1.02236229602061
723,1.24872159823626,-0.618588897228255,1.12961906125495
724,1.16606752446759,-0.572696581160679,1.15829270343942
725,1.08536482550631,-0.600405559259091,1.30183560892268
726,1.00708273164962,-0.638295887391672,1.3067596604002
727,0.931831499488783,-0.648724201388438,1.38690838271819
728,0.86040673498312,-0.632700540334635,1.31883472963095
729,0.79384195333911,-0.659157992047241,1.32584781760223
730,0.733461543143426,-0.621193780116489,1.20026796048552
731,0.680912707159706,-0.570224648708026,1.19022835889945
732,0.63813312512745,-0.552590388780503,1.0584532015328
733,0.607191194855814,-0.581915890135832,1.09830061820924
734,0.589952455667471,-0.503433130040516,1.01061121097513
735,0.587624151901424,-0.5174939410634,1.08687620027415
736,0.600379778939796,-0.434783385378363,1.07087184186817
737,0.627299852649329,-0.509101606703197,1.14988261102156
738,0.666670700136194,-0.532050465536967,1.16429936034617
739,0.71644262213972,-0.598577306686488,1.17414517946643
740,0.774613277919333,-0.637602628367675,1.23020742197297
741,0.839438455725952,-0.679843088334472,1.3106772502114
742,0.90949634561462,-0.767244578282351,1.36422348921451
743,0.983669545901097,-0.796280443495912,1.3979229077178
744,1.06109539603767,-0.779767291544376,1.45738958204459
745,1.14111199913222,-0.757607782578162,1.43171572083751
746,1.22321103688075,-0.777103193470344,1.448374543734
747,1.30700014462217,-0.726144989857555,1.43232037238888
748,1.39217420118676,-0.77566086257663,1.38992885530996
749,3.03432913998295,-0.978946944794491,1.44879686236808
750,2.941028960963,-1.12035666837917,1.41183447646516
751,2.84781404937342,-1.12743563092322,1.46095965278228
752,2.75469306121505,-1.30118107533619,1.46967039243586
753,2.66167585447894,-0.793840728023655,1.63021792546021
754,2.56877370319733,-0.980463550674799,1.45816412210661
755,2.4759995584152,-0.822606563723771,1.27053163398507
756,2.38336836838507,-0.919787421801868,1.37764959145764
757,2.29089747406489,-0.859655251952095,1.45529155563622
758,2.19860710110912,-0.901781234927094,1.64223543383424
759,2.10652097652269,-0.922799506601617,1.67834079453461
760,2.01466710776866,-0.984212311372203,1.69193076166994
761,1.92307877551387,-0.941142369730661,1.70136777331425
762,1.83179581003206,-0.892486344593605,1.54618382539642
763,1.740866248045,-0.842455597152139,1.41774711787947
764,1.65034850520296,-0.792270511624779,1.20653484643837
765,1.56031425513618,-0.831510151668595,1.09902898329351
766,1.47085228763763,-0.832106398173653,1.05365731222269
767,1.38207373914298,-0.738712256023287,0.99995622858907
768,1.29411926804318,-0.671874934911521,1.06552407325348
769,1.20716901489588,-0.66180319024879,1.19526545069951
770,1.12145658508965,-0.743041934458104,1.19281605891132
771,1.03728887252747,-0.73103187261518,1.33180094420113
772,0.955074357843316,-0.709474141225738,1.30852792626665
773,0.875363549653788,-0.67229210655232,1.35677433316603
774,0.798906221171972,-0.694577985622013,1.32162546291027
775,0.726729968767094,-0.679258731570624,1.33401878849233
776,0.660240286481599,-0.631840499844873,1.21290423816197
777,0.601326463241497,-0.55205395748256,1.15874949257812
778,0.552417673511531,-0.4757242076348,1.01112051748083
779,0.51636474292248,-0.486702102617491,1.06936346298964
780,0.495979133201233,-0.477878241093306,0.971195778632507
781,0.493207405176398,-0.52178168793295,1.05098154011644
782,0.508337761318954,-0.552132128081459,1.03507060696943
783,0.539867118610531,-0.512586765356152,1.10785800629876
784,0.58515059860095,-0.503424341368021,1.11563071717372
785,0.641281086140395,-0.544589824929345,1.17128420250239
786,0.705674947091011,-0.618724864492596,1.14581535300759
787,0.7762785077371,-0.627857126216206,1.20422472113479
788,0.85154859127904,-0.679761347899351,1.21227029103322
789,0.930353253423793,-0.714431921490413,1.28970674789416
790,1.01186700712855,-0.745749448554332,1.35625579171305
791,1.09548527839789,-0.735718111622529,1.33184557893737
792,1.18076104329786,-0.765441011681104,1.28931637190938
793,1.2673597668639,-0.858571758487043,1.25142029042638
794,1.35502782520248,-1.01169292776454,1.17466807771605
795,3.02043046956635,-1.20806072635199,1.30767601833356
796,2.92668724686431,-0.950093800925831,1.26097133296106
797,2.83300048562364,-0.932653313411021,1.33240833990802
798,2.73937597880274,-1.09264610111576,1.42763753630656
799,2.64582033517986,-0.803705012037152,1.44102413690726
800,2.55234112727379,-0.693526002913477,1.51200319528122
801,2.45894707242904,-0.806029432219279,1.45619659901201
802,2.36564825600799,-1.21893627691929,1.35763199370076
803,2.27245640847344,-0.980001659362917,1.56432412387348
804,2.17938525203383,-0.989807681563724,1.53849231632472
805,2.08645093790035,-1.01115476185629,1.54099333996676
806,1.99367260272595,-1.01422064219891,1.52904745927724
807,1.90107308343657,-1.03942493276853,1.53053325129174
808,1.80867984491068,-0.986429927390133,1.40594751975974
809,1.71652619709615,-0.900106362070001,1.30802381557105
810,1.62465291073532,-0.933635508665702,1.20868642395093
811,1.53311038954026,-0.904916577977096,1.04360780150869
812,1.35128631761139,-0.785550582253104,1.03701979427039
813,1.26118657289701,-0.711509631113457,1.11257760265808
814,1.1717951707785,-0.732781134813155,1.15258779719857
815,1.08328747983905,-0.770574586212947,1.19717983837579
816,0.995899139875326,-0.762471574314918,1.32157724786059
817,0.909952702476855,-0.733770776976817,1.2934522061972
818,0.825898441575954,-0.69931082407616,1.3774839934304
819,0.744377620541073,-0.695111771595753,1.27981674817974
820,0.666320748018047,-0.634601734423948,1.28035590745408
821,0.593097064255432,-0.59578492997756,1.12600790963309
822,0.526726121556199,-0.420023334399255,1.0880009834779
823,0.470119322877715,-0.451604509051132,1.02161984894271
824,0.427176122306137,-0.421954944956262,1.02330252703598
825,0.402296150001656,-0.41655019258082,0.98793472424575
826,0.398873960363351,-0.464934085543653,1.00042793072189
827,0.417437625661457,-0.585743593760755,0.971432213628811
828,0.455305828528415,-0.624423799420207,1.04810977345123
829,0.508181183022511,-0.61368806498589,1.04327248808816
830,0.571916360298002,-0.626131507773056,1.06862819350242
831,0.643291553408724,-0.643934580823573,1.0367040634726
832,0.720038341555258,-0.67853255945444,1.07870701678616
833,0.800613449202813,-0.665287099063864,1.16252643483132
834,0.883970626147354,-0.667653887018241,1.20420595631245
835,0.969392455020363,-0.723209688599323,1.26712029741186
836,1.05637819313048,-0.736983429288649,1.24803342673088
837,1.14457133159317,-0.773387167352694,1.20803046084149
838,1.2337129611058,-0.868701214612384,1.21222132948292
839,1.32361146066664,-0.972590872415398,1.17431475371039
840,3.00944224140156,-1.16134108681834,1.18177112413635
841,2.91534571257089,-1.00731138766393,1.2167611570446
842,2.82128235637467,-0.973199078385499,1.27857164594066
843,2.72725560519888,-0.868846345220615,1.39968583183084
844,2.63326938023791,-1.09515437656381,1.81943747865685
845,2.53932818139375,-1.07421858264747,1.82142374023648
846,2.44543719769178,-1.12028561432709,1.31087196715353
847,2.35160244386692,-1.2673263911685,1.36890975888513
848,2.25783093061887,-1.0796456388605,1.39637833471493
849,2.16413087858147,-1.0737739302868,1.42804407643152
850,2.07051198960849,-1.04869904472284,1.43102217700392
851,1.97698579400746,-1.05730244685452,1.37399748289471
852,1.88356609956069,-1.03298885824666,1.36392625310732
853,1.79026957864825,-0.948535861311979,1.26075264796135
854,1.69711654525098,-0.9466036647276,1.21129737098864
855,1.60413199681572,-0.97174640629683,1.13983812088044
856,1.51134703141387,-1.00424081888162,0.995249327509966
857,1.32654328802758,-0.909856105803805,1.09576881828984
858,1.23463920013215,-0.761123857556377,1.17314514567956
859,1.14317378604788,-0.783368689370002,1.19207901503852
860,1.05226144413985,-0.727410687220206,1.20538696173249
861,0.962058979299951,-0.718182629704564,1.30310180206049
862,0.872786516619145,-0.691523505497297,1.27136548802246
863,0.784761504308691,-0.68372870435467,1.3209922799526
864,0.698455742914065,-0.63555809336334,1.21871198640571
865,0.614593948950508,-0.613291932886363,1.18934424938227
866,0.534328092538341,-0.564702848455498,1.04417778770167
867,0.459546287088565,-0.431065001837394,1.03391208482156
868,0.393388561844712,-0.39402980584201,0.951828862172918
869,0.340913218159339,-0.370153847178317,0.97003343103456
870,0.309167551909001,-0.498835702007193,0.914907033717002
871,0.304701196425603,-0.55920017861461,0.92388004324277
872,0.328628291790473,-0.570530018559715,0.920000059663232
873,0.37556062139047,-0.576254832870747,0.967079259150964
874,0.438167202818067,-0.622098671097469,0.942829039567656
875,0.510715876024785,-0.652407770434676,0.967819637008206
876,0.589547627876035,-0.662278613973074,1.00059706621375
877,0.672456389780703,-0.670943580219216,1.0474585813538
878,0.758105716830889,-0.652296568661519,1.11255688039881
879,0.845663319967583,-0.667650715479946,1.10561462547799
880,0.934593020890728,-0.677519458217664,1.21046783543913
881,1.02453758826549,-0.725486858302957,1.19194507912034
882,1.11525150345212,-0.764912139602171,1.16784992372072
883,1.2065612513452,-0.948846372224495,1.18702241576509
884,1.2983411268443,-0.951923904317372,1.17343794389866
885,1.39049804069444,-0.956320559316059,1.13830552985345
886,3.09576774806027,-1.89352827996687,1.51983444067989
887,2.90703947303177,-1.18756295310403,1.26259009590353
888,2.81269835004581,-0.866021546784261,1.27872231481081
889,2.7183747000824,-0.893204199055297,1.40142576284788
890,2.62407040737438,-0.923254546652345,1.52591282406638
891,2.52978763669599,-0.951994242755859,1.49833353242429
892,2.43552888749323,-1.34075333262843,1.37058851982873
893,2.34129706102414,-1.24511455419551,1.48488176655707
894,2.24709554430128,-1.05289505712888,1.41194144568279
895,2.15292831594301,-1.0963641771915,1.41434286420425
896,2.05880008088981,-1.03318969164687,1.36753756230331
897,1.96471644357823,-1.09087133308497,1.30935649153839
898,1.87068413297747,-1.06154322121046,1.28527322484709
899,1.77671129849302,-1.04092560375202,1.1594043597394
900,1.68280790410671,-1.06178104539409,1.10773469600911
901,1.58898626084916,-1.1637885514869,1.06440435155501
902,1.49526175746019,-1.13378309886205,1.00733313729991
903,1.40165388045358,-1.08973519983326,1.09599540912279
904,1.30818766580732,-0.871797887760767,1.08112080251109
905,1.21489580971471,-0.751604841131223,1.20510780920346
906,1.12182181252927,-0.785664969520512,1.22534571889107
907,1.02902479114095,-0.694554691786089,1.21001106376561
908,0.936587077431167,-0.672785065638537,1.25679303522227
909,0.844626649799527,-0.663462147976809,1.23649381820057
910,0.753318320900422,-0.616461448741894,1.25246432543801
911,0.66293159433612,-0.632868673961201,1.15028836070732
912,0.573902078795652,-0.519300856171443,1.11331643508186
913,0.48697472669026,-0.488897755943638,0.972280265905155
914,0.403510426056474,-0.527915035305695,1.00424993833757
915,0.326178531711764,-0.531603244682326,0.920160452134969
916,0.260498937186217,-0.505897994738962,0.94601233006692
917,0.217307268890841,-0.453258721801985,0.88249207077836
918,0.21090446430217,-0.481567023963171,0.888705535159978
919,0.244201613681228,-0.512427058352776,0.868828818179261
920,0.304439902605732,-0.537889963135402,0.893674300262622
921,0.378983339455445,-0.599140553794157,0.841510300036715
922,0.460943141811607,-0.669141456018358,0.932208557482095
923,0.546995685077726,-0.698627630131952,0.920972771018798
924,0.635480503332941,-0.641931699359626,1.00074851550847
925,0.725508202469873,-0.653835334540358,1.06385918215046
926,0.816568628284229,-0.658319261984201,1.04926614341051
927,0.908351247402153,-0.72507034412352,1.09555362212272
928,1.0006573558058,-0.701361530849068,1.15632400044026
929,1.09335437526522,-0.749913931849037,1.14221497567697
930,1.18635067632091,-0.777857742639098,1.15126246926427
931,1.27958100783604,-0.864262546342535,1.13138262666334
932,2.90179459349493,-1.01590797421229,1.28217748165336
933,2.80727721705961,-0.722016595876272,1.6335649615365
934,2.71276507923551,-0.906020519722526,1.43283167406604
935,2.61825874732225,-1.04730315512432,1.49913824769159
936,2.52375887355576,-1.00526022619898,1.50986814466075
937,2.4292662116132,-1.58872758060572,1.46483302154659
938,2.3347816371198,-1.19104991505269,1.52143759677662
939,2.24030617333663,-1.07006965185115,1.41473647083832
940,2.14584102362238,-1.01891580597207,1.39097300581867
941,2.05138761284732,-0.982571350089366,1.31966551281388
942,1.95694764077587,-1.0760126359523,1.22805747770777
943,1.86252315165348,-1.1402506509658,1.1745961440998
944,1.76811662603582,-1.10501293890555,1.11133970651564
945,1.67373110361119,-1.12782191683587,0.993843163452818
946,1.57937034993029,-1.19647746361131,1.01364370850817
947,1.48503908648711,-1.16406248869817,1.01394995278243
948,1.3907433140814,-0.955535940532902,1.05986659553334
949,1.29649077668988,-0.815647545510616,1.15762167622853
950,1.20229164246196,-0.845925856524437,1.17715013411787
951,1.10815953009392,-0.747724527907171,1.28270020514893
952,1.01411310308772,-0.688521687582978,1.26012346691843
953,0.920178634115457,-0.613237262745786,1.29721895419231
954,0.826394302148257,-0.653895655793104,1.20987457947498
955,0.73281775202008,-0.664758753729047,1.19536331111694
956,0.63954019720465,-0.64598532182935,1.08279462873997
957,0.546714698099021,-0.59318512354751,1.05510099632664
958,0.454618245901533,-0.584001824766133,0.924557029531972
959,0.363804932632599,-0.589495178879902,0.977519566211844
960,0.275546365646827,-0.575985163510403,0.936969313928701
961,0.193372855764922,-0.50951038829243,0.883133151425879
962,0.129444251260259,-0.518570598147061,0.806239774930678
963,0.118380987215507,-0.555119818071217,0.820508224108242
964,0.170785810874465,-0.568599998236559,0.788380262199117
965,0.249433396661554,-0.483055481171139,0.826487623839428
966,0.426616859787196,-0.590415215586763,0.872861283258667
967,0.518399117056717,-0.725677666593473,0.870706004823462
968,0.611039143744344,-0.674446810256435,0.989832274796378
969,0.704198492559164,-0.657890621402475,0.982943248577186
970,0.797695236145684,-0.632672310488888,1.06132741267019
971,0.891423218078024,-0.704056050614545,1.1102721115264
972,0.985316451095679,-0.712717201218258,1.18297339279238
973,1.07933180949286,-0.73357701701208,1.18253694625636
974,1.17343993978329,-0.689779804983906,1.16845357197308
975,1.26762017997752,-0.763648156102834,1.23365036162107
976,2.9942182117452,-1.0777631117439,1.4169164159633
977,2.8996276862763,-0.861392752950337,1.57408540080818
978,2.80503729558193,-0.657052451330299,1.65904810793247
979,2.71044705377237,-0.793297966567736,1.4619884331088
980,2.52126708383604,-1.15013214653208,1.3193235152629
981,2.4266773957552,-1.63160492207363,1.48559642117663
982,2.33208793771064,-1.13145515140835,1.53686552857761
983,2.23749873887649,-1.0072057780568,1.43257904702101
984,2.14290983357779,-0.957634342853088,1.35654486014831
985,2.04832126247986,-0.925462210207638,1.25498002343038
986,1.95373307412295,-0.923541056733241,1.23224027229751
987,1.85914532692548,-0.942745273286723,1.1349643275068
988,1.76455809183148,-0.955575188839211,1.07661925433672
989,1.66997145585762,-1.08598416347991,0.971309630997226
990,1.57538552691797,-1.17601065662592,1.02709649690084
991,1.48080044049768,-1.0620978800495,1.05504751901771
992,1.38621636905852,-0.866864617796485,1.12921520923899
993,1.29163353557641,-0.784759385985863,1.22349184981867
994,1.19705223349592,-0.818489639816427,1.26363378606811
995,1.10247285695461,-0.749377644099598,1.35039769009494
996,1.00789594802137,-0.706937985573858,1.29966107693991
997,0.913322273278311,-0.64689856070291,1.31663211999295
998,0.818752953464462,-0.714620599222413,1.20263016451562
999,0.724189694665312,-0.810439375832283,1.12395831995349
1000,0.629635227750352,-0.718965075641223,1.04100554514973
1001,0.535094213481307,-0.618837427256635,0.948407618612712
1002,0.440575312166104,-0.607721568257945,0.897134556075035
1003,0.346096641404513,-0.55516190486677,0.896905323901022
1004,0.251703507732509,-0.495568565123662,0.836043811877183
1005,0.157549730340472,-0.509923529488422,0.877753233791459
1006,0.0646890281887362,-0.523904916787568,0.818942209550454
1007,0.0379857120216557,-0.501551157195756,0.816538504987162
1008,0.128827983682593,-0.471893629913009,0.79115849095595
1009,0.222813544367918,-0.468789452230375,0.794152695755606
1010,0.411619728922657,-0.585152103574456,0.796711580123817
1011,0.50612893688156,-0.709531459289803,0.846760060028186
1012,0.600664374981149,-0.766120425019709,0.976288493596451
1013,0.695215342973868,-0.711504847772885,0.979105658512734
1014,0.789776263224715,-0.656740622434635,1.11097044085068
1015,0.884343943221332,-0.684151366469965,1.11918497541411
1016,0.978916423901171,-0.721507026495094,1.18307100122707
1017,1.07349243647396,-0.693347336773505,1.18710498587465
1018,1.16807112303245,-0.592903988393367,1.2091509647832
1019,1.26265188269369,-0.637918238100829,1.27332410010287
1020,2.99510718453321,-1.31548691468055,1.170717492531
1021,2.90054564975555,-0.822925641441551,1.52122004204035
1022,2.8059862039756,-0.801965437880401,1.65440810526283
1023,2.71142906575096,-1.00137336872157,1.47020217820059
1024,2.61687448522258,-0.805350992044597,1.63973304872872
1025,2.42777419262275,-1.59138840080414,1.48362465176799
1026,2.33322919930968,-1.11770514793676,1.55046651312169
1027,2.2386882216534,-0.977295723092279,1.33987982653248
1028,2.14415179083483,-0.932819997814708,1.34356474564195
1029,2.04962053600731,-0.914228871272105,1.22284992052287
1030,1.95509520796756,-0.939282907343327,1.16892754832316
1031,1.860576710035,-0.965053100422157,1.07323905334337
1032,1.76606613883619,-1.28434723719705,1.05150697607483
1033,1.67156483890845,-1.20926789460191,0.962514775605156
1034,1.5770744769092,-1.08274356109518,0.989444227968733
1035,1.48259714416086,-0.910776681263344,1.08007764248852
1036,1.38813550100183,-0.799563848570168,1.19093326672547
1037,1.29369298425918,-0.725417550988332,1.26666861021223
1038,1.19927411254199,-0.817020874659959,1.32631325666271
1039,1.10488494768345,-0.808202500380505,1.34923346886958
1040,1.01053381404766,-0.771330576133784,1.32150162121719
1041,0.916232460766414,-0.704709601132409,1.28274142999952
1042,0.821998020741288,-0.722875022787654,1.19160141900897
1043,0.727856483899988,-0.903804457280301,1.11191539669421
1044,0.633849246524797,-0.817681005291482,1.06472906848683
1045,0.540046446703423,-0.700033815697745,0.934330223787972
1046,0.446576928407722,-0.589821368421445,0.952458301062549
1047,0.353705007721547,-0.534742975673117,0.857674226301909
1048,0.262066791296922,-0.450892696043885,0.789129321778507
1049,0.173626797546262,-0.440002524756304,0.812034245619047
1050,0.0975141921148839,-0.426124094597448,0.80560444774276
1051,0.511361758488717,-0.777768724486164,0.899836747933083
1052,0.605080191931045,-0.775348625457848,0.900004830441478
1053,0.69903413393202,-0.722077437311665,0.982423480153441
1054,0.793139895131375,-0.599998072761158,1.11817745618234
1055,0.887349174343488,-0.669410350569995,1.15065802277921
1056,0.981632167504342,-0.670085701642592,1.22019141975247
1057,1.07596949699451,-0.666776904082396,1.19600230884514
1058,1.17034802334951,-0.601798205198357,1.21720407183939
1059,1.2647585240534,-0.616359582758233,1.28798598314984
1060,1.35919433624684,-0.613507137205808,1.26236514617016
1061,3.09342599020716,-1.56733843196491,1.06726060866926
1062,2.9989809744729,-0.992839154769874,1.01594948344593
1063,2.90454555907182,-0.706827611692449,1.41130220834666
1064,2.81012071187509,-0.857482494816598,1.58562271603201
1065,2.71570753524879,-1.41616523727966,1.87938769220141
1066,2.526921426111,-1.21427608456728,1.48243612901147
1067,2.43255161687743,-1.1564514485572,1.36949205451777
1068,2.33819980645779,-1.02100103657142,1.54411369859568
1069,2.24386826533503,-0.932737530650135,1.41961841271896
1070,2.14955966201178,-0.911964429704273,1.32197091218016
1071,2.05527715406727,-0.943663378405446,1.1882847191511
1072,1.96102450536083,-0.997167305458273,1.11547317388427
1073,1.86680623856163,-1.07201111135079,1.01490544645243
1074,1.77262783605351,-1.19846975786272,1.00720393134559
1075,1.67849600806287,-1.11258396439627,0.933526456316787
1076,1.58441905571928,-0.948790796786397,0.997960568100712
1077,1.49040737058091,-0.817873008458028,1.10685854102839
1078,1.39647413422146,-0.785421843007576,1.22012950729561
1079,1.30263631759957,-0.771493104961495,1.29498434068774
1080,1.20891614077294,-0.870212289895672,1.33104613898465
1081,1.11534325928183,-0.86384374459044,1.33966473736731
1082,1.02195813404545,-0.812773204170585,1.36264515907757
1083,0.928817398938044,-0.782401334395927,1.26605977880255
1084,0.836002741927651,-0.753340589324062,1.24541023615763
1085,0.743636268321556,-0.954638232158512,1.10007475173246
1086,0.651908510243584,-0.922239991670051,1.05651990859466
1087,0.56113278553739,-0.72403150179903,0.927158470069412
1088,0.471858868088788,-0.602665691470582,0.863812642906651
1089,0.38513253679124,-0.491680825707238,0.820139029551403
1090,0.30314821706324,-0.369259675642876,0.818180107298406
1091,0.444943802004404,-0.610912690189547,0.802962299880217
1092,0.533582876836045,-0.639423599926857,0.881638401629836
1093,0.623972657313818,-0.66324618317363,0.893313734703939
1094,0.715449899580708,-0.685008124648094,1.08482462112442
1095,0.807645176830126,-0.686094811742215,1.13552682800714
1096,0.900337934120309,-0.660417509280714,1.19746100237661
1097,0.993388922168568,-0.730527361026076,1.26896159074654
1098,1.08670612258815,-0.652152435145223,1.24953801095026
1099,1.18022639106489,-0.678510338552696,1.29934587540627
1100,1.27390500531778,-0.63248152847386,1.28579477846243
1101,1.36770942897,-0.58811286773464,1.26446155932596
1102,2.81742679493709,-0.847113054495141,1.4505951113876
1103,2.53504383063863,-1.72419450739322,1.82754347016342
1104,2.44098805779403,-1.24867936022959,1.35316844952094
1105,2.34697542902335,-0.912010388978717,1.40059936458173
1106,2.25301134522171,-0.947788875286775,1.4106287608661
1107,2.15910214442677,-0.903367209626447,1.31345475618856
1108,2.06525531340582,-1.02209115130042,1.16677026671884
1109,1.97147975899977,-1.19456103956084,1.08600381855162
1110,1.87778615977772,-1.22937499520556,0.978056508808189
1111,1.78418742700195,-1.26147514670197,0.973849787730775
1112,1.5973412514696,-0.955763092215018,0.973830556990534
1113,1.50413744711113,-0.970033739350446,1.09224641746629
1114,1.41111847024609,-0.907646116810341,1.19264337770194
1115,1.318323444929,-0.865504365020728,1.25871448959338
1116,1.22580323255465,-0.92643271195236,1.2853965631204
1117,1.13362512125725,-0.88458052988271,1.28962569213847
1118,1.04187991499105,-0.843637512946057,1.30153512751926
1119,0.950692952582553,-0.78395425176624,1.22955640191485
1120,0.860241776496962,-0.747751107702796,1.220340519709
1121,0.770785462423434,-0.727405057252049,1.12343909964549
1122,0.682715193362582,-0.686598160542506,1.08842545765612
1123,0.59664506410851,-0.674096391987847,0.948044803958769
1124,0.51358165944096,-0.577844142894813,0.857155924665422
1125,0.435249813802779,-0.519690672707164,0.870749239783462
1126,0.364711078840113,-0.472234769164999,0.778925732056596
1127,0.307378321867736,-0.434365587593772,0.778969514548244
1128,0.271742866680753,-0.445971953743596,0.803031270702762
1129,0.488968625232982,-0.580415363409063,0.846083264469645
1130,0.570811716744434,-0.653877004559617,0.848530486068406
1131,0.656092376571596,-0.653182199146137,1.03056061839402
1132,0.743628864642937,-0.667793599317272,1.09546939013596
1133,0.832710070298819,-0.687741414078025,1.21115843348627
1134,0.922888793482793,-0.712908963335662,1.33125022766521
1135,1.01387222084804,-0.736960753899204,1.32466295283449
1136,1.10546168020003,-0.759130212122201,1.3172617672833
1137,1.19751812666287,-0.670367308084804,1.29646305203286
1138,1.28994158476025,-0.559430679302825,1.2147569679923
1139,2.82787987111577,-0.568350739115232,1.33391980492179
1140,2.54665624768857,-1.39229390594963,1.46737669240283
1141,2.45304576372422,-1.2135844506304,1.50662529944706
1142,2.35951361196997,-1.02721595451078,1.37148461300856
1143,2.26606949194635,-0.898155155578321,1.32134304177733
1144,2.1727247618372,-0.91351918750788,1.24343772499951
1145,2.07949280599458,-1.10286579760098,1.2143608493817
1146,1.98638950379275,-1.28699818949333,1.06560062983094
1147,1.89343383366966,-1.47337516838461,0.942115820969076
1148,1.80064865959578,-1.2135843498979,0.980314485485513
1149,1.70806176680919,-1.06318575104662,1.01592355846738
1150,1.52362734303183,-0.88743955996611,1.06146076280195
1151,1.43187504961219,-0.981121747740121,1.16079923803732
1152,1.34051763363326,-0.932667401491566,1.28656325280298
1153,1.24964170287874,-0.900081913742108,1.31405591630093
1154,1.15936048586182,-0.945964170615597,1.29079099483432
1155,1.06982455472568,-0.847078338265822,1.24688514709417
1156,0.981237948064776,-0.763318718315718,1.25990868269422
1157,0.893882953558736,-0.723314239400897,1.19102987566828
1158,0.808159049764059,-0.67230802374818,1.1010743899036
1159,0.72464533109677,-0.624049311621622,1.05141474259276
1160,0.644201950600344,-0.593135353729235,0.941175514847272
1161,0.568134615691009,-0.572382252066673,0.942582270972265
1162,0.498450821092306,-0.544631283237537,0.860914188100256
1163,0.438206562777144,-0.490150726920589,0.828367589739325
1164,0.391780874196872,-0.413350625568398,0.819789570535634
1165,0.38113906285742,-0.430504893127003,0.783603705356454
1166,0.478811997234945,-0.554121643571072,0.866196081710348
1167,0.545986389111003,-0.619725395243185,0.863818130103192
1168,0.620352187555559,-0.568538001164987,0.941739759616406
1169,0.699619916259968,-0.624876606119438,0.99456256982659
1170,0.782300906916503,-0.626048255317555,1.21585435087337
1171,0.867419668793199,-0.689900327850295,1.28187864817904
1172,0.954324130350042,-0.730049480928514,1.38004869790385
1173,1.04256783992197,-0.825557016252385,1.36552716961928
1174,1.13183759745951,-0.847938414038769,1.4460744520446
1175,1.22190854171595,-0.850845177879464,1.37777219367814
1176,1.31261575212475,-0.969640610777357,1.27984066046173
1177,2.84144520925639,-0.632376286002682,1.15693798007397
1178,2.6548605183161,-1.38105398049162,1.65510361586962
1179,2.56171121628407,-1.18532893805417,1.37333887031404
1180,2.46867167332347,-1.15886669078391,1.40556789210321
1181,2.37575478465602,-1.0393334485053,1.2292904357477
1182,2.28297552638533,-0.854737855798865,1.25937032851201
1183,2.19035138789302,-0.802612635800112,1.26127542424427
1184,2.09790291527696,-0.988972917803423,1.15280547185649
1185,2.00565440007056,-1.15494814716237,1.05039113919319
1186,1.91363475988219,-1.27830315847973,1.03662335708951
1187,1.82187867517254,-1.07505698831305,1.02744700379197
1188,1.73042807159954,-0.975842257100279,1.07743062883709
1189,1.63933407395292,-1.05354589124433,1.01958823568473
1190,1.54865961146361,-1.0207430899609,1.11838433353959
1191,1.4584829342321,-0.93805347106394,1.2040547465509
1192,1.36890242085625,-0.974940238591098,1.25509339417961
1193,1.2800432404095,-0.891706382884141,1.25763159823127
1194,1.19206671286558,-0.82727071924279,1.30824848776782
1195,1.10518364520942,-0.784560836705662,1.19250155119113
1196,1.01967358623569,-0.703923283042751,1.20125069368696
1197,0.93591294809254,-0.663055592800226,1.15486508590278
1198,0.854416386465011,-0.58963185468196,1.15776594597807
1199,0.775897652802692,-0.59256949917034,1.04319320141003
1200,0.701357587042208,-0.505729221071059,1.03075827100333
1201,0.6322050721805,-0.552339750656646,0.939099118100866
1202,0.570402956507042,-0.562478569519811,0.912155030573259
1203,0.518585868883196,-0.561105996408852,0.89118622052207
1204,0.479998505342304,-0.57304196456446,0.848748864903476
1205,0.457997072008647,-0.45977480318342,0.820822913400063
1206,0.454994024046781,-0.443213604760853,0.863330097360376
1207,0.471352624878883,-0.515321772797353,0.864142177376091
1208,0.505195529626188,-0.566105862361592,0.890913561944298
1209,0.553323811561095,-0.625709293914058,0.895821785046529
1210,0.612378517617047,-0.634637106354218,0.965530728669828
1211,0.679516849201952,-0.650999999635789,0.985361862117689
1212,0.75257846034283,-0.6196274795676,1.15024847935003
1213,0.830000614883365,-0.675639609920398,1.20402820666204
1214,0.9106718363679,-0.704497333853919,1.35414912603716
1215,0.993801216296672,-0.780383613304284,1.37454310236708
1216,1.07882065821152,-0.805858641900548,1.34955376338898
1217,1.16531654873999,-0.882454525277951,1.41895171603257
1218,1.25298315873071,-0.917557048420138,1.36228072294767
1219,1.34159100491558,-0.901755344354394,1.3358533786957
1220,2.67265526669081,-1.11232573123624,1.55494128721669
1221,2.48779855163681,-1.2940708873758,1.3065229527344
1222,2.39562363481255,-0.93256994276057,1.09919082927709
1223,2.30364473322839,-0.554108071825003,1.16053531952757
1224,2.21188630026532,-1.02868930907265,1.15124522527809
1225,2.12037695818081,-0.976584016560418,1.08183025535695
1226,2.02915040728353,-1.11729209353248,1.11437140822298
1227,1.93824657798895,-1.12250479696882,1.05485070984389
1228,1.84771310270425,-0.956748891323129,1.10549935303605
1229,1.75760721261499,-0.811415548331483,1.12769208688201
1230,1.66799820409964,-0.892397874364001,1.08827151756217
1231,1.57897067579963,-1.03113689006421,1.15154319223488
1232,1.49062881774867,-0.936543817654304,1.18298257734439
1233,1.40310214905495,-0.923309827955386,1.21623736884561
1234,1.31655326522499,-0.8565992466705,1.28252151774514
1235,1.2311883896377,-0.794338513133916,1.25502429160364
1236,1.14727184768689,-0.746648653800915,1.21586572912959
1237,1.06514601126948,-0.687374554469859,1.17222791968928
1238,0.98525877274135,-0.623275796478303,1.13746073473485
1239,0.908201059411654,-0.583384011558534,1.15017766976762
1240,0.834756833144389,-0.592928689892005,1.04136311451663
1241,0.76596623147381,-0.547716461044322,1.04366123801076
1242,0.70319631408823,-0.597751737544628,1.01169559078612
1243,0.648198531044692,-0.616400625242404,0.981320646995135
1244,0.603102898568612,-0.695545042585326,0.952546332241848
1245,0.57026341982225,-0.612396120143215,0.919081572705756
1246,0.551872377298426,-0.483393250609081,0.933357565858805
1247,0.54938271248266,-0.450052728082138,0.930958669181249
1248,0.563005417235692,-0.570746200742686,0.882529525186819
1249,0.591628537184277,-0.681992191074557,0.982327910399145
1250,0.633221164599716,-0.755027578167969,0.998266450286366
1251,0.685426328422956,-0.750107564128652,1.10130131899754
1252,0.746019404041122,-0.727632963041524,1.11543485434477
1253,0.813127383519032,-0.714963565534299,1.24180807818091
1254,0.885269915654704,-0.702026082970702,1.25051122126424
1255,0.961314202750696,-0.701418447296966,1.33676464098805
1256,1.04040504630133,-0.772498159164028,1.32324165373635
1257,1.12189830886782,-0.836659307258906,1.39926422223182
1258,1.20530679149493,-0.880893058882966,1.37054548118906
1259,1.29025912084329,-0.82144390017478,1.37971874813115
1260,1.37646947925732,-0.828463074677169,1.3334409717442
1261,1.46371559629823,-0.919182588947378,1.28299529295633
1262,2.51034637599971,-1.45573319131531,1.2550843467968
1263,2.41903077567053,-1.08146365033027,1.02877450162846
1264,2.32797687937392,-0.661269914295311,1.0668015695641
1265,2.23721664111236,-1.01471529845713,1.10021781730712
1266,2.14678730636101,-1.25100753623345,1.17445367178845
1267,2.05673252255795,-1.15001709773747,1.09365543582702
1268,1.96710373164573,-1.08689047708877,1.05853794669435
1269,1.87796192822795,-0.847618419681341,1.10194192356577
1270,1.78937989476938,-0.823121743221888,1.10823462575628
1271,1.70144506312966,-0.92114130315563,1.08309739734007
1272,1.61426320313752,-0.984780075669428,1.11817518924632
1273,1.52796320841553,-1.01970095218639,1.21250056374474
1274,1.44270334256606,-0.846243394829377,1.21287857225862
1275,1.35867943023483,-0.86618906424636,1.21685061621139
1276,1.27613562944827,-0.832202795933712,1.18782685391272
1277,1.19537859545148,-0.688207920927768,1.18001475881178
1278,1.11679600612285,-0.642358928293068,1.24535929134396
1279,1.04088046539094,-0.590275782879386,1.20959217194044
1280,0.968259499455137,-0.58570603434884,1.23270623832104
1281,0.899731217892273,-0.554477805915324,1.11462204450086
1282,0.836302314792237,-0.600062397414565,1.12230762129944
1283,0.779219064266228,-0.628968046385042,1.12935117630945
1284,0.729971663571375,-0.764204107796954,1.06794782012324
1285,0.690239378933515,-0.722697688369947,1.03019948614965
1286,0.661738363672556,-0.631952343837971,1.03919456710676
1287,0.645956975961773,-0.573422376011363,1.01692277633075
1288,0.643831234675259,-0.530363234794313,0.941709117217729
1289,0.655494007451936,-0.638371356215381,0.960013690922259
1290,0.680236444171782,-0.710596773181686,1.09875022489654
1291,0.716705195506272,-0.758285630200623,1.13912617200572
1292,0.76322116431873,-0.755255042991442,1.2347456016637
1293,0.818072273808698,-0.739555453935712,1.25155226002169
1294,0.879700764917918,-0.730513259134137,1.3114405841123
1295,0.946784092352607,-0.733069357024893,1.25899678367842
1296,1.01824471045956,-0.761875182071605,1.360716018138
1297,1.0932245672038,-0.765106445446519,1.27705287747477
1298,1.17104786811177,-0.846598712144534,1.3334669466597
1299,1.25118414136069,-0.838535118780116,1.3177252298214
1300,1.33321637136961,-0.724695783291232,1.33715218263525
1301,1.41681527423147,-0.852688332857211,1.33643841550975
1302,1.50171922835641,-0.925441722463826,1.27829435414415
1303,2.44587462448956,-0.795946203664041,1.35323468598518
1304,2.35585847112689,-0.88958829491982,1.05354867347163
1305,2.26621514520376,-1.11585910129386,1.10885768445712
1306,2.17699070366264,-1.50126680646965,1.15844089295104
1307,2.08823884036965,-1.1874355443286,1.0594005347204
1308,2.00002246890762,-1.06876241428799,1.11506333823196
1309,1.91241569460054,-0.882686138825447,1.04980147318863
1310,1.82550628398965,-0.771496192793696,1.06036263333369
1311,1.73939877196952,-0.760358721685722,1.11605473977201
1312,1.65421838766368,-1.04306429356995,1.09586368992991
1313,1.57011603117486,-1.01508365440934,1.13449689349016
1314,1.48727459459647,-0.957321156254824,1.21119722992571
1315,1.40591698873868,-0.832191365240565,1.20218873603448
1316,1.32631630082275,-0.794124061408481,1.22109308231899
1317,1.24880854078773,-0.753179528655983,1.22573816308243
1318,1.17380837634289,-0.66090196689207,1.25756768799018
1319,1.10182799397785,-0.637572875438911,1.24399520253581
1320,1.03349854541064,-0.641485970221183,1.27550390485399
1321,0.969592207853754,-0.679378746955217,1.25188724468341
1322,0.911040255316777,-0.689003877025441,1.16750556441719
1323,0.858938376833135,-0.704827877412495,1.17354150175233
1324,0.814525269526959,-0.803651013710496,1.15921465476072
1325,0.779116926597882,-0.79981342789763,1.12755930070526
1326,0.753983054873806,-0.74009586910404,1.10810431252811
1327,0.74017106122469,-0.596082486706011,1.03993789801988
1328,0.738316628435438,-0.608779673498006,1.01641471809639
1329,0.748508636480705,-0.595179680412436,1.10696655499824
1330,0.770269047190834,-0.654993516636455,1.15877889187097
1331,0.802657537400907,-0.770511316914254,1.1850696490987
1332,0.844452089076013,-0.792755896867557,1.32118091900664
1333,0.894334965354335,-0.791819958699167,1.31318333381546
1334,0.951034290064231,-0.76425739760369,1.35865051588683
1335,1.01340658307155,-0.788720262515701,1.28950318639763
1336,1.08046984014348,-0.785315112292454,1.32981572295018
1337,1.15140468099567,-0.849292907605043,1.26350727251324
1338,1.22553902201845,-0.837277587333634,1.27504703829484
1339,1.30232658756292,-0.823596984449104,1.28361324467359
1340,1.38132497189067,-0.827047474359369,1.34926558276632
1341,1.46217588079423,-0.832122305929642,1.2620185164552
1342,2.21083169871126,-1.57264142618313,1.11761642646094
1343,2.12349469757316,-1.35071570274895,1.13297217868673
1344,2.03680587006428,-0.871138345299683,1.02887201325006
1345,1.95085162561057,-0.822144522706717,0.975100915750516
1346,1.86573349358333,-0.88116369324958,0.995681335596741
1347,1.78157131884245,-0.820149420034206,1.00499788588142
1348,1.69850721231249,-0.820697487163402,1.07789162990463
1349,1.61671043404353,-0.876299820014216,1.15346340358955
1350,1.53638341436148,-0.936523105563483,1.09651563137913
1351,1.45776913652916,-0.829380916443223,1.10790404542086
1352,1.38116009427621,-0.881428869117228,1.17082264647589
1353,1.30690896688993,-0.819996082930305,1.24332511754727
1354,1.23544096603832,-0.702247925688197,1.29262650369855
1355,1.16726740916818,-0.711966884841099,1.30761200153154
1356,1.10299932890227,-0.701871737470033,1.27645286364817
1357,1.04335867549164,-0.724052201667403,1.26937649103063
1358,0.989182805653538,-0.721100054803503,1.2898137634089
1359,0.941415642205762,-0.754659748420901,1.21632613843111
1360,0.901076961691348,-0.809837258487806,1.22913171888516
1361,0.869201623045123,-0.843870078594779,1.19562291390502
1362,0.846745961448758,-0.773544009697022,1.14829902056249
1363,0.834470776041576,-0.68895539002251,1.10893792213688
1364,0.832826344454364,-0.673180383741302,1.13138730577629
1365,0.841874964041068,-0.671421403135194,1.16398394066726
1366,0.861279676558794,-0.732790062380746,1.15350310985823
1367,0.890363632758793,-0.782079099628878,1.30668057653042
1368,0.928217435161497,-0.815773965910636,1.35901766484118
1369,0.97381892898438,-0.811860611864903,1.36431084974719
1370,1.02613571084478,-0.825050268946426,1.43024905881195
1371,1.08419609794801,-0.766391918045272,1.33420702214687
1372,1.14712830653446,-0.802828386792157,1.28113040401854
1373,1.21417503499771,-0.809914065264135,1.241268885087
1374,1.28469224745963,-0.915624180625579,1.18151897854273
1375,1.35813946885665,-0.912795679725442,1.12062786966516
1376,2.16231669695408,-1.05872093434162,1.03717498333369
1377,2.07724864174547,-0.840967447388512,0.933175484422797
1378,1.99303934543513,-0.878151915157797,0.944642212433418
1379,1.90980240768089,-1.00898558143839,0.835130854857151
1380,1.66737410164915,-0.891631317928205,1.00943122721362
1381,1.58960931150711,-0.778863721182359,1.10759338445048
1382,1.51376174569252,-0.907612832133694,1.0241316041333
1383,1.44013435947003,-0.85275555871096,1.12235203863664
1384,1.36908539362686,-0.820621837463157,1.19426977089324
1385,1.30103733531009,-0.76648267379388,1.21259843510939
1386,1.23648573457654,-0.759949904839675,1.25203568889865
1387,1.17600649949903,-0.718704414087171,1.32034330092183
1388,1.12025938649437,-0.712807079661009,1.26164680394793
1389,1.06998429442011,-0.739789791390816,1.30623406883588
1390,1.02598595443348,-0.780499683781668,1.33175435864564
1391,0.989102349707046,-0.816121418602932,1.31295903251788
1392,0.960153752692434,-0.813262471651164,1.29756813216003
1393,0.93987365668736,-0.760533256862793,1.26705360265436
1394,0.928830040089422,-0.741011500271982,1.21214401034695
1395,0.92735294646769,-0.735109221016595,1.18024173199587
1396,0.935487692267641,-0.806423044268206,1.13996252653598
1397,0.952988168110344,-0.784181941360364,1.18959719036787
1398,0.979352421676958,-0.775344261286131,1.31422360316226
1399,1.01388923174224,-0.847865086504225,1.32300915767225
1400,1.05579689038819,-0.839909163967834,1.41997504597703
1401,1.10423650744576,-0.83631269082365,1.39224314262537
1402,1.15838894422849,-0.809823906907024,1.39505489185573
1403,1.21749214328377,-0.789726212532445,1.26757033985206
1404,1.28086095377944,-0.786533292594656,1.17808707615336
1405,1.34789388973612,-0.841357268383962,1.07337091254339
1406,2.20451644501547,-1.03363304281325,0.937331302959355
1407,2.1211414799703,-0.785956185297398,0.985448232728473
1408,2.03874596035644,-0.92093801501942,0.828156839596243
1409,1.57345285316698,-0.81695130558235,1.01708584259534
1410,1.50275288445685,-0.952207374062687,0.958459357403923
1411,1.43480802669194,-0.872595061341138,1.10367266965275
1412,1.37002825017881,-0.734474860665205,1.2119035072232
1413,1.30888358161776,-0.784176659848409,1.23365658629798
1414,1.25190676381318,-0.758321741603474,1.25314459660655
1415,1.19969177351767,-0.645561132992864,1.32766522634237
1416,1.15288579170832,-0.716976900025333,1.36624515162826
1417,1.11217194583931,-0.773150103066675,1.36975007707073
1418,1.07824056527902,-0.841957590475545,1.3662237687008
1419,1.05174830032028,-0.833751824975232,1.32430435059081
1420,1.03326751083739,-0.792293177327952,1.28884471262566
1421,1.02323237917383,-0.769482792943247,1.24596250187234
1422,1.02189174854264,-0.789264459465794,1.19316122123585
1423,1.02927959311426,-0.83989529583102,1.17034082920274
1424,1.04521084331131,-0.95861370867044,1.23972755233995
1425,1.06930371001963,-0.866382050839356,1.28086178420288
1426,1.1010225395786,-0.806510118985764,1.29311243927159
1427,1.13973081566245,-0.766827277324476,1.39257580054971
1428,1.18474365277609,-0.754123887789693,1.37142259548156
1429,1.23537209152871,-0.72486025209322,1.37291234938681
1430,1.29095560627581,-0.764142449291274,1.21372900074006
1431,1.35088268970107,-0.732398473180663,1.14184216934232
1432,1.41460142669418,-0.783674488097361,1.05970951284592
1433,2.41600023505701,-0.496524139086191,1.20917543984578
1434,2.24990388814123,-0.985475457548152,0.846799589730566
1435,2.16827487362188,-1.0582392868117,0.909644850798348
1436,2.08774036709527,-0.93439688591745,0.906081535254662
1437,1.63643778698387,-0.630689437334905,0.818259088928558
1438,1.56857928753148,-0.726726002570627,0.940893330914902
1439,1.44192654314198,-0.837540455008776,1.04206506267034
1440,1.33020498225294,-0.824147778318948,1.22584610932727
1441,1.28118503775815,-0.735978074087494,1.32317262173389
1442,1.237465311939,-0.671854207832071,1.33549646663096
1443,1.19962543597632,-0.768743767322388,1.37504971649085
1444,1.16823690497373,-0.83800332797621,1.38119377079745
1445,1.14383094762992,-0.845358325346113,1.40829396318498
1446,1.12686134838385,-0.791802868392439,1.3772939036899
1447,1.11766687851037,-0.780984901846686,1.33684844774883
1448,1.11643965142273,-0.762761615769295,1.30827731824706
1449,1.12320578271786,-0.796071346468959,1.27558822453072
1450,1.13782268236527,-0.990314639265542,1.28121829442506
1451,1.15999360937512,-0.934376522475391,1.23553637662583
1452,1.1892961709303,-0.866049229518054,1.32993105931813
1453,1.22521878931886,-0.811192020826227,1.32521526263039
1454,1.26719859229823,-0.791232163387844,1.27514710831918
1455,1.31465545070082,-0.74578586305361,1.28677729109933
1456,1.3670190660354,-0.777743705174105,1.20403272443527
1457,1.42374814867777,-0.827640872734366,1.22793890488987
1458,2.62748910003602,-1.25555168971554,1.35406044765348
1459,2.29829017891878,-0.79015491268173,0.782135784532794
1460,2.21844228417633,-1.34143729707158,0.83620951684483
1461,1.63722668617216,-0.641932300104577,0.803646267694341
1462,1.46130805116492,-0.931908474992584,1.06837941499245
1463,1.41050187360814,-0.926721997069085,1.15836279595804
1464,1.36436994309346,-0.773074842497142,1.22199135306589
1465,1.32340116325089,-0.725334181805257,1.31335997746748
1466,1.28808828396305,-0.771622502760617,1.36090890213001
1467,1.25890734638579,-0.845603358193155,1.41325854763349
1468,1.23629263420821,-0.822904780354618,1.43229599079143
1469,1.2206091672288,-0.840436241327005,1.39532461079766
1470,1.21212602148482,-0.805368378240536,1.37951513833025
1471,1.2109945234849,-0.821557924658463,1.35299547926498
1472,1.21723517488296,-0.844828501147956,1.31699818754794
1473,1.23073583564728,-0.954452208839439,1.33494483863499
1474,1.25126152919069,-1.05223338298771,1.26566585125562
1475,1.27847394296129,-0.950461329715979,1.31443143065899
1476,1.31195705811642,-0.959503107296157,1.27559258618865
1477,1.35124480127182,-0.923076480191583,1.288796636909
1478,1.39584712440113,-0.824299833582888,1.21750856495636
1479,1.44527207388291,-0.812165752849293,1.25211503236199
1480,1.49904270503041,-0.865188264173644,1.17909003214329
1481,1.55670876742443,-0.92782220420732,1.10510893838009
1482,2.75532098609499,-1.21888391551576,1.3651136076537
1483,2.67238932466094,-1.29895109893543,1.22166625476944
1484,2.59025696791267,-0.895148785654962,1.14532615488538
1485,2.50900241295035,-0.550811901677577,1.04988703646864
1486,1.54058007002332,-1.23081655266508,1.05586005912818
1487,1.49247487992452,-1.01389184943633,1.1098443707507
1488,1.44895516610091,-0.775894713318715,1.16339817643113
1489,1.41044545114211,-0.70036769900088,1.24334271382005
1490,1.37736602217295,-0.788041860845967,1.30484016190843
1491,1.35011608335645,-0.806509737270949,1.35316841061377
1492,1.32905425365225,-0.855620139704854,1.39418039036984
1493,1.31447802221134,-0.843439450966057,1.4171409615379
1494,1.30660446337608,-0.851322685964562,1.48382999653411
1495,1.3055548505,-0.829510405579424,1.45402461789463
1496,1.31134556953002,-0.840692620501633,1.42441297918294
1497,1.32388686408623,-0.943330078699604,1.38052087732445
1498,1.3429896299623,-1.03910112848265,1.30219271569322
1499,1.36837909754009,-1.10149481538638,1.33339364318268
1500,1.39971320422976,-0.892970295038672,1.26302008855538
1501,1.43660302266067,-0.900721002086905,1.23110749014307
1502,1.47863278959062,-0.895471886444478,1.27272623146359
1503,1.52537769070466,-0.833529096405231,1.18321274478862
1504,1.57641833383735,-0.777755495836708,1.04820089529321
1505,1.63135156184366,-0.846019965898576,1.13431286251871
1506,1.68979778805426,-0.896480966199471,1.11098115054502
1507,1.75140535051386,-0.942701644114759,1.07555892386253
1508,2.80136662350384,-1.11261937789258,1.42889390416271
1509,2.63918403728992,-0.843042748373233,1.07570232224474
1510,2.55948321562312,-0.476345207551285,1.0313936669809
1511,1.67124185894153,-0.704168427501992,0.856225631958968
1512,1.62149565988283,-0.857831777959469,0.976758036380322
1513,1.57586245912247,-1.11001210720332,1.06041921073433
1514,1.5347091894676,-0.898997226760556,1.09609335461754
1515,1.49840501651364,-0.798652597428513,1.22561094681224
1516,1.4673099133797,-0.735712620978448,1.2420675098982
1517,1.44176095848222,-0.748724439508281,1.35528392981338
1518,1.42205711278307,-0.834561271876712,1.37576750383944
1519,1.40844371337389,-0.841255443704258,1.43872223355597
1520,1.40109830011319,-0.848833774831259,1.42719185782208
1521,1.40011952722968,-0.815789960941065,1.44232587431167
1522,1.4055206955402,-0.815143616644343,1.39691378221967
1523,1.41722886358057,-0.855392344356087,1.37203139106878
1524,1.43508967282609,-0.97638892362029,1.37505912805943
1525,1.45887716324934,-1.05571415056037,1.34203280617918
1526,1.48830718501287,-1.01652806123453,1.4230176273458
1527,1.52305268050175,-0.941979543669944,1.34799347010638
1528,1.56275914629169,-0.846939587829802,1.24380620825621
1529,1.60705890438567,-0.762378579055093,1.17323928781753
1530,1.65558327671076,-0.886998142142328,1.15822933699591
1531,1.7079722308034,-0.908055433013559,1.07134474997083
1532,1.76388145502437,-0.946970898467478,1.02696686696423
1533,1.8229870884552,-1.03466379210656,0.95241363698638
1534,1.88498847558334,-0.869585709757759,0.83720977692398
1535,2.84980905908786,-1.28899507160392,1.35878440188103
1536,2.69054810339155,-1.21053330820502,1.40309675219775
1537,2.61241479191847,-0.898245642772207,1.00806074315133
1538,2.10366785276767,-0.854909849076171,0.780870351083276
1539,1.75122987213452,-0.86959683819968,0.779962383105075
1540,1.70382067395509,-1.07870533200009,0.986519291432249
1541,1.66045150608184,-1.04891059340314,1.00906062605383
1542,1.62144657951295,-0.98755225129061,1.08731807382707
1543,1.58712769098494,-0.876442131959705,1.15516055438263
1544,1.55780457563851,-0.838250338338633,1.1822321069323
1545,1.53376379386837,-0.791882320951195,1.29704203064663
1546,1.51525679209659,-0.763759121557129,1.34178457232118
1547,1.50248807240536,-0.865697270176971,1.40290176498052
1548,1.49560461371247,-0.844453135009261,1.46864027962458
1549,1.49468772809166,-0.773202891621349,1.43257741031417
1550,1.4997483587488,-0.756900652136252,1.43990261011001
1551,1.51072643643507,-0.822094302534378,1.43698208742941
1552,1.52749438068689,-0.870682115391827,1.43191052506227
1553,1.54986428161577,-0.979116183317015,1.46226743519814
1554,1.5775978546318,-0.973214899128628,1.42773404891859
1555,1.61041801454203,-0.817045494698122,1.37660303427178
1556,1.64802089285794,-0.811821152932812,1.27624136974888
1557,1.69008728654564,-0.813177473571664,1.17062596881033
1558,1.7362928036775,-0.893038106131478,1.14235063715588
1559,1.78631628083424,-0.906699243585076,1.05591410896572
1560,1.83984632547308,-1.10279141913423,0.958558883674479
1561,1.89658604831215,-1.1014062782233,0.900464724329075
1562,1.95625618645921,-1.04502100668446,0.870866873578244
1563,2.90052820678395,-1.91700084479319,1.32073867492976
1564,2.30501743131355,-0.811434051516991,0.824104650887762
1565,2.23744055869708,-0.858616315828647,0.806960372455391
1566,2.17188181995665,-0.860769187182628,0.788884557472038
1567,2.10852946792922,-0.87569980638549,0.805718440139426
1568,1.78736037051482,-0.870799073403958,0.841412986106877
1569,1.74606741254154,-1.33368440362641,0.996429711236368
1570,1.70901761702574,-1.374875182305,1.04455832432648
1571,1.67649232404484,-1.20288896163462,1.1151278114984
1572,1.64875932172356,-0.824923500766873,1.13966215695886
1573,1.62606383038046,-0.825111663829881,1.18670544965887
1574,1.60861908203432,-0.854008521465556,1.31836287630392
1575,1.59659719804666,-0.927699335109493,1.32594022929082
1576,1.5901211795483,-0.929726140226513,1.40082857714789
1577,1.58925882397987,-0.806808021367645,1.37331055709702
1578,1.59401924224892,-0.773790675063472,1.38930753456487
1579,1.60435238362209,-0.773773707887448,1.40150443198408
1580,1.6201516250401,-0.813900735477869,1.4211646486473
1581,1.64125911924914,-0.855932573599095,1.42714546314867
1582,1.66747329694629,-0.88271102866759,1.39626239364632
1583,1.6985577372146,-0.839213792505372,1.33384210666896
1584,1.73425057831513,-0.835353104880012,1.34118561784925
1585,1.77427372218417,-0.870225008349923,1.25205380545691
1586,1.81834125102862,-0.883493675729508,1.14314869143572
1587,1.86616667537054,-0.970514658586574,1.02914419474653
1588,1.91746882802482,-1.07955128963762,0.930454149261343
1589,1.97197638011777,-1.27010672632454,0.890652480913983
1590,2.02943107105169,-1.34596330103374,0.860570509506659
1591,2.57893802104746,-1.51409094780619,0.975613986000246
1592,2.30557757403756,-0.908351567182285,0.832262342151243
1593,2.24201211773274,-0.843822268505854,0.860658716662193
1594,2.18069810228929,-0.795965642666248,0.813372867132831
1595,2.12183071466786,-0.879283604739583,0.828930821782922
1596,2.06561914233962,-0.877560695187019,0.785748781113596
1597,2.01228596173704,-0.739738032342636,0.801482181383142
1598,1.96206590957597,-0.91593615322605,0.794303909345211
1599,1.79730045109507,-1.21090531694547,0.934644849691062
1600,1.7664014857284,-1.19733994413663,0.999280284364973
1601,1.74010200769167,-1.24172079102448,1.07685491590139
1602,1.71861318413242,-1.10276494550792,1.17532607600082
1603,1.70211722489585,-1.01349271120946,1.28197661737003
1604,1.69076027544199,-1.12055278834571,1.24883496361523
1605,1.68464627202576,-1.0937642705184,1.32075566499465
1606,1.68383232710389,-1.0872735499069,1.36548000842938
1607,1.68832610619573,-0.967553063858883,1.29261743803375
1608,1.69808547106325,-0.910615568807891,1.33121208096762
1609,1.71302042729277,-0.894897110768424,1.37647414924085
1610,1.73299717043066,-0.882392310789125,1.39294431204377
1611,1.75784381906675,-0.903445838464782,1.38130587591931
1612,1.78735729020635,-0.98501271693367,1.34013344527193
1613,1.82131072708327,-0.916892863564256,1.27054250682709
1614,1.85946092656864,-0.865949144159054,1.20762940981595
1615,1.90155531115836,-0.923877954217144,1.13021454534736
1616,1.9473381207345,-1.05350082129213,1.00053454951467
1617,1.99655563474928,-1.14385793077717,0.933717566719009
1618,2.04896035587431,-1.3602928137141,0.881696011781769
1619,2.10431418004827,-1.17640185217751,0.836682361786462
1620,2.25452598136337,-0.984270295205565,0.906043274531275
1621,2.19763708765171,-0.860644772142367,0.837654464539033
1622,2.14341447893641,-0.79016020361229,0.885555274055569
1623,2.09206548155604,-0.747785492636957,0.932526800128896
1624,2.04380669850026,-0.829869931295089,0.986194370170982
1625,1.99886196463461,-1.06868013593051,1.00555031495787
1626,1.85677607591703,-1.31405470550086,0.897008070809742
1627,1.83177459980395,-1.23338578122915,0.930924464712925
1628,1.81137364008317,-1.10286788820367,0.998801025950462
1629,1.79573000047377,-0.9999882276974,1.06299662484577
1630,1.78496876620489,-1.22836521671852,1.15787433758343
1631,1.77917853212225,-1.39031958414569,1.16362433015244
1632,1.7784078534224,-1.48980706325311,1.1804521280502
1633,1.78266324026059,-1.34248548397477,1.23901333300981
1634,1.79190888561625,-1.02237783440924,1.19223246809358
1635,1.80606815254482,-0.909088313739895,1.27917287986443
1636,1.82502667926664,-0.820555774806643,1.34779175419489
1637,1.8486368165612,-0.923678470218424,1.36036888473877
1638,1.87672301370452,-1.00178618935877,1.33503572373378
1639,1.90908772766024,-0.879244849693438,1.29584244841005
1640,1.94551744395928,-0.724927079639618,1.25440712858576
1641,1.98578845517566,-0.910533749094158,1.05471738746101
1642,2.02967212716244,-1.42248555972962,0.933987475031871
1643,2.07693947672133,-1.27200349603144,0.919892843765782
1644,2.8458202353746,-0.735246950360153,1.03378270136431
1645,2.27485108247744,-0.752220834647168,0.925298751198399
1646,2.17303397523942,-0.842032725699624,1.03704203024802
1647,2.12661338735113,-0.852296770384821,1.1086644841425
1648,2.08345574277195,-1.52019484312163,1.14442770703414
1649,2.04376775980784,-1.57194913365901,1.09862746090541
1650,1.97561908708319,-1.1712746515688,0.974247160067426
1651,1.94755130215467,-1.13288707240832,0.969844748841795
1652,1.92372993502555,-1.45253076887523,0.891773917567203
1653,1.90431434968459,-1.28500042843859,0.926641743512201
1654,1.88944037032874,-1.11694943682744,0.963280624104485
1655,1.8792158403849,-1.25520830383387,0.991548863580172
1656,1.87371687498169,-1.72968401294766,0.971225614840552
1657,1.87298509645458,-1.82735293008418,0.967223969382662
1658,1.87702608042693,-1.44682840271996,1.0008915370121
1659,1.8858091453742,-1.07700252578651,1.07194914416946
1660,1.89926850394123,-0.825328023400333,1.1851131990021
1661,1.91730567684486,-0.685618853838752,1.30136544340102
1662,1.93979296781178,-0.758274705203512,1.26071403674023
1663,1.96657772503267,-0.939206203472886,1.24798788841196
1664,2.30278059668727,-0.903264211187827,0.992971268251246
1665,2.25506337540289,-0.951874064860767,1.05708932837903
1666,2.21036618432324,-1.16951840263709,1.15738013148862
1667,2.16887574600945,-1.40859271913334,1.19226904525477
1668,2.1307793939234,-1.5908900436146,1.15308461775603
1669,2.09626218317777,-1.29836966303347,1.06970111349334
1670,2.06550355767935,-0.93366919155509,1.00385925715788
1671,2.03867364824853,-0.847543140626233,0.982678522739818
1672,2.0159293222859,-1.13925612723735,0.977859895393519
1673,1.99741015115907,-1.19326525774041,1.01282551737387
1674,1.98323450014532,-1.12521852038365,1.03580614786531
1675,1.97349597017378,-1.11979670100572,1.04672892752706
1676,1.96826042411308,-1.58521082763802,0.899726165945619
1677,1.96756380864245,-1.2819949597284,0.847463833670522
1678,1.97141093538144,-1.25166883828673,0.813062926062776
1679,1.97977531611938,-1.12867517806133,0.898100726412157
1680,1.99260006514148,-0.997283009609805,1.0150029746794
1681,2.00979979798988,-0.730360420327762,1.20047956710804
1682,2.03126338211239,-0.570788577656655,1.32635306031015
1683,2.0568573402483,-0.740896388372256,1.23767185964724
1684,2.3840990199927,-1.61903713748536,0.888180997122314
1685,2.33804202009593,-1.92969255610207,1.02742731126266
1686,2.29496150936143,-1.69864129270622,1.13723828955254
1687,2.25502808458761,-1.3949516568766,1.165507841023
1688,2.21841170349856,-1.16008749011988,1.13898183245696
1689,2.18527911289886,-1.02103437855514,1.06825411997186
1690,2.15579094706255,-0.754837767117689,0.980923314817121
1691,2.13009856690102,-0.732396497148975,0.975453270171281
1692,2.10834074406934,-0.861354966506219,0.971558679509971
1693,2.09064032597768,-0.882246046911419,0.981761618844869
1694,2.07710104309286,-0.895088802642843,0.938132747916944
1695,2.06780463413325,-0.995909528495591,0.938044226502819
1696,2.06280846366806,-1.20042817481794,0.912502353931575
1697,2.0621437878408,-0.950977930217633,0.909735540186847
1698,2.06581478763037,-1.02081465166613,0.810269279705785
1699,2.42187234170118,-2.763446146938,0.940121409579792
1700,2.38030953474824,-2.17043789376846,1.025452485044
1701,2.34183193548166,-1.44917506806741,1.05171307311049
1702,2.30659394735664,-0.785919978374606,1.04598966026726
1703,2.27474612935926,-0.748584677675831,1.0031051170067
1704,2.24643267408568,-0.740791474322715,0.96608894397425
1705,2.2217887065328,-0.783017006138499,0.943871438906919
1706,2.15736040325754,-0.942583480881605,0.890957897111187
1707,2.156724867361,-0.985591078829954,0.853673458555859
1708,2.16023514658827,-0.89439066744683,0.811318388253516
1709,2.46633211958334,-1.49599922182595,0.879886315944812
1710,2.42921745772519,-1.34695752129378,0.879987730624578
1711,2.39526538839799,-1.2365711016938,0.875261226183586
1712,2.36461214492145,-1.0855049460687,0.900040709078796
1713,2.33738751645396,-0.786050794247297,0.909357035303874
1714,2.25649325272223,-0.81355952014716,0.811325121809546
1715,2.2519157516254,-0.884703332550434,0.822730994245857
1716,2.25130690852411,-0.995432435977508,0.840129909063207
1717,2.59175662753266,-1.3276092574352,0.844380700388188
1718,2.55296107649053,-1.0879959317797,0.890799926253812
1719,2.48437364638344,-0.906430402552357,0.828276487398523
1720,2.45483334055435,-0.956869513466218,0.898954707481832
1721,2.42862029474803,-1.06455536047066,0.926814895701839
1722,2.64013671675825,-0.874587177077189,0.785388822840297
1723,2.54537194826151,-0.82951146365184,1.09156282538318
1724,2.66372505265754,-1.01821645871459,1.01832271060326
1725,2.63619526424126,-0.945235806240053,1.1139723120444
1726,2.75389429054186,-0.895207296895535,0.928281831859667
1727,2.72727484469969,-0.963109299705225,1.10300595655834
