0,-0.387944751946557,8.37063636805737,1.20247175232419
1,-0.387944751946557,8.40353442425667,1.39514320723709
2,0.159176438936909,8.37358262573069,0.95946640148767
3,0.517817910013957,8.3473219087923,1.17578450431415
4,0.665798913345123,8.29646793348861,1.31828029334994
5,0.556174029536383,8.3480772873216,1.48984019362925
6,0.242273300667425,8.35858053114099,1.57590749064736
7,-0.387944751946557,8.36529195260364,1.57755835057085
8,-0.500212872541302,8.51302329689183,0.988499745377739
9,-0.0043678729266261,8.49695496304337,1.06936944542087
10,0.618900862064847,8.49354720012155,1.04807452686608
11,1.04061176865358,8.57849796738631,1.06171031397115
12,1.0564360970776,8.4605837374076,1.21533806396681
13,1.06046763923698,8.34682286094824,1.2894589057214
14,1.07195628770399,8.34837008347195,1.48945587226062
15,0.947227026538226,8.35087068792328,1.64274839246697
16,0.702064353657489,8.38357858168028,1.67243645635922
17,0.317603063504588,8.38587974284229,1.70582476978727
18,-0.182668825070617,8.38809194068199,1.68017915744396
19,-0.560918868940188,8.38836404577661,1.6526291134884
20,0.288025363352639,8.4666934577779,1.19454520414577
21,0.722141869349088,8.42842088161616,1.22910613579808
22,0.909882812715041,8.30595881685793,1.14488277955843
23,1.20485825709518,8.38214929812639,1.15572062544816
24,1.40298380626665,8.37992459409104,1.30027594886495
25,1.37018687379391,8.36331850996147,1.44702483930522
26,1.33557828892879,8.35490584775012,1.55188877163919
27,1.20661140574681,8.35218128686769,1.72004234731091
28,0.991425516916858,8.36485280726536,1.79581109288023
29,0.672562940177645,8.37405847517787,1.81005867062992
30,0.142607535950098,8.38220635147061,1.67119763041483
31,-0.285556565948923,8.39167937448482,1.61803442686661
32,0.56836980565364,8.51281424040935,1.25928423920831
33,0.846460220569976,8.48463896622059,1.33639885478406
34,1.11244379814245,8.44518769619002,1.38853885221327
35,1.17195814228228,8.37822751463277,1.30996483838767
36,1.35184845484083,8.3728865728128,1.31754003498533
37,1.53333853961639,8.35937446009979,1.36419938228353
38,1.49606150895366,8.35059066496936,1.47381171895603
39,1.44581034976272,8.31760400477405,1.63962221083492
40,1.31733124598814,8.32637329030729,1.76427070409177
41,1.13000168574648,8.3421428656487,1.83725933897965
42,0.869284603139427,8.36283931421444,1.76279682399429
43,0.414754022706275,8.36954313088746,1.72857698644334
44,-0.100739762096689,8.3819572783521,1.66263808521744
45,0.493542331851098,8.38678782254946,1.03282566925888
46,0.610561666255033,8.46630121333285,1.06878749536811
47,0.956480525547634,8.46830185241431,1.20140051152707
48,1.02902708864865,8.48966112247393,1.36462623875256
49,1.24461976872475,8.43956611865447,1.45410880399357
50,1.36542042861508,8.42622767286069,1.41680108063492
51,1.34106173746605,8.40389082666206,1.42705701719392
52,1.38348747477079,8.35657523403401,1.42340690168225
53,1.37141904411194,8.43387271964877,1.30813909135863
54,1.47045207872958,8.50392824389214,1.31687068180456
55,1.48607941491517,8.37356691940563,1.38527619701674
56,1.47632593410857,8.34393300764087,1.52622851046901
57,1.44400682844517,8.32818089922257,1.64849629199167
58,1.33634140174628,8.33786239546852,1.65866035965424
59,1.17014514954234,8.33028621919076,1.72273346471597
60,0.918875131471287,8.35467669621732,1.74281749424937
61,0.529656650954236,8.37927519742393,1.66999350518929
62,0.0114471369370148,8.38368208564006,1.61870859432869
63,-0.808993481975288,8.42455555401266,1.56079857067874
64,0.764285530731937,8.41429223356377,0.957341313771946
65,1.13605131645384,8.42413710640142,1.35910289515592
66,1.37225957373078,8.45019498474002,1.45338964860515
67,1.47573391819608,8.47142437995709,1.47141308601088
68,1.43675770074413,8.40719320505045,1.45822810810806
69,1.36346501945938,8.41913307688424,1.38170454048663
70,1.24532062753131,8.42226208336981,1.36041263620176
71,1.23154302996198,8.46839893429831,1.35131512405755
72,1.23882478860431,8.40481087126769,1.39586935741365
73,1.27545656892916,8.40304116784459,1.50099330084996
74,1.29396518701311,8.35638171169584,1.50055658073264
75,1.22868004161001,8.34538677070576,1.59146110420951
76,1.11102540523102,8.3586875510949,1.59504155267734
77,0.921912435500674,8.37186591600925,1.62278500104718
78,0.678947163115574,8.38890209249818,1.61721600200998
79,0.394966458966204,8.41072253174409,1.58787037698585
80,0.204696738185039,8.43784772138213,1.43471814109797
81,0.162268418194379,8.45336527632523,1.40600710959905
82,0.00027895866881722,8.47324095892704,1.37558617467734
83,-0.320361671767835,8.49526860438144,1.36132598488899
84,-1.21246209145923,8.4879655886493,1.36580090664866
85,-1.44185513844126,8.40383982512302,1.32683795779616
86,-1.44185513844126,8.42400734400577,1.24571014775449
87,-1.44185513844126,8.40265004024457,1.13470068647798
88,0.731727193617611,8.5133253480927,0.854324235285813
89,0.923363948324866,8.41549676507296,1.06439402641496
90,1.30350934743316,8.43377735340164,1.39488375668574
91,1.49362237219659,8.44349420943208,1.4607213292696
92,1.50377450520768,8.49785024362433,1.46887260070786
93,1.44312656192415,8.44288345742025,1.45164727010643
94,1.31211995915585,8.4047158333222,1.35748120984332
95,1.13014247033954,8.40855162829923,1.39927056925762
96,0.9283251232493,8.44832965770699,1.42563634124272
97,0.856179049245709,8.46975666154983,1.47609873580854
98,0.944654005759791,8.43827172825386,1.46789410995766
99,1.03528525145557,8.40761147939637,1.54335774543431
100,1.06170592344221,8.40383151043887,1.59006001443966
101,1.01028429033195,8.39973722114304,1.59581561372576
102,0.894932319326711,8.40533875180454,1.57484750711282
103,0.768822527065952,8.42024674298134,1.47475650814352
104,0.637682437197135,8.42372649717454,1.45798385471528
105,0.575498714528306,8.43556970307592,1.41698305227342
106,0.562280006470784,8.44483640685348,1.37282114652807
107,0.480350736893484,8.46057541472934,1.35803724507999
108,0.265800695567306,8.48352152025951,1.34454693407805
109,-0.136853368392544,8.5169638510312,1.3281494659628
110,-0.835700567365902,8.5131366580015,1.39244520657209
111,-0.635091274506989,8.48343125364908,1.40866282961152
112,-0.334061278843007,8.4546004022326,1.40350331021993
113,-0.149713530816137,8.42525333047779,1.35869042713159
114,-0.152919128660638,8.41584401652299,1.30398428451064
115,-0.179246627748293,8.43078460080327,1.20829327459151
116,-0.243987865847128,8.41000163691537,1.16697686361265
117,-0.463821609118406,8.44455333692987,1.18349266821273
118,-0.814256654199037,8.44229397839547,1.24448167005993
119,-0.239702464238202,8.35032563288548,1.10461236327774
120,-0.978745098755618,8.44915493339833,1.15956144521717
121,0.858818741343023,8.43710701800831,1.07418705449138
122,0.996535366744982,8.37409287794327,1.16018994273278
123,1.38210711986793,8.43218077153041,1.3848916397806
124,1.1109363703422,8.45929093993056,1.3837230113028
125,0.776769094355257,8.45875646989826,1.43277185222396
126,0.313816605763572,8.50059074605637,1.39260560447555
127,-0.0443194439578138,8.49024235986903,1.52203820145942
128,0.446668985077235,8.45471697460319,1.53334914023223
129,0.738133404735964,8.43111402325268,1.63815896568299
130,0.891485478984427,8.43191036411081,1.62990427312574
131,0.919616266542001,8.43829765786581,1.59450272060189
132,0.882488984151718,8.44605908412102,1.49265210288578
133,0.806901812363014,8.45826953709098,1.45242776628081
134,0.759330258622062,8.45299916644171,1.46248170660496
135,0.763897625619319,8.44722464094279,1.45558015672515
136,0.793679450745552,8.45457594105877,1.38551112038827
137,0.756940626491622,8.44963859016446,1.40681058975962
138,0.644084001377772,8.479629696069,1.40901898028991
139,0.488480755204224,8.49916833493435,1.40808511360963
140,0.374541400537327,8.52604013271795,1.40984159832743
141,0.40485088700011,8.52506242296721,1.47777252313934
142,0.431789204396609,8.47827864254426,1.44716098985527
143,0.40755918951827,8.45849061485806,1.3877028136537
144,0.279642993967819,8.46555874150009,1.29390187296834
145,0.136819597472187,8.45428235852095,1.25724352399504
146,0.0511170925675677,8.47262263890321,1.24319490231098
147,-0.0285605800962299,8.47031516268215,1.1939781615733
148,-0.158823652762068,8.47345077251566,1.33525880182414
149,-0.485832825843438,8.47278043872244,1.46740184753952
150,-0.693227143935502,8.47426616464757,1.53622115604325
151,-0.752813701232059,8.46585505794403,1.53593644000654
152,-0.860886842456386,8.45366746032629,1.52659080493273
153,-0.156631548579244,8.26835886386393,1.05862671647714
154,-0.105571418138493,8.36503193937108,1.21496060794803
155,-0.55441664483044,8.39452046999583,1.36750433059962
156,-1.0605537720837,8.39646897488605,1.45096711286826
157,0.66959103577888,8.39140046084114,1.17181475973231
158,0.943635666590306,8.39851476272936,1.2866896995146
159,1.18276171797624,8.34755818679293,1.32110408353699
160,1.31290443349861,8.41535286171733,1.31067346614421
161,1.37061034252964,8.4869470375269,1.33337866600338
162,1.08350923746934,8.45996036796467,1.33694803391011
163,0.808097720115823,8.43443200754732,1.25408766373914
164,0.317439845012471,8.47100361199678,1.37172756478739
165,-0.725329733167992,8.50359584057744,1.49798743333084
166,-0.260623007182374,8.49203871523673,1.5521791947448
167,0.386551142170377,8.47266429287446,1.69695679412677
168,0.703148103851288,8.45290361540503,1.72390362265464
169,0.864887617105526,8.44290683761471,1.76528678917927
170,0.893981913148564,8.45155394655911,1.65930678489904
171,0.836571001061079,8.45674507548598,1.56770320075831
172,0.747995114224011,8.46453223124131,1.49419597485981
173,0.710487567837438,8.47305100790139,1.479357862195
174,0.770842712411292,8.46451512866951,1.47678741300446
175,0.84992184448976,8.46505585810979,1.48952313025793
176,0.88872126637057,8.47657486150307,1.44804894167811
177,0.862736287285905,8.49498914216525,1.43703317755113
178,0.811983560299532,8.49951628294676,1.46713510539855
179,0.765209137562156,8.51210035962406,1.474336357925
180,0.769023099044104,8.51694799797695,1.49721995010514
181,0.756813930334859,8.49768648719637,1.44266195088266
182,0.705585428776433,8.49192362247031,1.45768156963616
183,0.54146279859462,8.50241856374278,1.33488497109327
184,0.37625842172956,8.52648802325851,1.28610811572443
185,0.244999021061129,8.50443824306791,1.28348027755697
186,0.232951316852997,8.47672328462183,1.31777753752551
187,0.0981436168418413,8.4731108913154,1.40087775788432
188,-0.203708143544336,8.47633728338629,1.48565822279075
189,-0.503123620139165,8.47319103969972,1.52355427066038
190,-0.191495204918547,8.46643260875639,1.53026380736418
191,-0.00371586002417845,8.46424837763471,1.52616978821912
192,-0.0647197007270626,8.46063813017874,1.52545533876677
193,-0.296522438142781,8.37097594038276,1.12132455895407
194,-0.156631548579244,8.32907414010133,1.30819090433596
195,-0.0598878553377062,8.31437629459703,1.55306813909483
196,-0.343942686692126,8.3092717594563,1.70000622342019
197,-0.343012357079497,8.33128570711992,1.49262276040866
198,-0.430619804127296,8.33206122776359,1.38627210994456
199,0.371466343937953,8.39825654873669,1.30104505613009
200,0.797204486912284,8.42976285568941,1.31692756687306
201,1.10131243001972,8.45158155113943,1.31830360829301
202,1.18654811772308,8.56697314947333,1.27704846282997
203,1.16723950366969,8.52134351610603,1.28607702902553
204,1.04960702255906,8.50176698320085,1.37444634693811
205,0.952092613681831,8.48945903560911,1.41769496180312
206,0.788565177707288,8.43711757437933,1.32414354789914
207,0.513300991420714,8.44773727223478,1.32630253843655
208,-0.0771427544889656,8.52485271436276,1.43017171564908
209,-0.354803547317259,8.51153143489805,1.5483734465198
210,0.0311618445264439,8.49375550373089,1.70756644455682
211,0.465811540046875,8.47593342786162,1.80228246032855
212,0.72916675834403,8.45660460537309,1.82768931772271
213,0.866879023144482,8.45166117023357,1.80854985062443
214,0.878343447784777,8.46060107792823,1.75162865580643
215,0.776120391600576,8.47027458710154,1.61732099309753
216,0.626153165681099,8.48131557704172,1.52414198402949
217,0.550872724644156,8.48883408353866,1.4304008557226
218,0.69829537960707,8.49497973329679,1.43571871443274
219,0.860116845570418,8.4892060842206,1.45117920026052
220,0.968158297460879,8.4964461631542,1.4907588171313
221,1.0058293983792,8.49738352734747,1.46123493378311
222,0.99811902165513,8.50698029521353,1.49888831165257
223,0.977705389531735,8.51047137311388,1.51030381582172
224,0.956424098366793,8.51038560449954,1.47492663267074
225,0.909032503775866,8.50721003151841,1.42599491615587
226,0.800778358723846,8.51088785972504,1.40628476894421
227,0.581829777693415,8.55323266003515,1.28492673758791
228,0.354766014106429,8.56693707054439,1.20199118608136
229,0.212563206803526,8.53689997503901,1.20387790741658
230,0.220788427666869,8.49865428165173,1.25251336988001
231,0.0963619653980505,8.48938967277203,1.44150569555889
232,-0.203708143544336,8.49529978993494,1.49272226672444
233,-0.20446188164468,8.48333720052185,1.51536607629305
234,0.19044070580252,8.47271510882773,1.51168371751482
235,0.415579289854805,8.47546758506084,1.49914518453362
236,0.454498702273332,8.48341393279345,1.48193198261394
237,-1.46346558711475,8.31654510013248,1.32735412762375
238,-0.915840454135363,8.3172325525751,1.55316067969093
239,-0.529656827861273,8.33059934310288,1.77294656984694
240,-0.22988757400861,8.31665345934999,1.65817910715384
241,-0.0287065484024494,8.30415187085658,1.66454887747838
242,-0.00120004367200122,8.31876572423088,1.53197606973716
243,-0.0436519136704505,8.35770965264769,1.42881022208683
244,0.275171438150695,8.40074890629799,1.29814398730739
245,0.486184620368549,8.5038069624828,1.24298024093757
246,0.582245179023715,8.57325908805336,1.28155433709701
247,0.58083214522864,8.5211597824443,1.35377065543886
248,0.597481453762052,8.45533301910376,1.45492398948747
249,0.650951895807929,8.44485937561151,1.4198248400264
250,0.584260066234898,8.43595795428771,1.4700007506033
251,0.413921466366036,8.45228430243815,1.35594807163983
252,0.161473034032499,8.48277081714897,1.49262694335454
253,0.116128716307006,8.49935980616387,1.66904475937491
254,0.34310306628898,8.47099410749169,1.77475698649617
255,0.598944603812288,8.46357494580913,1.83378132106492
256,0.781346656622844,8.4609904506814,1.84935680086377
257,0.876427987195242,8.45981340632427,1.87231855300035
258,0.865724788866146,8.466115367287,1.82676394183733
259,0.727429969028102,8.47935791233378,1.73615879838713
260,0.507047983697682,8.49364007631735,1.60242090013181
261,0.378635945445488,8.5078541196783,1.39610661837468
262,0.648428197308107,8.50757700754195,1.38274822720447
263,0.885341764957387,8.50863696037216,1.40491744613903
264,1.03994770573546,8.49814719450324,1.45634060954986
265,1.09551518586226,8.50658006845364,1.52184094480699
266,1.09582325697293,8.5166495428916,1.57038922306438
267,1.06095938364588,8.51568959254593,1.56926335498993
268,1.01817921540195,8.50749581869773,1.51243933030364
269,0.954378605063639,8.51126948931471,1.43814321786782
270,0.849077743100145,8.52365160097459,1.33022398385921
271,0.644171053094259,8.54174772802502,1.21938004875902
272,0.413416489010503,8.55990791714644,1.15916669402332
273,0.189574497037011,8.53852275912703,1.16155929371819
274,0.110249025441353,8.52045297854915,1.20765403478435
275,-0.117760883634704,8.5175277356218,1.33958376155024
276,-0.524504025259343,8.50207791653536,1.37857177504135
277,0.0542780867644093,8.48933105480709,1.3921111299249
278,0.487813830481973,8.48383503040459,1.38288160065132
279,0.712374507862445,8.49466892991652,1.47594142124577
280,0.760262152174098,8.50590647940196,1.35134255266416
281,0.651519740010105,8.59620958363725,1.322479333544
282,-1.0605537720837,8.33424741592468,1.87781166743231
283,-0.381925360689585,8.3169680541333,1.73665077476824
284,0.0178782007860327,8.31667376447611,1.68071405032773
285,0.0756247604699996,8.31674660133019,1.60329652630914
286,-0.0208065727671178,8.34115847375526,1.46635773555214
287,-0.486488308556583,8.38361252281553,1.33190372898391
288,-1.04073238234663,8.35281271345251,1.29302598142428
289,0.0178459814645915,8.53461244460426,1.42540948542473
290,0.425285486727176,8.4332463175331,1.43499208971854
291,0.66609745767429,8.43399170347421,1.51893251681408
292,0.712802003647658,8.43551419942963,1.4355124904095
293,0.651687239652448,8.47972853739027,1.42624161321582
294,0.543672231946312,8.48589974387636,1.52981169180866
295,0.495805432911011,8.49061558433829,1.63950848178118
296,0.605388794156869,8.47038213189415,1.77573895410544
297,0.726338057821694,8.46225330719742,1.83859875258124
298,0.829868275075053,8.46104390801597,1.90631253685363
299,0.872423212043295,8.46167203591511,1.83217785500546
300,0.847327808136539,8.46992578811481,1.78767047167589
301,0.710017612601465,8.4826451310619,1.69321453572146
302,0.499762183242426,8.49992444607154,1.55323548331376
303,0.436695158785442,8.52504828375945,1.43018165236124
304,0.733598543738845,8.54280854857188,1.39062920898372
305,0.977234163962228,8.52941496213434,1.34271048291246
306,1.12289634680688,8.51554746494807,1.36815662896634
307,1.16486445839586,8.5087693617603,1.42930890181104
308,1.14939899520631,8.52233465611097,1.50373817455759
309,1.1009590589437,8.51676390424072,1.49899757455385
310,1.04683696101191,8.52025774088494,1.43282703451344
311,0.982087785596241,8.51776588052786,1.32664635958845
312,0.886494655441078,8.5174866904586,1.20906414755604
313,0.75671054545348,8.53098215892966,1.12937786339032
314,0.571075657566249,8.5496100450793,1.08850911866829
315,0.338063761744846,8.53570920266985,1.19086184042025
316,-0.0218611676141116,8.53762871795418,1.23272435241616
317,-0.0999194553864307,8.54811453599399,1.28009405808213
318,0.0429269587453984,8.53817688757489,1.29907102842811
319,0.498329488826057,8.52165187134658,1.39602755562766
320,0.738065360392826,8.5093295444042,1.37889457120677
321,0.883203890846219,8.51113195636867,1.35261359591682
322,0.924821876134371,8.53221398243465,1.34336630821339
323,0.812614316815312,8.6244328169463,1.33959433659586
324,-0.617884542249386,8.34205519115841,1.72728517189964
325,-0.170643586721773,8.32275352194037,1.66425132193601
326,-0.0866059083408648,8.30939285194853,1.57041212560565
327,-0.237957062245237,8.29521840318874,1.44182147259494
328,-0.841257656560967,8.26099580672147,1.34011154780885
329,-0.034429790965145,8.52658489937391,1.53289535453922
330,0.482803602391626,8.48218848278085,1.49369387757573
331,0.777719726236031,8.42958552733857,1.44761461433323
332,0.873364003631265,8.45033309949238,1.46984122353223
333,0.855108922268527,8.46601705480912,1.48863062746212
334,0.77279461235154,8.49828896737293,1.46473868500497
335,0.733437542039295,8.47530581514173,1.57649665569991
336,0.770105211063294,8.46760872320579,1.69084522342837
337,0.820409215620673,8.4633008289948,1.81023450092245
338,0.860071234422387,8.462419962831,1.77629543730761
339,0.859002932107128,8.46584706984267,1.79259370025269
340,0.815318609004463,8.47469725340183,1.7478446215167
341,0.709623847913398,8.48713534538553,1.65355994217633
342,0.604938945491526,8.50764188611623,1.52318972491774
343,0.661731709288034,8.54943131060923,1.32361206091446
344,0.868658488089074,8.57013582478808,1.26807787196514
345,1.05197976247687,8.54953133322931,1.29176911823001
346,1.16410313108718,8.52243329240505,1.3297440517868
347,1.19163773275425,8.51402657129144,1.38660290617023
348,1.17267673343935,8.50978104187038,1.42327288473555
349,1.12077660921117,8.52721862872466,1.43726413106985
350,1.07812099308623,8.52103934607613,1.32690382240424
351,1.03436723889864,8.5145596563605,1.23148864484618
352,0.98074269011539,8.5093532596159,1.13538128034021
353,0.908041900806152,8.5157305420497,1.09643148494878
354,0.793896100024625,8.54758260358036,1.097238336357
355,0.634981820054163,8.55636561342343,1.11662204968792
356,0.450027967489729,8.62920324994502,1.18572918024202
357,0.416171783877292,8.56961713649864,1.32977907147834
358,0.576451133815333,8.55650456866904,1.37939336737091
359,0.808681118213813,8.54073211030219,1.38394983573564
360,0.954979462952833,8.52640670861788,1.36187742087404
361,1.02511172331362,8.52459537650865,1.40865760322559
362,1.03129025675977,8.56843178439174,1.33242407163248
363,0.89560730037198,8.60869369865966,1.33810610418861
364,-0.714504389853877,8.34708722314007,1.61479666168636
365,-0.714504389853877,8.3357498824325,1.52340057900817
366,-0.714504389853877,8.28436418438694,1.4093151000813
367,0.197730174391875,8.52254431156702,1.41962445800156
368,0.663422367897668,8.4761964962413,1.39261976742521
369,0.921095777012516,8.44967160175736,1.46481511046318
370,0.999727035243706,8.43140846505752,1.4328468313129
371,0.976511798909573,8.44705341048403,1.4323324715484
372,0.910877343454322,8.46559791604438,1.38622363164759
373,0.866763605216649,8.4696645006505,1.44824761033046
374,0.869659810455601,8.46560799055159,1.58952260920496
375,0.872702183512433,8.46616789999136,1.60968147151963
376,0.865377889180679,8.4676370186409,1.68469699883174
377,0.826160484509747,8.47129238059295,1.68572715489782
378,0.769001268920989,8.47675757815731,1.6286734847967
379,0.711844554963277,8.49409001342484,1.53269423511447
380,0.701734625692287,8.51986811215439,1.34528044662012
381,0.807534321482994,8.55621060255306,1.22925849471945
382,0.951374405144334,8.59189934168084,1.2193984299427
383,1.08023302099708,8.58056644143867,1.23234085185068
384,1.1523105486843,8.52416107558856,1.21038556305096
385,1.16283707514171,8.51640497243947,1.21935262312897
386,1.13849064238119,8.5149623756708,1.23898152106214
387,1.10231654877525,8.52293014012853,1.22844476283143
388,1.08655571065113,8.51998045916577,1.1954839170749
389,1.07626599580217,8.49087164029484,1.09896233960721
390,1.0476494205292,8.49663341234978,1.07938817435881
391,1.00336215109994,8.52970031355605,1.06519126132647
392,0.927645632189071,8.5699222065529,1.08225681281249
393,0.831788210578638,8.59713584994194,1.12627432549138
394,0.750000877012636,8.6119739139872,1.18420396027761
395,0.773785715891814,8.59805054496302,1.28630895253632
396,0.892659061993698,8.55980947728528,1.46238813830816
397,1.01170578255523,8.51900931474212,1.48625233444011
398,1.08379714406107,8.51206093949728,1.48369285326983
399,1.10102872999015,8.51688156125888,1.44110297019494
400,1.06091611818961,8.51740858981582,1.44226829667841
401,-0.399994615989498,8.49330687751242,1.45274185760842
402,0.388294222300615,8.4748158595646,1.41459008453049
403,0.759566309525067,8.46006905128869,1.48931690128998
404,0.965101888278081,8.4388450934293,1.4708696404963
405,1.01265205869258,8.44330451564929,1.42174430069424
406,0.982976332019763,8.45025861519747,1.39871026675624
407,0.918091334229355,8.47343016752782,1.30598974047116
408,0.900850867552459,8.48995889221945,1.34197811870175
409,0.912204661400929,8.48473765844783,1.46453468483663
410,0.917311582709418,8.47040910026897,1.4862628712478
411,0.886811059200083,8.47334761736833,1.54213713966535
412,0.820466639065951,8.47629170177044,1.53425446802444
413,0.746232278563948,8.48256835639962,1.40605759264427
414,0.713194885054392,8.49289674465995,1.3186598392519
415,0.760432531799155,8.53311407772407,1.20037478824951
416,0.862951728473369,8.57356619626636,1.17754428981288
417,0.952064650640938,8.63669634130564,1.16913616439916
418,1.02401749480217,8.59240814695431,1.11332540774173
419,1.06410267114456,8.55905839368315,1.12958411537244
420,1.07242309702067,8.54353788012903,1.088221803382
421,1.05542928009571,8.53901670481677,1.1613453242852
422,1.03490598816899,8.54035617939296,1.08526454258393
423,1.05211888736109,8.53580166816671,1.14172654166132
424,1.07619693688747,8.50802439065904,1.00108187190517
425,1.07539835092086,8.48523025824,1.08211873679145
426,1.03631596631541,8.53251545049744,1.00510302667967
427,0.985549160637248,8.59642357145188,1.13561227677029
428,0.951829749030723,8.62260814370397,1.20128967574784
429,0.951862073067895,8.67310829805373,1.28398648671486
430,0.981518379892009,8.59879794753014,1.44835644304182
431,1.04723300245964,8.56304492396574,1.49798543024304
432,1.10411629873074,8.5416354928795,1.50534365306949
433,1.13827832160474,8.52058051912363,1.62667027935526
434,1.13134793550094,8.52767253110387,1.61271707403821
435,1.0579441186855,8.53676922332181,1.60841024676561
436,0.833447259314477,8.57329058325501,1.7014246196584
437,0.808064642524394,8.35671133294199,0.952484844048115
438,0.747270941666961,8.40537402627742,1.24529729119732
439,0.620948697698254,8.43346654285862,1.42208758905553
440,0.34134980013327,8.41643615596865,1.56653619894541
441,-0.0874548562243325,8.41449081797213,1.41431809339481
442,-1.05521183463533,8.40076341863718,1.64378223930623
443,-0.496626285224138,8.48959820297021,1.5591054912371
444,0.142490834087006,8.47721020917614,1.61361019212276
445,0.577807595708172,8.45584786811798,1.5838959257447
446,0.821736430040987,8.45916584367851,1.61870416679409
447,0.94966060150151,8.45370195316773,1.56506080086761
448,0.970304119945266,8.45758057902309,1.47941547053192
449,0.920265884781614,8.47129895117048,1.41937640858267
450,0.853926728481748,8.50904203538479,1.29755789494326
451,0.852486447415576,8.53132163825619,1.27435086776457
452,0.906091214247996,8.51215667153315,1.25155659428513
453,0.939852778870039,8.50120124943031,1.34068900284046
454,0.90458153522748,8.47795289812603,1.40364992218935
455,0.818014094370719,8.48728725386075,1.39301571306875
456,0.725587667995111,8.48687464830835,1.27708746569722
457,0.699153965548453,8.52373044013495,1.17619997504306
458,0.75990070509827,8.55341452934119,1.16429144886619
459,0.848738433638782,8.60943457589346,1.1724465151274
460,0.916233753392314,8.62609253108897,1.08988799975505
461,0.958247164418837,8.66462435557401,1.11276098079015
462,0.970499367279983,8.62885220816997,1.12672527304138
463,0.972412164996585,8.63102986672036,1.03118172489028
464,0.957969612879457,8.60392800278593,1.08086588569557
465,0.96226677932235,8.57356811448119,1.01573415064427
466,1.00319227384433,8.5419783200872,1.0825913403749
467,1.05241963117651,8.52792289408668,1.02984108543945
468,1.0727200076503,8.51821569294738,1.06297611219157
469,1.05473441133071,8.58204087445478,1.06818355342276
470,1.0266778004633,8.60851387099425,1.12550205955432
471,1.02437465284417,8.63861492445153,1.23430980206907
472,1.04651653501626,8.61768051354453,1.38876176033983
473,1.08174460874465,8.5904393107153,1.54037039109918
474,1.11213466490163,8.57200796959308,1.57595340397922
475,1.13000913067965,8.55368678838819,1.62681356106476
476,1.12713559102438,8.54626819878693,1.60335182416933
477,1.10303172320179,8.55763781900122,1.57807966688189
478,1.00190756950919,8.56256972143142,1.58043230232549
479,0.768708681438056,8.56237046635072,1.5486587665417
480,1.0932553912638,8.36056584172011,1.06146567052559
481,1.1056034371544,8.36158362336315,1.30341532520909
482,1.0272690444569,8.37316620615154,1.40130811264703
483,0.835545172941064,8.36763169872948,1.27907289691803
484,0.472677924601378,8.39730043224602,1.5802252578838
485,-0.06401278829158,8.39060557364212,1.57860609464046
486,-1.34346949215116,8.40500076470274,1.53417716849597
487,-1.22546279710252,8.48115796221051,1.49869257738381
488,-0.109965517569634,8.47891275735423,1.73385114165184
489,0.400962046800258,8.46872707674287,1.64275644908853
490,0.687874060976885,8.45923692268267,1.72334201119754
491,0.838737205845625,8.45293140053808,1.6805125184143
492,0.90109232163075,8.46050657578527,1.58925092006332
493,0.899966656261691,8.46657961972614,1.52833149609108
494,0.831710129282056,8.48863127163785,1.34391689103879
495,0.747724669555592,8.533679166405,1.2467012848391
496,0.753781513672825,8.57453377936404,1.18665155816073
497,0.852074922835096,8.58744478841462,1.14661018395257
498,0.924618025740914,8.56052951475188,1.20130959809328
499,0.899284107137606,8.51622485945468,1.251435105192
500,0.81065237518471,8.48014807688177,1.20730465107117
501,0.70470653653395,8.51814236179553,1.1643101533365
502,0.676848337315538,8.54949885323564,1.18900615337775
503,0.751946988700906,8.60096053817098,1.20453489925817
504,0.832837948745117,8.62850423755729,1.14738555719211
505,0.891510997093324,8.65479396078098,1.16547818303988
506,0.912132940761476,8.75159415593884,1.08094392140032
507,0.914927754937344,8.71709408048087,1.07755918480349
508,0.928302792849362,8.62328201984909,1.02448498864593
509,0.915389050377963,8.62617697664651,1.08103411974972
510,0.930598808091152,8.57453665149195,1.02792621500253
511,0.969071993327114,8.57669452798127,1.08885560531798
512,1.02606688214701,8.55899139642226,1.05699694232744
513,1.05838050328973,8.56520310930086,1.11940556350157
514,1.06422691021193,8.61881981433553,1.11328619772751
515,1.06255361109776,8.61855722245159,1.19956076290346
516,1.08118411775923,8.61760913474581,1.29523901366555
517,1.10016896951195,8.58610600801808,1.46403202182446
518,1.12176743058326,8.58184977749789,1.56889916188657
519,1.12593584622918,8.56829646359438,1.60486232024168
520,1.12064842310616,8.57085786348305,1.63247305289017
521,1.09939220032624,8.56525529726003,1.59211841133934
522,1.05533387443128,8.56229881081354,1.61656181740687
523,0.952548243949218,8.56626226568942,1.59522720502884
524,0.723954371567843,8.56760042687064,1.56716459877657
525,0.310926805887081,8.56770186806398,1.67453892695081
526,1.23428629273837,8.4093822123145,1.14336139504148
527,1.29413675032377,8.39490727174521,1.43947910901278
528,1.26620684060024,8.30110879153277,1.74728443922402
529,1.12686172688906,8.328397836463,1.27896099884657
530,0.837721697871384,8.37904907025005,1.54604309941686
531,0.331114305173957,8.41806401432874,1.52046177160264
532,-1.34346949215116,8.43864491825722,1.47538180883872
533,-1.15938260861466,8.50296796637523,1.55765332462561
534,0.125976420009493,8.50001489427194,1.69621593992993
535,0.525373520259459,8.47735130742018,1.74870955966804
536,0.746589303617071,8.46926126932025,1.82569128896407
537,0.842458073585415,8.46206657244207,1.77562455613354
538,0.871565086498852,8.47443102519933,1.66136857868595
539,0.876599763620779,8.47441370036947,1.56503392606163
540,0.792290187904762,8.48723291085753,1.3420833047004
541,0.700494388808728,8.52967086027339,1.20790061055435
542,0.665710614041834,8.58070227242914,1.05995602295611
543,0.773178508031953,8.618277650604,1.06324808196062
544,0.850910052500637,8.57841804891558,1.09277452101228
545,0.831624553391068,8.52822332634884,1.08135243398463
546,0.7487901441261,8.56285457888921,1.11926779031303
547,0.661664014017091,8.56282609147285,1.20466370722288
548,0.696196545755214,8.57347681641059,1.18782244640097
549,0.806676555993389,8.60161652779681,1.24836815103226
550,0.901062788924375,8.63431127879959,1.18719233383393
551,0.944144714845595,8.62877851285524,1.20987498289743
552,0.950955775649469,8.65386802214184,1.14914985303827
553,0.945790288431512,8.641322886731,1.1332908256778
554,0.964551750752923,8.60421996960255,1.02650221568803
555,0.955070074667386,8.57846063350737,1.08994247000021
556,0.967661978147421,8.60477151859854,1.03277917883828
557,0.979519106557387,8.56553495976073,1.10947406694595
558,1.02250472629601,8.58608061642324,1.08366926859903
559,1.05583444871158,8.59048932618081,1.15751586343744
560,1.08088327891037,8.62228381532669,1.17935486538173
561,1.09687439389887,8.63559272865056,1.23770478400207
562,1.11558696986221,8.58980273322964,1.30336685873381
563,1.1237635972624,8.57872087571876,1.44203796562834
564,1.13043385967498,8.5753608326972,1.53510028732257
565,1.12315215205855,8.57067979672076,1.60141442725882
566,1.10610649060318,8.57079234515919,1.58120140387991
567,1.07735645034298,8.56829915379771,1.60929289385881
568,1.01829460612803,8.57075578220531,1.6296221723539
569,0.916297374017139,8.57194425406423,1.60290733382754
570,0.680391586407757,8.56887107357124,1.56450544397432
571,0.29413036427763,8.57288819396807,1.67329018875034
572,1.13301731392399,8.46468497507102,1.27620587779448
573,1.27181502398002,8.40726841339642,1.26288438699129
574,1.29382100843579,8.37627827743027,1.55115216891151
575,1.19912594591191,8.35774396500091,1.57097572141993
576,0.947708351004315,8.37690604133191,1.56061773158095
577,0.482653324503189,8.42158582865512,1.53597350596952
578,-1.34346949215116,8.42432290241813,1.43384929371603
579,-1.10204174919536,8.54060918359585,1.57872784954673
580,0.215531012389018,8.51249293526016,1.73475656663065
581,0.575111553775688,8.49687569311577,1.8032183655314
582,0.782696011583337,8.47830823102635,1.80007918054394
583,0.853447163810571,8.48406223980271,1.76437009693958
584,0.873834871370808,8.4867148168691,1.70894322517819
585,0.867484134015562,8.47643736609728,1.58649330230189
586,0.787535248572444,8.49429097209985,1.32558679516719
587,0.702270036195192,8.51563243312449,1.17182902167775
588,0.654051530894821,8.57269584013924,1.02805230200896
589,0.725924379317316,8.58225829489909,1.02857224916857
590,0.782255730425506,8.56363873598612,1.0732249669632
591,0.763344219911977,8.52837205202409,1.09315311229181
592,0.697920189525928,8.58561899348679,1.16970513017495
593,0.690764809029005,8.58124535327998,1.21299192606339
594,0.805113486684343,8.58371094979102,1.2755230461615
595,0.935498952747103,8.58590190277832,1.35714248101259
596,1.01623441415067,8.60042443148442,1.29385102203765
597,1.04060278923493,8.58581600981346,1.29533871242605
598,1.03947730441688,8.5805573406885,1.18349784058391
599,1.02278118053387,8.58192706569386,1.16325429665353
600,1.02727891983975,8.53921612134826,1.06331778114811
601,1.01115943372503,8.55791347468205,1.09425231639305
602,1.00999621647604,8.56230098928635,1.01830534066215
603,1.00422710883242,8.57939244008449,1.10438533612199
604,1.03115763631315,8.59009219002797,1.08080798765202
605,1.06459851640652,8.60375725052027,1.17739560625766
606,1.09330678009772,8.6180691603951,1.19794264953804
607,1.10374012796847,8.61385541419436,1.24902570880353
608,1.11055129915879,8.57694240526287,1.27003423624701
609,1.11293973086767,8.55896095302348,1.36912578382145
610,1.12100092475938,8.55307462860548,1.44318915527836
611,1.11152532249481,8.56762859417663,1.56148509202131
612,1.08926924362257,8.57107215146628,1.5598223466248
613,1.06048352198075,8.56936705773781,1.53307172070015
614,1.01293882825205,8.57337362792447,1.57573494366958
615,0.923572373243964,8.57943976774185,1.59996541174493
616,0.68699828885947,8.57945970910827,1.67199614842214
617,0.520625186994744,8.58902258828958,1.22908731919248
618,0.881741588492806,8.53872302239313,1.19094940528651
619,1.09751310478455,8.44154417231479,1.26606913595806
620,1.18089027509206,8.38169279965799,1.53207439521662
621,1.11826681572525,8.35882176312827,1.57518306669605
622,0.886311064117761,8.37283670081743,1.57453192680848
623,0.354793429548696,8.43591092930979,1.51302054135089
624,-0.789606612049875,8.47935762312104,1.21534994716242
625,-0.26217504919746,8.48697536118555,1.37282845752297
626,0.0723756980278156,8.52385345737522,1.51133620622531
627,0.47080517284206,8.51571869629987,1.71939410310081
628,0.687297706529286,8.49633877285601,1.75667286845501
629,0.83292266923291,8.48708255765611,1.78648001166984
630,0.8734914793655,8.48756279169639,1.73998440910392
631,0.874516746648065,8.49304430283102,1.6695387509261
632,0.841891657584542,8.49637797745647,1.52570120980549
633,0.781905129397845,8.50980482757921,1.26183843539491
634,0.736965535935201,8.5349312032501,1.13825405074926
635,0.728105999608688,8.54753360495348,1.07287580148829
636,0.764369519432154,8.59667502117584,1.01209055458766
637,0.795207462339442,8.53829059462309,1.02236229602061
638,0.798847338711269,8.5459940008541,1.12961906125495
639,0.798054229810539,8.58714391465815,1.15829270343942
640,0.857324724607659,8.58969929656835,1.30183560892268
641,0.966962077040715,8.59701814607392,1.3067596604002
642,1.06343129333573,8.58007281733863,1.38690838271819
643,1.12112427524575,8.56695888891975,1.31883472963095
644,1.13069275634024,8.56398736534726,1.32584781760223
645,1.12224701483549,8.55641021309385,1.20026796048552
646,1.08907225703516,8.55536015854431,1.19022835889945
647,1.07186977117982,8.55692832360648,1.0584532015328
648,1.04081453394533,8.54371284987799,1.09830061820924
649,1.0229191616893,8.54771765252514,1.01061121097513
650,1.00601274744126,8.55305551714035,1.08687620027415
651,1.03279353672371,8.58145028658084,1.07087184186817
652,1.07211088628246,8.59587196726349,1.14988261102156
653,1.09838915315773,8.60579938592014,1.16429936034617
654,1.09363113648547,8.60713654615546,1.17414517946643
655,1.08141229625757,8.58408384839897,1.23020742197297
656,1.07327564388729,8.56218630678897,1.3106772502114
657,1.07346680635899,8.55789968106789,1.36422348921451
658,1.06090263252023,8.56546047681362,1.3979229077178
659,1.03812716327331,8.56650805593872,1.45738958204459
660,1.01424968592273,8.56694328466564,1.43171572083751
661,0.997748272622826,8.57237701676872,1.448374543734
662,0.955783728056915,8.58045532850592,1.43232037238888
663,0.756643469749,8.60656190523338,1.38992885530996
664,0.171610821452352,8.49986499312105,0.830670232158023
665,0.332626286024015,8.43632084114316,1.21033665774686
666,0.444660964399063,8.51651121872722,1.15604063711739
667,0.747026916958303,8.43570271047842,1.44879686236808
668,0.866627100919786,8.4149394118888,1.41183447646516
669,0.818573455117786,8.37966280654718,1.46095965278228
670,0.577970286551801,8.34386698395804,1.46967039243586
671,-0.00741738902209743,8.45338045982806,1.63021792546021
672,-0.109107034803972,8.42995391628381,1.45816412210661
673,0.25459898581721,8.4693896446347,1.27053163398507
674,0.487759567702115,8.49057354282158,1.37764959145764
675,0.581384500132949,8.51107464583765,1.45529155563622
676,0.715303263808451,8.49068565639948,1.64223543383424
677,0.819809215052288,8.48411557423262,1.67834079453461
678,0.896680117441569,8.4753349159624,1.69193076166994
679,0.895726342547513,8.48964600761664,1.70136777331425
680,0.857099009061567,8.50814235513385,1.54618382539642
681,0.789546014852043,8.52426439594368,1.41774711787947
682,0.7638403928632,8.53572285260437,1.20653484643837
683,0.765009434651327,8.55412916094747,1.09902898329351
684,0.80230118361319,8.60816715341466,1.05365731222269
685,0.83121999238414,8.6017814816405,0.99995622858907
686,0.869624272769667,8.5346547635873,1.06552407325348
687,0.898039272419745,8.53199183470135,1.19526545069951
688,0.935584071928701,8.58766961846259,1.19281605891132
689,1.00728309413271,8.60785206435064,1.33180094420113
690,1.08240942879718,8.59627366373936,1.30852792626665
691,1.14305556019129,8.57446061498675,1.35677433316603
692,1.17974351144344,8.56078078836974,1.32162546291027
693,1.19016681979785,8.54981069510447,1.33401878849233
694,1.18061463414782,8.55382464745884,1.21290423816197
695,1.13358340322025,8.56310128228948,1.15874949257812
696,1.08205152454415,8.55978617475424,1.01112051748083
697,1.02750415233403,8.56485578148982,1.06936346298964
698,0.994089249769308,8.55242799015496,0.971195778632507
699,0.984010384779386,8.54643418914731,1.05098154011644
700,1.02024567221798,8.5814256432622,1.03507060696943
701,1.06282050567183,8.59675978355334,1.10785800629876
702,1.08708999882663,8.59426465616773,1.11563071717372
703,1.07003053734744,8.58908086718819,1.17128420250239
704,1.0424972584956,8.58058910221042,1.14581535300759
705,1.013053578652,8.56953679855108,1.20422472113479
706,0.994513479124289,8.56279177471635,1.21227029103322
707,0.972188459352602,8.56842927917659,1.28970674789416
708,0.958363508721117,8.58319027593312,1.35625579171305
709,0.952556087585938,8.5761326306486,1.33184557893737
710,0.994120024294913,8.57235715169319,1.28931637190938
711,1.0222848283921,8.59025552501887,1.25142029042638
712,0.964593065902507,8.63379724801992,1.17466807771605
713,0.0494247492342428,8.44879950851928,1.05424561632063
714,-0.00741738902209743,8.42750806274481,1.30767601833356
715,0.293612606641884,8.48290125670537,1.26097133296106
716,0.293612606641884,8.4560916420052,1.33240833990802
717,-0.00741738902209743,8.39374369282742,1.42763753630656
718,0.292116823017496,8.39323542750338,1.51200319528122
719,0.628895342866277,8.41927162440131,1.45619659901201
720,0.811840330257756,8.46322574462399,1.35763199370076
721,0.842938188618412,8.4645320827076,1.56432412387348
722,0.8728188654154,8.47143160231704,1.53849231632472
723,0.914718504855033,8.46789249472749,1.54099333996676
724,0.942308095492186,8.46720343663756,1.52904745927724
725,0.914127175803532,8.48637971742781,1.53053325129174
726,0.852314904768285,8.52150365702566,1.40594751975974
727,0.758432099833307,8.55070641992131,1.30802381557105
728,0.757900752189612,8.55637971584528,1.20868642395093
729,0.785725980169531,8.61206306613491,1.04360780150869
730,0.868061747372702,8.63711127487165,1.03701979427039
731,0.915221227726383,8.5418133146413,1.11257760265808
732,0.961565578347636,8.54934400317229,1.15258779719857
733,1.02695523957433,8.56894079276233,1.19717983837579
734,1.0891748663704,8.59060441648647,1.32157724786059
735,1.13983178509092,8.61717667362784,1.2934522061972
736,1.17064525195353,8.59796318630127,1.3774839934304
737,1.19300493979035,8.56160906134028,1.27981674817974
738,1.19888765268919,8.55588596624231,1.28035590745408
739,1.18672189492367,8.56315214223236,1.12600790963309
740,1.14038446771111,8.58598616883183,1.0880009834779
741,1.07452421477028,8.57950788414528,1.02161984894271
742,1.00332185567385,8.56230681962937,1.02330252703598
743,0.9533264781097,8.56083455227186,0.98793472424575
744,0.945488844260113,8.56849945538894,1.00042793072189
745,0.981367090993087,8.58440154968967,0.971432213628811
746,1.02104735254839,8.58019475166504,1.04810977345123
747,1.04652424755964,8.57929728350479,1.04327248808816
748,1.03740192786268,8.58366482966838,1.06862819350242
749,0.998811821417664,8.58916449191113,1.0367040634726
750,0.947257609632793,8.59830174686311,1.07870701678616
751,0.896942382763321,8.57385528480647,1.16252643483132
752,0.872153440592086,8.58544043899276,1.20420595631245
753,0.879597293181456,8.58189809019524,1.26712029741186
754,0.911900703562145,8.57240882816296,1.24803342673088
755,0.994533987806156,8.58728685499589,1.20803046084149
756,1.07344400284745,8.60137692503663,1.21222132948292
757,1.08576271598737,8.64471036389807,1.17431475371039
758,0.171610821452352,8.4121260767601,1.04296915516467
759,0.497053902840396,8.43582611887391,1.82142374023648
760,0.816266404675311,8.42753404183231,1.31087196715353
761,0.969783537564799,8.45052637970536,1.36890975888513
762,0.94418378169257,8.45591947897714,1.39637833471493
763,0.921003909065284,8.4531720932743,1.42804407643152
764,0.939711596730734,8.4530700132096,1.43102217700392
765,0.958335349741656,8.46293740708387,1.37399748289471
766,0.924822415071976,8.48981241319485,1.36392625310732
767,0.858248964552152,8.53952951581851,1.26075264796135
768,0.780445370231472,8.57178795429402,1.21129737098864
769,0.782690229143964,8.59436462406181,1.13983812088044
770,0.802230968466384,8.65744907309895,0.995249327509966
771,0.845713156480005,8.75718045894483,1.09576881828984
772,0.881866163836813,8.56118721206504,1.17314514567956
773,0.925610816650342,8.56832135935701,1.19207901503852
774,0.998818857711472,8.57172779572005,1.20538696173249
775,1.06227493267427,8.60719207999819,1.30310180206049
776,1.12084006542145,8.60938672176741,1.27136548802246
777,1.14998172277801,8.60626140643294,1.3209922799526
778,1.17256294816377,8.56945538431916,1.21871198640571
779,1.17755768391994,8.55530543079085,1.18934424938227
780,1.17137840470228,8.55440293148072,1.04417778770167
781,1.14112912320546,8.57486563393196,1.03391208482156
782,1.07359177112475,8.5757218483253,0.951828862172918
783,1.00110563423881,8.56413817991529,0.97003343103456
784,0.939841276047083,8.56046949377178,0.914907033717002
785,0.935235670490443,8.55839420069881,0.92388004324277
786,0.943658871730868,8.57042009937628,0.920000059663232
787,0.953167560123965,8.57176303376273,0.967079259150964
788,0.971484872867127,8.56166592534769,0.942829039567656
789,0.968457729465329,8.56702774756925,0.967819637008206
790,0.940909500555228,8.58849294393522,1.00059706621375
791,0.883790005544921,8.61038489310845,1.0474585813538
792,0.845690271184425,8.59602991378771,1.11255688039881
793,0.85483840486775,8.59043550591466,1.10561462547799
794,0.900871918463194,8.58735596662802,1.21046783543913
795,0.952789406159545,8.57811901244465,1.19194507912034
796,1.03110015252423,8.60004108197208,1.16784992372072
797,1.10831782965059,8.63479902184249,1.18702241576509
798,1.10951377521964,8.64478506952955,1.17343794389866
799,0.928465092877707,8.62099790146897,1.13830552985345
800,0.508440507536724,8.48327549403071,1.49833353242429
801,0.822041421627837,8.48088560606998,1.37058851982873
802,0.96612743801247,8.48393343637076,1.48488176655707
803,0.90849337814879,8.45869379899858,1.41194144568279
804,0.843634665387919,8.44341922931767,1.41434286420425
805,0.849803656645604,8.43797969305614,1.36753756230331
806,0.888723718378669,8.44985744671666,1.30935649153839
807,0.900961536122656,8.47924723771269,1.28527322484709
808,0.879250574500119,8.52493698208391,1.1594043597394
809,0.873961465614104,8.57526146515922,1.10773469600911
810,0.880403684177887,8.59435082689266,1.06440435155501
811,0.868587688408184,8.64968193819318,1.00733313729991
812,0.831651994553328,8.7241794896642,1.09599540912279
813,0.79416667878192,8.63899953206034,1.08112080251109
814,0.808693099924789,8.58992448440626,1.20510780920346
815,0.844720900516619,8.5905512123135,1.22534571889107
816,0.915963963211168,8.60256461761571,1.21001106376561
817,0.984720725455411,8.62312813843226,1.25679303522227
818,1.05248949020411,8.6344624850138,1.23649381820057
819,1.09235547131085,8.61616862473561,1.25246432543801
820,1.11737648348168,8.57918883963619,1.15028836070732
821,1.13076833983352,8.55713580945477,1.11331643508186
822,1.14224421908013,8.53539372738327,0.972280265905155
823,1.13911395399367,8.55016861823141,1.00424993833757
824,1.09210058206039,8.55685328386625,0.920160452134969
825,1.02439845302395,8.5563393332074,0.94601233006692
826,0.9604289869476,8.55216353464558,0.88249207077836
827,0.944658776150962,8.548947586564,0.888705535159978
828,0.911882857467931,8.54398369698522,0.868828818179261
829,0.871397636383179,8.544335973301,0.893674300262622
830,0.859471373938481,8.54154664690515,0.841510300036715
831,0.884332502855554,8.57591102656035,0.932208557482095
832,0.899029347913141,8.57694519718704,0.920972771018798
833,0.878104527610924,8.59408454754677,1.00074851550847
834,0.892389149401479,8.60647494135303,1.06385918215046
835,0.9357755364219,8.59271677737486,1.04926614341051
836,0.99567695888837,8.57511193850162,1.09555362212272
837,1.02276927110597,8.58477647048046,1.15632400044026
838,1.05469294015295,8.6085461041308,1.14221497567697
839,1.06377469738992,8.59116918816223,1.15126246926427
840,0.981333250928712,8.62448301455544,1.13138262666334
841,-0.161010085422242,8.52074509610683,1.49913824769159
842,0.566488004677935,8.52826301224666,1.50986814466075
843,0.825050579254815,8.40371116289538,1.46483302154659
844,0.905182054386016,8.4608782501478,1.52143759677662
845,0.813354319041152,8.45198885806657,1.41473647083832
846,0.680164732139926,8.46007212118997,1.39097300581867
847,0.672919168714271,8.45051740357167,1.31966551281388
848,0.737164232746176,8.44520650945097,1.22805747770777
849,0.836690178522149,8.45037640787316,1.1745961440998
850,0.914515043747327,8.49447351605133,1.11133970651564
851,0.990486021552202,8.53887418490516,0.993843163452818
852,1.02300853873779,8.53018586284832,1.01364370850817
853,0.965534155714159,8.5643354322886,1.01394995278243
854,0.85929803052427,8.63557978848668,1.05986659553334
855,0.741775983382054,8.59007790413999,1.15762167622853
856,0.735158884035222,8.65725405570094,1.17715013411787
857,0.767872790496386,8.61447415704539,1.28270020514893
858,0.832619059993701,8.61736950298192,1.26012346691843
859,0.903359150726199,8.63112705780333,1.29721895419231
860,0.977046363279461,8.63814327546109,1.20987457947498
861,1.03605358181337,8.63177727342802,1.19536331111694
862,1.07608113193967,8.60354873743712,1.08279462873997
863,1.1109745207726,8.55827731291833,1.05510099632664
864,1.13632087928917,8.52790116033273,0.924557029531972
865,1.13720341527742,8.52394757083188,0.977519566211844
866,1.0952616944827,8.54194343591493,0.936969313928701
867,1.0285871414722,8.54585213588863,0.883133151425879
868,0.976485269089013,8.55854357730712,0.806239774930678
869,0.941179274518446,8.56387438072949,0.820508224108242
870,0.884637362068024,8.5462576262817,0.788380262199117
871,0.805077112963501,8.51211299838386,0.826487623839428
872,0.83540146920018,8.56529111328337,0.872861283258667
873,0.913179606154132,8.60354956334675,0.870706004823462
874,0.940034155366649,8.61043511109557,0.989832274796378
875,0.985100310831072,8.59372900864231,0.982943248577186
876,1.0178047570133,8.59396963765347,1.06132741267019
877,1.05842123129692,8.57839750506888,1.1102721115264
878,1.05246527651514,8.58830398429094,1.18297339279238
879,1.02817805215535,8.61750031628528,1.18253694625636
880,0.965895045793431,8.59473570295973,1.16845357197308
881,0.756465460961565,8.55375899428515,1.23365036162107
882,-0.327640445516317,8.37500646033017,1.57408540080818
883,0.256531322495774,8.45330921138947,1.65904810793247
884,0.567236898800489,8.51435279665792,1.4619884331088
885,0.933658661273261,8.55199036840565,1.3193235152629
886,0.967579508092811,8.43874491967334,1.48559642117663
887,0.885410185360854,8.46234926034283,1.53686552857761
888,0.677812451426845,8.45508772857515,1.43257904702101
889,0.402385819990889,8.47880204003702,1.35654486014831
890,0.297747524865536,8.4716506208645,1.25498002343038
891,0.476361188030906,8.47903636349209,1.23224027229751
892,0.764304537921048,8.48306628566429,1.1349643275068
893,0.993943810426787,8.49890928003464,1.07661925433672
894,1.11240623441056,8.49849263623748,0.971309630997226
895,1.13057826721392,8.48162147448104,1.02709649690084
896,1.02025712358485,8.54585023653174,1.05504751901771
897,0.8698127743381,8.58479687053083,1.12921520923899
898,0.729301682834263,8.5854644756881,1.22349184981867
899,0.756327666398706,8.61629792073649,1.26363378606811
900,0.816115390903464,8.60703200137898,1.35039769009494
901,0.879698434020364,8.61319675366859,1.29966107693991
902,0.930176771907983,8.63287742943348,1.31663211999295
903,0.978064200575944,8.65185975481113,1.20263016451562
904,1.03792363324609,8.68061579029928,1.12395831995349
905,1.07587975710371,8.63499321867053,1.04100554514973
906,1.11677234051587,8.5534170325217,0.948407618612712
907,1.13841160712111,8.51779211275999,0.897134556075035
908,1.12914313834708,8.52005536202572,0.896905323901022
909,1.08644230618064,8.52731465861083,0.836043811877183
910,1.0174443486447,8.56108701277118,0.877753233791459
911,0.955103700053454,8.55085250873826,0.818942209550454
912,0.892336967689772,8.55199216585842,0.816538504987162
913,0.81759763172071,8.54337315876405,0.79115849095595
914,0.759285207168413,8.54648934099228,0.794152695755606
915,0.876204909790391,8.5836482174977,0.796711580123817
916,0.974837744114977,8.60265207294171,0.846760060028186
917,1.01513841435323,8.60024417202566,0.976288493596451
918,1.05168116256265,8.57330357054505,0.979105658512734
919,1.06113253857512,8.5901710958647,1.11097044085068
920,1.07062662031589,8.5912742603511,1.11918497541411
921,1.0287927536464,8.61526320150193,1.18307100122707
922,0.959044028779156,8.60524112721129,1.18710498587465
923,0.819833405331133,8.59419714755279,1.2091509647832
924,0.574987249690388,8.59960709343944,1.27332410010287
925,0.372331500722022,8.39277867891155,1.52122004204035
926,0.808953872039914,8.43660624110164,1.65440810526283
927,1.08440621590156,8.50223682875347,1.47020217820059
928,1.19080446417941,8.62013076522478,1.63973304872872
929,1.11753942958766,8.38684204679751,1.48362465176799
930,0.911117574312352,8.44902205481288,1.55046651312169
931,0.53644312365578,8.46329405754482,1.33987982653248
932,0.0378266572394454,8.48874957820207,1.34356474564195
933,-0.0664740181098746,8.48427394052914,1.22284992052287
934,0.471170355488842,8.48422105151212,1.16892754832316
935,0.884734841171956,8.46498894256133,1.07323905334337
936,1.13529490428012,8.4182208195697,1.05150697607483
937,1.20739866313517,8.44455355828465,0.962514775605156
938,1.17722682879867,8.47515531335506,0.989444227968733
939,1.03105429504922,8.55131981923402,1.08007764248852
940,0.89621391791375,8.58585213741106,1.19093326672547
941,0.806640075233159,8.58771512876413,1.26666861021223
942,0.857579664296387,8.57793827031495,1.32631325666271
943,0.925585944210234,8.572631501564,1.34923346886958
944,0.978339013710855,8.58864927925314,1.32150162121719
945,1.00711524050303,8.60713272192115,1.28274142999952
946,1.03195761838968,8.67722052783959,1.19160141900897
947,1.07663971296301,8.72949892557317,1.11191539669421
948,1.10305398544719,8.65582010315696,1.06472906848683
949,1.13333571195025,8.56124825166303,0.934330223787972
950,1.13455599942147,8.53804511563907,0.952458301062549
951,1.10844162224135,8.51489458893643,0.857674226301909
952,1.05284722196219,8.54521350002364,0.789129321778507
953,0.98422224801285,8.56332387675523,0.812034245619047
954,0.901995390733242,8.56020090739857,0.80560444774276
955,1.02409850481613,8.54964796352528,0.899836747933083
956,1.05459751486209,8.56064514449644,0.900004830441478
957,1.0681705970908,8.54136355605402,0.982423480153441
958,1.06023853978469,8.5561111536545,1.11817745618234
959,1.04517631859859,8.5794073144622,1.15065802277921
960,0.99486104828883,8.60540068328739,1.22019141975247
961,0.898662401374953,8.59776785932325,1.19600230884514
962,0.747819657380814,8.58216037498926,1.21720407183939
963,0.512736357300976,8.57034455772076,1.28798598314984
964,0.185488566423684,8.53510444045332,1.26236514617016
965,0.708086497557193,8.43503416080914,1.41130220834666
966,1.12333476573888,8.47571737227675,1.58562271603201
967,1.37011601657457,8.50631275400867,1.87938769220141
968,1.40469181974922,8.50749410120267,1.48243612901147
969,1.23904016663059,8.43916962594649,1.36949205451777
970,0.947851776304442,8.44358384223203,1.54411369859568
971,0.397441938430765,8.46774764252314,1.41961841271896
972,-0.414739585837403,8.50697098865325,1.32197091218016
973,0.133190865262631,8.50085822724829,1.1882847191511
974,0.732864069602527,8.50307953492436,1.11547317388427
975,1.05455529590975,8.4700468008913,1.01490544645243
976,1.22467570446728,8.4310635352529,1.00720393134559
977,1.2411915053507,8.45246067698165,0.933526456316787
978,1.1642727869931,8.51466525153657,0.997960568100712
979,1.01746824697518,8.55600848681148,1.10685854102839
980,0.92033617671465,8.58995725299924,1.22012950729561
981,0.91211872302262,8.58496959064003,1.29498434068774
982,0.967548493487346,8.57539883323872,1.33104613898465
983,1.02421711497099,8.58244446239222,1.33966473736731
984,1.05947075383059,8.59025542792568,1.36264515907757
985,1.07318811265555,8.60592893178145,1.26605977880255
986,1.07835451376674,8.64681398816982,1.24541023615763
987,1.09370983953094,8.71344117715525,1.10007475173246
988,1.08286863407546,8.6908057442214,1.05651990859466
989,1.08348028717985,8.59455859346331,0.927158470069412
990,1.06465195396674,8.55542868636499,0.863812642906651
991,1.04740114264082,8.52982297110146,0.820139029551403
992,1.00010991665643,8.54121283903806,0.818180107298406
993,1.01211345476847,8.53227789476484,0.802962299880217
994,1.03471042450388,8.53857851376094,0.881638401629836
995,1.04610247475296,8.54563026318365,0.893313734703939
996,1.0467923763233,8.55830505640846,1.08482462112442
997,1.04938779396698,8.5604572597751,1.13552682800714
998,1.03239912534827,8.56196925965637,1.19746100237661
999,0.998281835493933,8.60634381635115,1.26896159074654
1000,0.920338007239179,8.58380592714397,1.24953801095026
1001,0.794199753652691,8.57389713861564,1.29934587540627
1002,0.570700917877257,8.56476943718386,1.28579477846243
1003,0.227208565234783,8.53759738188654,1.26446155932596
1004,1.15565625625683,8.53995597879143,1.4505951113876
1005,1.4752191231174,8.43553735580094,1.82754347016342
1006,1.28738620380115,8.4102898465497,1.35316844952094
1007,0.982287509601276,8.47990762014464,1.40059936458173
1008,0.461080183074086,8.48571152072918,1.4106287608661
1009,0.153845560844414,8.52111316487997,1.31345475618856
1010,0.62320056001907,8.4962788573114,1.16677026671884
1011,0.97646396389313,8.48927671817828,1.08600381855162
1012,1.18318062651549,8.47827949387913,0.978056508808189
1013,1.2623553089782,8.50579141174102,0.973849787730775
1014,1.15632762207714,8.58471254386626,0.973830556990534
1015,1.05374147962897,8.66121534007705,1.09224641746629
1016,0.998080177896374,8.62484616793775,1.19264337770194
1017,1.00434660373328,8.61028092770025,1.25871448959338
1018,1.04011729066612,8.58705762508484,1.2853965631204
1019,1.07004588228069,8.58083237407764,1.28962569213847
1020,1.08398017656155,8.59992772168094,1.30153512751926
1021,1.08473104670831,8.60550306646538,1.22955640191485
1022,1.070439215508,8.62844090124572,1.220340519709
1023,1.05084804085951,8.63861369281832,1.12343909964549
1024,1.0088389462075,8.65420632592762,1.08842545765612
1025,0.984975816445453,8.59685480414032,0.948044803958769
1026,0.959188906151524,8.59612854663593,0.857155924665422
1027,0.955935204019135,8.57790230006897,0.870749239783462
1028,0.930647098752278,8.57139780786906,0.778925732056596
1029,0.905202302702091,8.54874332545896,0.778969514548244
1030,0.846241679455587,8.57285938428287,0.803031270702762
1031,1.05577804321574,8.5162109977308,0.846083264469645
1032,1.04797061840282,8.51176313304495,0.848530486068406
1033,1.04637012761611,8.5379965236379,1.03056061839402
1034,1.04369539161878,8.53867291921206,1.09546939013596
1035,1.04992056706544,8.56370946508213,1.21115843348627
1036,1.04988184590819,8.58626730059205,1.33125022766521
1037,1.05644469873751,8.58385866658191,1.32466295283449
1038,1.0357415166955,8.58971513121356,1.3172617672833
1039,0.947695405422804,8.56260753748214,1.29646305203286
1040,0.716048505579066,8.53395999257784,1.2147569679923
1041,0.989322407939489,8.52076349822225,1.33391980492179
1042,1.45987283048088,8.44530103961945,1.46737669240283
1043,1.3292554417486,8.4063998105465,1.50662529944706
1044,1.083184904527,8.42655743713353,1.37148461300856
1045,0.780582409158748,8.48108290057659,1.32134304177733
1046,0.633642118224484,8.5243716810995,1.24343772499951
1047,0.880008697315461,8.52009033822217,1.2143608493817
1048,1.09133901565081,8.5039649602153,1.06560062983094
1049,1.20913703351096,8.52781913240037,0.942115820969076
1050,1.22981129333622,8.56699171103565,0.980314485485513
1051,1.20596896757532,8.59725092923559,1.01592355846738
1052,1.12044553039452,8.58235574074088,1.06146076280195
1053,1.08309745860632,8.64162915274196,1.16079923803732
1054,1.06414184264233,8.61220676687283,1.28656325280298
1055,1.0610631861781,8.59517479743166,1.31405591630093
1056,1.05428352476898,8.59183845977458,1.29079099483432
1057,1.05157691760597,8.58663296334753,1.24688514709417
1058,1.04137163769359,8.59093971873197,1.25990868269422
1059,1.01697923908535,8.61283063847712,1.19102987566828
1060,0.971941962124776,8.59069661726526,1.1010743899036
1061,0.905871806351992,8.60826325912208,1.05141474259276
1062,0.863597263530828,8.58793015419367,0.941175514847272
1063,0.842238387305453,8.58423713578941,0.942582270972265
1064,0.863121032794723,8.58948229887813,0.860914188100256
1065,0.873249420778614,8.57178099029646,0.828367589739325
1066,0.884457747714166,8.57335894334956,0.819789570535634
1067,0.931329717882151,8.58978203948924,0.783603705356454
1068,1.08873301733509,8.54577190002655,0.866196081710348
1069,1.10279962822165,8.52530287402365,0.863818130103192
1070,1.07306706826918,8.52995214877419,0.941739759616406
1071,1.05473962034985,8.52858391135327,0.99456256982659
1072,1.05025968808782,8.55861005709272,1.21585435087337
1073,1.06494415903312,8.56115797589047,1.28187864817904
1074,1.08388936739441,8.58513036599289,1.38004869790385
1075,1.12074139337968,8.58485147639334,1.36552716961928
1076,1.14343856345126,8.57153104519291,1.4460744520446
1077,1.12132581686585,8.55845514448444,1.37777219367814
1078,0.923150516370859,8.66535770576148,1.27984066046173
1079,0.464484357453551,8.56088434141761,1.15693798007397
1080,1.27698934493975,8.47626941155063,1.65510361586962
1081,1.36970314473548,8.47218977057105,1.37333887031404
1082,1.33286519823832,8.43045662875027,1.40556789210321
1083,1.20176192092395,8.44943704572182,1.2292904357477
1084,1.02693496729823,8.52422973174171,1.25937032851201
1085,0.955263994025303,8.49818100133766,1.26127542424427
1086,1.03409208652214,8.52482300374721,1.15280547185649
1087,1.14981258707329,8.50316070169695,1.05039113919319
1088,1.19293336950939,8.52368268693614,1.03662335708951
1089,1.1893488944695,8.54524846709529,1.02744700379197
1090,1.18547349793148,8.54292090300114,1.07743062883709
1091,1.18934848107997,8.57106248477063,1.01958823568473
1092,1.18615258409591,8.53458633519201,1.11838433353959
1093,1.16027554207788,8.52801882388719,1.2040547465509
1094,1.1028374943311,8.56104906540572,1.25509339417961
1095,1.04462650267954,8.57565071982867,1.25763159823127
1096,0.98721280588065,8.58830414968528,1.30824848776782
1097,0.966670897845534,8.56380599275932,1.19250155119113
1098,0.944521758482582,8.57507588353961,1.20125069368696
1099,0.916757269310452,8.57739877309407,1.15486508590278
1100,0.86167003421781,8.57977667606707,1.15776594597807
1101,0.817291990325841,8.57252110172194,1.04319320141003
1102,0.795582325125471,8.60060950643325,1.03075827100333
1103,0.80711801838029,8.57107285056922,0.939099118100866
1104,0.853248438109366,8.58411499547148,0.912155030573259
1105,0.884840886566766,8.57379639851268,0.89118622052207
1106,0.914719321404246,8.57079659399648,0.848748864903476
1107,0.911279157598466,8.59948960972821,0.820822913400063
1108,0.949999637473395,8.63036464669961,0.863330097360376
1109,1.01225914224081,8.59905507131671,0.864142177376091
1110,1.0896390502293,8.56942718637099,0.890913561944298
1111,1.13527392752417,8.54456581785554,0.895821785046529
1112,1.13688543051946,8.5365402975321,0.965530728669828
1113,1.11147691381367,8.5319336876494,0.985361862117689
1114,1.08190530678053,8.54483591447773,1.15024847935003
1115,1.07364067565329,8.54874269630935,1.20402820666204
1116,1.0826678357306,8.56646005476335,1.35414912603716
1117,1.11936290105129,8.57277089874429,1.37454310236708
1118,1.16995629459826,8.57291267269935,1.34955376338898
1119,1.21989543517214,8.5606187673616,1.41895171603257
1120,1.23904902713796,8.5566152629843,1.36228072294767
1121,1.14555982089132,8.54181539101684,1.3358533786957
1122,0.979472301118971,8.48293976331645,1.55494128721669
1123,1.3452852289126,8.41003651337892,1.3065229527344
1124,1.31505850870309,8.42510046399128,1.09919082927709
1125,1.221403109239,8.50907716035691,1.16053531952757
1126,1.15799810342352,8.44366273282614,1.15124522527809
1127,1.15184958701658,8.48400535766443,1.08183025535695
1128,1.17771597883999,8.4877512614973,1.11437140822298
1129,1.14595444846316,8.49443862759785,1.05485070984389
1130,1.10247095211052,8.54732306015552,1.10549935303605
1131,1.10801066025068,8.54280808665637,1.12769208688201
1132,1.15866428274393,8.53072850600105,1.08827151756217
1133,1.20997273520234,8.48608796947966,1.15154319223488
1134,1.18591234095222,8.48899095853882,1.18298257734439
1135,1.10279082613278,8.52891111818734,1.21623736884561
1136,0.985051009825683,8.55840432850131,1.28252151774514
1137,0.869052464965706,8.57512159271214,1.25502429160364
1138,0.799189532002944,8.56883728218105,1.21586572912959
1139,0.74491815661593,8.56923962780363,1.17222791968928
1140,0.729391303762447,8.56150476953185,1.13746073473485
1141,0.718909191921692,8.56433501588747,1.15017766976762
1142,0.740825050168165,8.5450025656035,1.04136311451663
1143,0.778456564992126,8.5680466922988,1.04366123801076
1144,0.840396540440127,8.57733812541631,1.01169559078612
1145,0.908828904751575,8.57702055905242,0.981320646995135
1146,0.94827060911521,8.56791759996455,0.952546332241848
1147,0.957792632057555,8.57457072306109,0.919081572705756
1148,0.941299014019242,8.64261218944887,0.933357565858805
1149,0.974881818070126,8.6238405259873,0.930958669181249
1150,1.04492856419591,8.58224643652038,0.882529525186819
1151,1.12350736331536,8.55159172739789,0.982327910399145
1152,1.16766091750055,8.54871498679721,0.998266450286366
1153,1.17010341058786,8.56416714862853,1.10130131899754
1154,1.14222851374177,8.54313551079515,1.11543485434477
1155,1.10763735950463,8.54847116852309,1.24180807818091
1156,1.08892613823181,8.54614089069732,1.25051122126424
1157,1.09665662710619,8.56485468021514,1.33676464098805
1158,1.1366017981917,8.57882536856627,1.32324165373635
1159,1.18749293975345,8.55724741717068,1.39926422223182
1160,1.24283049550586,8.55171809610244,1.37054548118906
1161,1.29927565082038,8.5672444805271,1.37971874813115
1162,1.28344011668564,8.56606435322461,1.3334409717442
1163,1.10476999248594,8.58137991596901,1.28299529295633
1164,1.38291577241706,8.46836332321651,1.2550843467968
1165,1.39359527957272,8.4256621436686,1.02877450162846
1166,1.34880079446424,8.49822281825802,1.0668015695641
1167,1.31870051267181,8.43775643078675,1.10021781730712
1168,1.27837912357815,8.42038305222012,1.17445367178845
1169,1.23293970428185,8.43232476571466,1.09365543582702
1170,1.10917812703087,8.429323872667,1.05853794669435
1171,0.983855890658447,8.49088855548402,1.10194192356577
1172,0.952127063082651,8.52576782861917,1.10823462575628
1173,1.06133789246622,8.5150415894159,1.08309739734007
1174,1.14605405918093,8.49802699216736,1.11817518924632
1175,1.13805859803479,8.49268225206123,1.21250056374474
1176,1.02943886254765,8.5123199256049,1.21287857225862
1177,0.861147061988661,8.55219537219366,1.21685061621139
1178,0.673599583655679,8.57517343708309,1.18782685391272
1179,0.523701404427196,8.58237392085692,1.18001475881178
1180,0.459647774488559,8.5694504607646,1.24535929134396
1181,0.479010105548194,8.58070605076957,1.20959217194044
1182,0.536812645928572,8.58835567162542,1.23270623832104
1183,0.653325676819889,8.56900839172267,1.11462204450086
1184,0.76858759084833,8.56786693532674,1.12230762129944
1185,0.891938948705229,8.58059026716916,1.12935117630945
1186,0.985769525768272,8.57210173357702,1.06794782012324
1187,1.02414950767163,8.59210000647712,1.03019948614965
1188,1.01475187300617,8.61440365075908,1.03919456710676
1189,0.981055417008583,8.62598538724036,1.01692277633075
1190,0.99730851876816,8.6134259824981,0.941709117217729
1191,1.04425054410779,8.59467143608368,0.960013690922259
1192,1.1077900829857,8.61464435951814,1.09875022489654
1193,1.14998867978175,8.5936674566887,1.13912617200572
1194,1.16776910100227,8.57817915343989,1.2347456016637
1195,1.15046967201883,8.5709677339045,1.25155226002169
1196,1.12228219331066,8.56057697673855,1.3114405841123
1197,1.10028346068503,8.57017321925682,1.25899678367842
1198,1.10288768909399,8.58000952238786,1.360716018138
1199,1.13059776118952,8.57312626136567,1.27705287747477
1200,1.17211209965602,8.56137358110411,1.3334669466597
1201,1.2246867510527,8.56163154897193,1.3177252298214
1202,1.28145128199151,8.57129281556146,1.33715218263525
1203,1.27091487832259,8.55280573689604,1.33643841550975
1204,1.09340557884209,8.60586118560641,1.27829435414415
1205,1.43340244779172,8.49977316140616,1.35323468598518
1206,1.41137382009569,8.51091622848045,1.05354867347163
1207,1.38836182515857,8.49357276040489,1.10885768445712
1208,1.3323584281635,8.41542591926909,1.15844089295104
1209,1.21547348082682,8.42249058638791,1.0594005347204
1210,0.98395283598618,8.42682118693042,1.11506333823196
1211,0.717509062999336,8.46549887595284,1.04980147318863
1212,0.618972965250867,8.53117733457078,1.06036263333369
1213,0.794355584645503,8.55529117421398,1.11605473977201
1214,0.956053398353386,8.53211839209509,1.09586368992991
1215,0.977169824209421,8.52564411097773,1.13449689349016
1216,0.876400486554947,8.53386896698686,1.21119722992571
1217,0.653947584698618,8.56184528720459,1.20218873603448
1218,0.366805199873012,8.61952072911018,1.22109308231899
1219,0.0782185125846822,8.64263573725742,1.22573816308243
1220,-0.00328410523123601,8.61716098273445,1.25756768799018
1221,0.114934034405278,8.59799446617827,1.24399520253581
1222,0.35133866295976,8.60021822512971,1.27550390485399
1223,0.602967569635456,8.59992039923256,1.25188724468341
1224,0.803509690512568,8.58017497170134,1.16750556441719
1225,0.960967863358998,8.58329800871419,1.17354150175233
1226,1.05168979545766,8.618944266842,1.15921465476072
1227,1.08511044763069,8.62538342192415,1.12755930070526
1228,1.06108874578352,8.63595675545569,1.10810431252811
1229,1.02337225656752,8.6089691802884,1.03993789801988
1230,1.00698289511341,8.60734634627967,1.01641471809639
1231,1.02407002658201,8.59450791802685,1.10696655499824
1232,1.05942469218939,8.6082481991657,1.15877889187097
1233,1.10522438297358,8.62240510018534,1.1850696490987
1234,1.14046917437459,8.59436451714363,1.32118091900664
1235,1.14427343062021,8.59340097616846,1.31318333381546
1236,1.12725992507492,8.59077296307627,1.35865051588683
1237,1.10423395737796,8.58568130306199,1.28950318639763
1238,1.10048252016646,8.59897103740312,1.32981572295018
1239,1.1063498738636,8.59624112641316,1.26350727251324
1240,1.12201032452785,8.62008514402475,1.27504703829484
1241,1.14976068055229,8.60547612848847,1.28361324467359
1242,1.15997635948521,8.61039548255426,1.34926558276632
1243,1.10273337255365,8.61545582670339,1.2620185164552
1244,1.20768129269267,8.458414916188,1.11761642646094
1245,1.05687368510436,8.42788352959838,1.13297217868673
1246,0.741932772958529,8.46221640943006,1.02887201325006
1247,0.354533693827805,8.49588462628913,0.975100915750516
1248,0.0610595861885228,8.559520670594,0.995681335596741
1249,0.366330754911577,8.59468332144108,1.00499788588142
1250,0.582587138481013,8.63082878652413,1.07789162990463
1251,0.723254204931218,8.55612259558825,1.15346340358955
1252,0.692395110612861,8.53423516856776,1.09651563137913
1253,0.498109332463423,8.56229026238607,1.10790404542086
1254,0.088983552848414,8.60217741262311,1.17082264647589
1255,-0.938045130030007,8.69900239672532,1.24332511754727
1256,-0.494583743850846,8.65998561490863,1.29262650369855
1257,-0.1343282906313,8.62926867997709,1.30761200153154
1258,0.239054549872324,8.63144794622678,1.27645286364817
1259,0.581540161552591,8.6185008707234,1.26937649103063
1260,0.846178958024919,8.60176964698858,1.2898137634089
1261,1.02025340050661,8.5988395522326,1.21632613843111
1262,1.11230332799429,8.59964380106607,1.22913171888516
1263,1.13367384326271,8.62761818152122,1.19562291390502
1264,1.11063385395309,8.6174576878662,1.14829902056249
1265,1.0718813094428,8.61568207704751,1.10893792213688
1266,1.03737969431505,8.59929734280828,1.13138730577629
1267,1.0151628999538,8.61088999276562,1.16398394066726
1268,1.00800527385728,8.62606594290218,1.15350310985823
1269,1.03396382031424,8.63950494684945,1.30668057653042
1270,1.08015854452381,8.62770166782596,1.35901766484118
1271,1.10662203063679,8.60574084199467,1.36431084974719
1272,1.10510416939979,8.60201247011993,1.43024905881195
1273,1.08318649287862,8.5974546796735,1.33420702214687
1274,1.07125236721598,8.6292345188715,1.28113040401854
1275,1.04625325625014,8.64674997453883,1.241268885087
1276,1.02651538380303,8.68118965985217,1.18151897854273
1277,1.01798720403118,8.71550267493221,1.12062786966516
1278,0.681637056885525,8.4629763695862,1.03717498333369
1279,0.204255482758803,8.45477888694978,0.933175484422797
1280,-0.558729782324051,8.50896097001347,0.944642212433418
1281,0.30503150009819,8.69384090554122,1.00943122721362
1282,0.505047833213625,8.58210744512966,1.10759338445048
1283,0.443017667029117,8.52742685513787,1.0241316041333
1284,0.181492311287227,8.62437207387348,1.12235203863664
1285,-0.47103658024233,8.67582330267721,1.19426977089324
1286,-0.962374158941285,8.67774470688466,1.21259843510939
1287,-0.220755657197375,8.69118856345736,1.25203568889865
1288,0.264737421369613,8.63173172645511,1.32034330092183
1289,0.624307793263293,8.63358679305664,1.26164680394793
1290,0.895714221433877,8.61196899671983,1.30623406883588
1291,1.06176255520145,8.60023648428623,1.33175435864564
1292,1.14787228854464,8.58391464593021,1.31295903251788
1293,1.16376971058498,8.60749135962258,1.29756813216003
1294,1.13980897484307,8.58781899327518,1.26705360265436
1295,1.10186579990953,8.59629310971059,1.21214401034695
1296,1.05091140396425,8.61013145167499,1.18024173199587
1297,1.01002388727568,8.59540737546626,1.13996252653598
1298,0.968930948567559,8.65101081801841,1.18959719036787
1299,0.966320980889711,8.63479447986441,1.31422360316226
1300,0.999079680705465,8.67200209862945,1.32300915767225
1301,1.03362091563281,8.64438436977074,1.41997504597703
1302,1.04878831434858,8.63609971407594,1.39224314262537
1303,1.03641159089332,8.66800842505249,1.39505489185573
1304,1.01908681698687,8.65755804037586,1.26757033985206
1305,0.970876216764784,8.66835104175147,1.17808707615336
1306,0.914822698518746,8.69919357449472,1.07337091254339
1307,-0.373992750526266,8.52183901999415,0.937331302959355
1308,0.484593463395474,8.54985755091673,1.01708584259534
1309,0.431691602309236,8.58584568295043,0.958459357403923
1310,0.24975491845839,8.65434040142824,1.10367266965275
1311,0.169909845465846,8.63709527568129,1.2119035072232
1312,0.31557525892041,8.74064359691622,1.23365658629798
1313,0.481099653199798,8.67587557827848,1.25314459660655
1314,0.686890649169193,8.63975525092517,1.32766522634237
1315,0.91545124228619,8.61523146444871,1.36624515162826
1316,1.06585759343313,8.58534148490591,1.36975007707073
1317,1.15553748007937,8.58031143712218,1.3662237687008
1318,1.1630879355159,8.57698290756999,1.32430435059081
1319,1.1400163964928,8.5780947808844,1.28884471262566
1320,1.09668199109934,8.58170432493432,1.24596250187234
1321,1.04591770314296,8.5929928133422,1.19316122123585
1322,0.998738895146816,8.64127056235347,1.17034082920274
1323,0.957621814522254,8.68987853249149,1.23972755233995
1324,0.931448490948573,8.6662169822997,1.28086178420288
1325,0.942262166709024,8.61762495117343,1.29311243927159
1326,0.960285805070511,8.63304423536164,1.39257580054971
1327,0.987819720209203,8.63008268011633,1.37142259548156
1328,0.989735347372129,8.64282633356437,1.37291234938681
1329,0.984543445648819,8.64080667491253,1.21372900074006
1330,0.948931760732756,8.64051113079135,1.14184216934232
1331,0.902110088617379,8.6837741958452,1.05970951284592
1332,-0.373992750526266,8.53733904598597,1.20917543984578
1333,-0.35892178047343,8.55073172533161,0.846799589730566
1334,-0.0578917848094489,8.42080291386998,0.909644850798348
1335,-0.0578917848094489,8.47800904977014,0.906081535254662
1336,0.279292760350843,8.5689265762483,0.818259088928558
1337,0.390400632554428,8.61681537271612,0.940893330914902
1338,0.540032297656957,8.68480539941371,1.04206506267034
1339,0.678895058166388,8.66461812324884,1.22584610932727
1340,0.744056933867873,8.62704416748721,1.32317262173389
1341,0.888799761940232,8.59152551317595,1.33549646663096
1342,1.01384969040003,8.57382834253823,1.37504971649085
1343,1.10293047258463,8.56320443860489,1.38119377079745
1344,1.11847893609281,8.58273645437232,1.40829396318498
1345,1.09947390575627,8.57652092533537,1.3772939036899
1346,1.0571439031054,8.57588281245266,1.33684844774883
1347,1.0135554589067,8.59160812099365,1.30827731824706
1348,0.978817933986289,8.60677601940942,1.27558822453072
1349,0.961270957923218,8.6602589271162,1.28121829442506
1350,0.950318878351596,8.62499646839029,1.23553637662583
1351,0.94461586010732,8.61210437319375,1.32993105931813
1352,0.938713162457832,8.60178571228214,1.32521526263039
1353,0.953678249471135,8.60425074384252,1.27514710831918
1354,0.969395983194762,8.60424684601473,1.28677729109933
1355,0.973989848218963,8.6165849978134,1.20403272443527
1356,0.967676770856449,8.67472993871946,1.22793890488987
1357,-0.35892178047343,8.55851728337892,0.782135784532794
1358,-0.0578917848094489,8.37795706747236,0.83620951684483
1359,0.188671702152994,8.67253035904821,0.803646267694341
1360,0.880502146322041,8.62307583225873,1.06837941499245
1361,0.865020860021672,8.63946646759012,1.15836279595804
1362,0.799947937793312,8.57784505286495,1.22199135306589
1363,0.836481085669451,8.57426154362779,1.31335997746748
1364,0.931337204300621,8.57811157851789,1.36090890213001
1365,1.01960278842604,8.57226358224462,1.41325854763349
1366,1.05122096885142,8.58640718241488,1.43229599079143
1367,1.04315536393446,8.59436967233321,1.39532461079766
1368,1.00184767734494,8.57645849236927,1.37951513833025
1369,0.969239649988604,8.5723787809184,1.35299547926498
1370,0.955781418378783,8.57273570873365,1.31699818754794
1371,0.986561194918182,8.59851726149338,1.33494483863499
1372,1.01092475030315,8.58942205837043,1.26566585125562
1373,1.0244456248677,8.56183393077973,1.31443143065899
1374,1.01256551439198,8.54567397232106,1.27559258618865
1375,1.0010834135026,8.55546712288993,1.288796636909
1376,0.992000282204062,8.57489354644234,1.21750856495636
1377,0.964059139707931,8.61842556811341,1.25211503236199
1378,0.945266718371936,8.64058968358502,1.17909003214329
1379,0.924496616448326,8.67394983230739,1.10510893838009
1380,1.00749788121876,8.5657971100589,1.05586005912818
1381,1.03691582574429,8.52311929734218,1.1098443707507
1382,0.900116678948096,8.53322251668811,1.16339817643113
1383,0.813547694570497,8.5544114784611,1.24334271382005
1384,0.843291194770621,8.55702098571366,1.30484016190843
1385,0.909903061327546,8.56465901466376,1.35316841061377
1386,0.961880260657717,8.57054184096772,1.39418039036984
1387,0.968350245269003,8.58486847896363,1.4171409615379
1388,0.940657707642261,8.58529883545979,1.48382999653411
1389,0.919340828572689,8.56554733995295,1.45402461789463
1390,0.922205853302357,8.56278267238686,1.42441297918294
1391,0.993970456226301,8.55143194966253,1.38052087732445
1392,1.07248974535606,8.54363610106651,1.30219271569322
1393,1.12517522789716,8.51875607189405,1.33339364318268
1394,1.10396866328864,8.52797099308555,1.26302008855538
1395,1.04502985429969,8.52780037338028,1.23110749014307
1396,0.941521747450161,8.58356607490677,1.27272623146359
1397,0.836921667523236,8.60316280364713,1.18321274478862
1398,0.741090905814541,8.53505832546529,1.04820089529321
1399,0.743793768052391,8.56800216932367,1.13431286251871
1400,0.812026402996492,8.59016147276679,1.11098115054502
1401,0.739346962807764,8.56607513133113,1.07555892386253
1402,0.782988512345575,8.57917900355172,0.856225631958968
1403,1.05667372266313,8.52099008956717,0.976758036380322
1404,1.16707330749724,8.53684017509068,1.06041921073433
1405,1.07680442602748,8.52238510337768,1.09609335461754
1406,0.928087871861101,8.52185553285005,1.22561094681224
1407,0.800200321795961,8.54551906742017,1.2420675098982
1408,0.795259290719469,8.55520661104859,1.35528392981338
1409,0.83901460872701,8.55327170652138,1.37576750383944
1410,0.86321159488948,8.57002010212381,1.43872223355597
1411,0.839923881037265,8.57933257628294,1.42719185782208
1412,0.826890730086714,8.56305856749524,1.44232587431167
1413,0.853461840062795,8.5424529693492,1.39691378221967
1414,0.966941444005984,8.5320403016794,1.37203139106878
1415,1.07575538738669,8.51459147228612,1.37505912805943
1416,1.15198216836728,8.51021276354055,1.34203280617918
1417,1.13220513393754,8.52184294951525,1.4230176273458
1418,1.02852729715971,8.5363912413314,1.34799347010638
1419,0.821695887312973,8.55745634684521,1.24380620825621
1420,0.572307723346411,8.54266385560642,1.17323928781753
1421,0.354977971562871,8.5515330989725,1.15822933699591
1422,0.452417970546876,8.54005368590961,1.07134474997083
1423,0.669035255385092,8.58019225816335,1.02696686696423
1424,0.673394003073149,8.51009445063048,0.95241363698638
1425,0.484190774948506,8.49736468515942,0.83720977692398
1426,0.693760091891152,8.52314653570913,0.779962383105075
1427,1.06539163052393,8.55906519983925,0.986519291432249
1428,1.2448312636119,8.52857876882001,1.00906062605383
1429,1.21016087781215,8.57126043220643,1.08731807382707
1430,1.07298517958562,8.55916570939773,1.15516055438263
1431,0.885721357737469,8.5201691401069,1.1822321069323
1432,0.757297785610594,8.58070799121539,1.29704203064663
1433,0.734873309717523,8.54843519077916,1.34178457232118
1434,0.749534142878333,8.60148790640775,1.40290176498052
1435,0.731307283514142,8.58030154611486,1.46864027962458
1436,0.732164978253851,8.5486047681873,1.43257741031417
1437,0.780211609604294,8.5239315387972,1.43990261011001
1438,0.91757134663317,8.49940762137587,1.43698208742941
1439,1.03995827719758,8.51123653363532,1.43191052506227
1440,1.12183579873905,8.52459289937714,1.46226743519814
1441,1.10185953929031,8.53364575995117,1.42773404891859
1442,0.952758831854264,8.5348288627682,1.37660303427178
1443,0.616269763593851,8.54176209835471,1.27624136974888
1444,0.0381900232223402,8.55537960186126,1.17062596881033
1445,-0.489616369448014,8.55631924322869,1.14235063715588
1446,0.330679964608306,8.56732972002607,1.05591410896572
1447,0.690171439536086,8.54926127478137,0.958558883674479
1448,0.800543880185404,8.48961033844807,0.900464724329075
1449,0.647381695007332,8.47057882054128,0.870866873578244
1450,1.07844812291199,8.51268052227677,0.841412986106877
1451,1.29691222979339,8.51946180242733,0.996429711236368
1452,1.32127355686395,8.54975417790841,1.04455832432648
1453,1.22109160904009,8.56449525598385,1.1151278114984
1454,1.03597228712177,8.54372224403997,1.13966215695886
1455,0.874469918123156,8.58812227624164,1.18670544965887
1456,0.7592932552963,8.60037511986885,1.31836287630392
1457,0.788208217818663,8.60318863650731,1.32594022929082
1458,0.79930207702497,8.58688801958612,1.40082857714789
1459,0.797960859724359,8.53887379573124,1.37331055709702
1460,0.815980716536456,8.51631317202699,1.38930753456487
1461,0.899742617073492,8.5037357823124,1.40150443198408
1462,0.98805283834838,8.51311411918987,1.4211646486473
1463,1.0454439164865,8.52272220775946,1.42714546314867
1464,1.04849910787991,8.52687160993619,1.39626239364632
1465,0.912719608109411,8.52846369559505,1.33384210666896
1466,0.611290097445376,8.5594857353582,1.34118561784925
1467,-0.0970944742437005,8.56849881783989,1.25205380545691
1468,-0.209269942104342,8.56510918420533,1.14314869143572
1469,0.560793773125805,8.55945279949289,1.02914419474653
1470,0.906238824007388,8.52645209541615,0.930454149261343
1471,1.05856110067822,8.4353175900981,0.890652480913983
1472,0.925506415580605,8.40629710365584,0.860570509506659
1473,-0.0707277543909599,8.61458440259627,0.794303909345211
1474,1.35193278436428,8.55218188100737,0.934644849691062
1475,1.27589496618326,8.56126625386838,0.999280284364973
1476,1.16456841800456,8.6742683468948,1.07685491590139
1477,1.04594970825526,8.68807391493751,1.17532607600082
1478,0.947066141611911,8.66802870887622,1.28197661737003
1479,0.978126545932599,8.58448453165744,1.24883496361523
1480,1.05852265535821,8.54869693270066,1.32075566499465
1481,1.04823135757529,8.52627219975269,1.36548000842938
1482,1.00733069582747,8.51987390089119,1.29261743803375
1483,0.936869834384112,8.51688533803882,1.33121208096762
1484,0.970097053750759,8.51497346672587,1.37647414924085
1485,1.01276659282418,8.53518516128708,1.39294431204377
1486,1.04576091832649,8.53534302525179,1.38130587591931
1487,0.987216240974299,8.53831277347993,1.34013344527193
1488,0.781714494919168,8.55161284450909,1.27054250682709
1489,0.348366105528191,8.58202066082708,1.20762940981595
1490,-0.128965607503769,8.58322791886094,1.13021454534736
1491,0.601184445874306,8.53401291351272,1.00053454951467
1492,0.919679156181464,8.48882843965012,0.933717566719009
1493,1.04579262687098,8.42573357679922,0.881696011781769
1494,0.884427729325427,8.41799824197961,0.836682361786462
1495,-0.0707277543909599,8.59686920079387,0.932526800128896
1496,0.769250372160596,8.54753672452396,0.986194370170982
1497,1.19108983766986,8.49482548240389,1.00555031495787
1498,1.3028882836091,8.54567859137709,0.897008070809742
1499,1.25587634223795,8.53523875531301,0.930924464712925
1500,1.20009893399238,8.55498612628573,0.998801025950462
1501,1.15431922520716,8.56410234272033,1.06299662484577
1502,1.18959370873764,8.54534500835346,1.15787433758343
1503,1.2673741507835,8.49527191990253,1.16362433015244
1504,1.22675295538901,8.50051542672249,1.1804521280502
1505,1.10564367753829,8.51814258111441,1.23901333300981
1506,0.877129708384617,8.52314411546416,1.19223246809358
1507,0.858665803449302,8.51719148862743,1.27917287986443
1508,0.951983161420746,8.54233371487209,1.34779175419489
1509,1.04841517658245,8.52948604868395,1.36036888473877
1510,1.06291932450462,8.52690112447244,1.33503572373378
1511,0.899526053028455,8.58815027236611,1.29584244841005
1512,0.563596015096872,8.59217561256816,1.25440712858576
1513,-0.0823528228868866,8.62095772815441,1.05471738746101
1514,0.470584407296892,8.5012537610784,0.933987475031871
1515,0.79224466282182,8.46030383883576,0.919892843765782
1516,0.0707334147387784,8.56847491584605,0.925298751198399
1517,0.912443936752446,8.53474148875422,1.03704203024802
1518,1.08011615069566,8.48907017457964,1.1086644841425
1519,1.38162923504921,8.41646335949984,1.14442770703414
1520,1.46135007680937,8.42239074341952,1.09862746090541
1521,1.34115636636193,8.49543484704293,0.974247160067426
1522,1.24343911506671,8.5039197630656,0.969844748841795
1523,1.26722269230094,8.52205954768512,0.891773917567203
1524,1.25649238600927,8.50740519505358,0.926641743512201
1525,1.24859866197482,8.52348101162715,0.963280624104485
1526,1.25285987918519,8.50314399046793,0.991548863580172
1527,1.32332157197114,8.42280626193097,0.971225614840552
1528,1.24335685313444,8.41301229221485,0.967223969382662
1529,1.06998173876741,8.49440445960994,1.0008915370121
1530,0.670822157503175,8.57428760037508,1.07194914416946
1531,0.60751945628739,8.58946461178911,1.1851131990021
1532,0.793259665198388,8.5687545252085,1.30136544340102
1533,0.971737233475377,8.52924839916548,1.26071403674023
1534,1.04042495397425,8.56059091762716,1.24798788841196
1535,0.687694205793206,8.55023269715286,0.992971268251246
1536,1.02906958239771,8.48900636088733,1.05708932837903
1537,1.2080876141127,8.3971700862478,1.15738013148862
1538,1.44653099981723,8.39083816277567,1.19226904525477
1539,1.48030234785297,8.39889398652782,1.15308461775603
1540,1.40538947404969,8.44726417161482,1.06970111349334
1541,1.21282296057164,8.47681730453851,1.00385925715788
1542,1.12795633764586,8.4887543432546,0.982678522739818
1543,1.18988907065154,8.48634532934265,0.977859895393519
1544,1.21298121896459,8.48014091455875,1.01282551737387
1545,1.22671169221872,8.4957228119973,1.03580614786531
1546,1.21480679891706,8.47086427834046,1.04672892752706
1547,1.22275377030781,8.41039670293611,0.899726165945619
1548,1.0818874060349,8.45684384762947,0.847463833670522
1549,0.803680659194906,8.4723397094783,0.813062926062776
1550,0.140100825907494,8.6538585849596,0.898100726412157
1551,-0.0194429168596475,8.62786220106545,1.0150029746794
1552,0.440492832040171,8.62117684092843,1.20047956710804
1553,0.725309643199753,8.57046717245549,1.32635306031015
1554,0.827415332000081,8.57696108615182,1.23767185964724
1555,0.687694205793206,8.439991300182,0.888180997122314
1556,0.993107576556317,8.28879827169284,1.02742731126266
1557,1.14854364636537,8.29835703042202,1.13723828955254
1558,1.34471462610735,8.32866962271962,1.165507841023
1559,1.33021534732271,8.43898830653161,1.13898183245696
1560,1.19519539704486,8.44608667086295,1.06825411997186
1561,0.913477744017686,8.51132386953618,0.980923314817121
1562,0.839088434373764,8.53196173524145,0.975453270171281
1563,0.927217513129282,8.55029712708042,0.971558679509971
1564,0.974389617400374,8.55584524934039,0.981761618844869
1565,0.98993295996907,8.52139702394258,0.938132747916944
1566,0.949326526804041,8.50809184198816,0.938044226502819
1567,0.911460658213222,8.49854962148096,0.912502353931575
1568,0.690582870102663,8.5154239417848,0.909735540186847
1569,0.302864556385366,8.53904330772235,0.810269279705785
1570,0.98929670258336,8.22792899473967,1.025452485044
1571,1.14616123072418,8.35273568689878,1.05171307311049
1572,1.10797454488618,8.53210718536428,1.04598966026726
1573,0.741124486601404,8.54918840571894,1.0031051170067
1574,0.274793940719696,8.55725355811354,0.96608894397425
1575,0.357306837893538,8.6346410664158,0.943871438906919
1576,0.356185923048204,8.57594731960599,0.890957897111187
1577,-0.0295219148807337,8.56172576558243,0.853673458555859
1578,0.679960367367534,8.27385562232311,0.879886315944812
1579,0.735071649430012,8.34748533552362,0.879987730624578
1580,0.557188073881518,8.46667947441771,0.875261226183586
1581,-0.188736430523315,8.57362824574666,0.900040709078796
1582,0.562542984373923,8.37448609833592,0.844380700388188
1583,0.261512988709942,8.41845916572829,0.890799926253812
1584,0.261512988709942,8.45545819350695,0.978690420986074
1585,0.428938274913836,8.36402516195336,1.34327845814215
